source_line_id,excel_row,of,reference,material_type,profile,grade,length_mm,cut_remaining,machine_in_excel,cpis_status,delivery_date,has_minimum_scenario_inputs,notes
mtg2_d92027db24c68fee:plan:11,11,OF252164,5877T169,Calha,40x22x2,,400,18,Serrote Disco pav 1,Fechada,2025-06-06T00:00:00,False,conflito CPIS fechada vs falta corte | qualidade material ausente
mtg2_d92027db24c68fee:plan:12,12,OF252168,5877T228,Perfil U,UPN50x25,S355J2,200,22,Serrote Disco pav 1,Fechada,2025-06-13T00:00:00,True,conflito CPIS fechada vs falta corte
mtg2_d92027db24c68fee:plan:13,13,OF252168,5877T5102,Perfil U,UPN50x25,S355J2,200,22,Serrote Disco pav 1,Fechada,2025-06-13T00:00:00,True,conflito CPIS fechada vs falta corte
mtg2_d92027db24c68fee:plan:14,14,OF252168,5877T41036,Tubo redondo,114.3x6.3,S355J2,3140,22,Serrote Disco pav 1,Fechada,2025-06-13T00:00:00,True,conflito CPIS fechada vs falta corte
mtg2_d92027db24c68fee:plan:15,15,OF252168,5877T208,Calha,40x22x2,S235JR,300,88,Serrote Disco pav 1,Fechada,2025-06-13T00:00:00,True,conflito CPIS fechada vs falta corte
mtg2_d92027db24c68fee:plan:18,18,OF252168,5877T5101,Varão redondo,16,S355J2,1043,22,Serrote Disco pav 1,Fechada,2025-06-13T00:00:00,True,conflito CPIS fechada vs falta corte
mtg2_d92027db24c68fee:plan:19,19,OF252429,2936UP69,Tubo redondo,48.3x3.2,S355JRH,162,2,Serrote Disco pav 1,Fechada,2025-06-06T00:00:00,True,conflito CPIS fechada vs falta corte
mtg2_d92027db24c68fee:plan:20,20,OF252683,4159UTU1,Tubo redondo,76.1x3.2,S275JR,3500,2,Serrote Disco pav 1,Fechada,2025-06-20T00:00:00,True,conflito CPIS fechada vs falta corte
mtg2_d92027db24c68fee:plan:21,21,OF252942,PA1A21A4001,Varão redondo,12,S235JR,200,12,Serrote Disco pav 1,Fechada,2025-06-27T00:00:00,True,conflito CPIS fechada vs falta corte
mtg2_d92027db24c68fee:plan:27,27,OF253333,5877T208,Calha,40x22x2,S235JR,300,40,Serrote Disco pav 1,Fechada,2025-08-22T00:00:00,True,conflito CPIS fechada vs falta corte
mtg2_d92027db24c68fee:plan:28,28,OF253365,5877T208,Calha,40x22x2,S235JR,300,12,Serrote Disco pav 1,Fechada,2025-08-29T00:00:00,True,conflito CPIS fechada vs falta corte
mtg2_d92027db24c68fee:plan:30,30,OF253855,CD04T006,Tubo redondo,42.4x5,S355J2,625,2,Serrote Disco pav 1,Fechada,2025-08-26T00:00:00,True,conflito CPIS fechada vs falta corte
mtg2_d92027db24c68fee:plan:31,31,OF253888,5504T602,Barra,25x25,S355J2,1460,10,,Fechada,2025-09-14T00:00:00,False,conflito CPIS fechada vs falta corte | máquina ausente
mtg2_d92027db24c68fee:plan:35,35,OF254108,3936U031,Tubo quadrado,30x30x3,S275JR,1103,1,Serrote Disco pav 1,Fechada,2025-09-26T00:00:00,True,conflito CPIS fechada vs falta corte
mtg2_d92027db24c68fee:plan:36,36,OF254108,3936U029,Tubo quadrado,30x30x3,S275JR,1449.5,1,Serrote Disco pav 1,Fechada,2025-09-26T00:00:00,True,conflito CPIS fechada vs falta corte
mtg2_d92027db24c68fee:plan:37,37,OF254108,3936U027,Tubo quadrado,30x30x3,S275JR,1589.5,1,Serrote Disco pav 1,Fechada,2025-09-26T00:00:00,True,conflito CPIS fechada vs falta corte
mtg2_d92027db24c68fee:plan:38,38,OF254291,CR1213A4116,Tubo redondo,26.9x2.35,S235JR,890.5,6,Serrote Disco pav 1,Fechada,2025-09-19T00:00:00,True,conflito CPIS fechada vs falta corte
mtg2_d92027db24c68fee:plan:39,39,OF254291,CR1213A4038,Tubo redondo,33.7x2.65,S235JR,1095.5,3,Serrote Disco pav 1,Fechada,2025-09-19T00:00:00,True,conflito CPIS fechada vs falta corte
mtg2_d92027db24c68fee:plan:41,41,OF254595,CA6319A4091,Tubo redondo,33.7x2.6,S235JR,868,9,Serrote Disco pav 1,Fechada,2025-10-03T00:00:00,True,conflito CPIS fechada vs falta corte
mtg2_d92027db24c68fee:plan:42,42,OF254620,CC0P17A4005,Varão roscado,M20,8.8,500,18,Serrote Disco pav 1,Fechada,2025-09-26T00:00:00,True,conflito CPIS fechada vs falta corte
mtg2_d92027db24c68fee:plan:43,43,OF255063,5504T602,Varão quadrado,25x25,S355J2,1460,62,Serrote Fita Thomas IS639 Pav.1,Fechada,2025-12-18T00:00:00,True,conflito CPIS fechada vs falta corte
mtg2_d92027db24c68fee:plan:44,44,OF255064,5504T603,Varão retangular,40x20,S355J2,1460,50,,Fechada,2026-04-30T00:00:00,False,conflito CPIS fechada vs falta corte | máquina ausente
mtg2_d92027db24c68fee:plan:46,46,OF255108,CR1213A4013,Varão redondo,30,S355JR,1200,4,Serrote Disco pav 1,,,False,estado CPIS ausente
mtg2_d92027db24c68fee:plan:48,48,OF255225,3940U026,Tubo quadrado,30x30x3,S275JR,1550,6,Serrote Disco pav 1,Fechada,2025-10-31T00:00:00,True,conflito CPIS fechada vs falta corte
mtg2_d92027db24c68fee:plan:51,51,OF255674,CR0206A4003,Varão redondo,12,S275JR,290,2,,Fechada,2025-12-16T00:00:00,False,conflito CPIS fechada vs falta corte | máquina ausente
mtg2_d92027db24c68fee:plan:52,52,OF255724,CD04T002,Tubo redondo,193.7x6,S355J2,70,3,Serrote Disco pav 1,Fechada,2026-03-27T00:00:00,True,conflito CPIS fechada vs falta corte
mtg2_d92027db24c68fee:plan:53,53,OF255724,CD04T003,Varão redondo,24,S355J2,208,4,Serrote Disco pav 1,Fechada,2026-03-27T00:00:00,True,conflito CPIS fechada vs falta corte
mtg2_d92027db24c68fee:plan:54,54,OF255724,CD04T004,Varão redondo,24,S355J2,695,18,Serrote Disco pav 1,Fechada,2026-03-27T00:00:00,True,conflito CPIS fechada vs falta corte
mtg2_d92027db24c68fee:plan:55,55,OF255724,CD04T007,Tubo quadrado,50x50x3.2,S355J2,460,3,Serrote Disco pav 1,Fechada,2026-03-27T00:00:00,True,conflito CPIS fechada vs falta corte
mtg2_d92027db24c68fee:plan:56,56,OF255724,CD04T520,Chapa,75x45,S355J2,236,24,Serrote Disco pav 1,Fechada,2026-03-27T00:00:00,True,conflito CPIS fechada vs falta corte
mtg2_d92027db24c68fee:plan:57,57,OF255887,H92HA1B18BT,Perfil U,UPN50x25,S355J2,60,8,Serrote Disco pav 1,Fechada,2025-11-06T00:00:00,True,conflito CPIS fechada vs falta corte
mtg2_d92027db24c68fee:plan:68,68,OF256011,TL465-101,Chapa,225x6,S355J2+N,5930,19,Vanguard,Em Produção,2025-11-14T00:00:00,True,
mtg2_d92027db24c68fee:plan:69,69,OF256011,TL465-102,Chapa,225x6,S355J2+N,5820,2,Vanguard,Em Produção,2025-11-14T00:00:00,True,
mtg2_d92027db24c68fee:plan:70,70,OF256011,TL322-203,Chapa,225x6,S355J2+N,5340,1,Vanguard,Em Produção,2025-11-14T00:00:00,True,
mtg2_d92027db24c68fee:plan:71,71,OF256011,TL322-212,Perfil U,UPN280x95,S355J2,3150,1,Vanguard,Em Produção,2025-11-14T00:00:00,True,
mtg2_d92027db24c68fee:plan:72,72,OF256011,TL323-203,Chapa,225x6,S355J2+N,5395,1,Vanguard,Em Produção,2025-11-14T00:00:00,True,
mtg2_d92027db24c68fee:plan:73,73,OF256011,TL323-212,Perfil U,UPN280x95,S355J2,3150,1,Vanguard,Em Produção,2025-11-14T00:00:00,True,
mtg2_d92027db24c68fee:plan:114,114,OF256042,ET0107A4002,Varão nervurado,20,A400NR,240,138,Serrote Disco pav 1,Fechada,2025-12-12T00:00:00,True,conflito CPIS fechada vs falta corte
mtg2_d92027db24c68fee:plan:130,130,OF256044,TAU20869,Perfil U,UPN200x75,S355J2,7991,4,Vanguard,Fechada,2025-12-26T00:00:00,True,conflito CPIS fechada vs falta corte
mtg2_d92027db24c68fee:plan:136,136,OF256045,ET0107A4002,Varão nervurado,20,A400NR,240,772,Serrote Disco pav 1,Fechada,2025-11-21T00:00:00,True,conflito CPIS fechada vs falta corte
mtg2_d92027db24c68fee:plan:6935,6935,OF265941,PR8,Perfil H,HEB320B,S355J2,13450,26,,Em Produção,2026-10-29T00:00:00,False,máquina ausente
mtg2_d92027db24c68fee:plan:183,183,OF256072,CA1012A4075,Varão redondo,10.6,S235JR,239,16,Serrote Disco pav 1,Fechada,2025-12-05T00:00:00,True,conflito CPIS fechada vs falta corte
mtg2_d92027db24c68fee:plan:184,184,OF256072,CA2219A4TU1,Tubo redondo,76.3x3.3,S275JR,6000,8,Serrote Disco pav 1,Fechada,2025-12-05T00:00:00,True,conflito CPIS fechada vs falta corte
mtg2_d92027db24c68fee:plan:186,186,OF256079,H92HN1BBT,Perfil U,UPN50x25,S355J2,1410,6,Serrote Disco pav 1,Fechada,2025-11-18T00:00:00,True,conflito CPIS fechada vs falta corte
mtg2_d92027db24c68fee:plan:205,205,OF256140,1900T034,Tubo redondo,60.3x2.9,S275JR,217,1,Serrote Disco pav 1,Fechada,2025-12-31T00:00:00,True,conflito CPIS fechada vs falta corte
mtg2_d92027db24c68fee:plan:206,206,OF256140,2070Q009,Tubo redondo,114.3x3.6,S275JR,88,2,Serrote Disco pav 1,Fechada,2025-12-31T00:00:00,True,conflito CPIS fechada vs falta corte
mtg2_d92027db24c68fee:plan:207,207,OF256140,2070Q012,Varão redondo,20,S275JR,770,2,Serrote Disco pav 1,Fechada,2025-12-31T00:00:00,True,conflito CPIS fechada vs falta corte
mtg2_d92027db24c68fee:plan:208,208,OF256140,2070Q015,Tubo redondo,60.3x2.9,S275JR,164,2,Serrote Disco pav 1,Fechada,2025-12-31T00:00:00,True,conflito CPIS fechada vs falta corte
mtg2_d92027db24c68fee:plan:209,209,OF256140,2070Q034,Tubo redondo,60.3x2.9,S275JR,119,1,Serrote Disco pav 1,Fechada,2025-12-31T00:00:00,True,conflito CPIS fechada vs falta corte
mtg2_d92027db24c68fee:plan:210,210,OF256140,3940U008,Tubo redondo,60.3x2.9,S275JR,4664,1,Serrote Disco pav 1,Fechada,2025-12-31T00:00:00,True,conflito CPIS fechada vs falta corte
mtg2_d92027db24c68fee:plan:211,211,OF256140,9138U001,Tubo redondo,114.3x3.6,S275JR,6710,2,Serrote Disco pav 1,Fechada,2025-12-31T00:00:00,True,conflito CPIS fechada vs falta corte
mtg2_d92027db24c68fee:plan:212,212,OF256140,9138U002,Tubo redondo,60.3x2.9,S275JR,6710,2,Serrote Disco pav 1,Fechada,2025-12-31T00:00:00,True,conflito CPIS fechada vs falta corte
mtg2_d92027db24c68fee:plan:213,213,OF256140,9138U004,Tubo redondo,114.3x3.6,S275JR,8340,2,Serrote Disco pav 1,Fechada,2025-12-31T00:00:00,True,conflito CPIS fechada vs falta corte
mtg2_d92027db24c68fee:plan:214,214,OF256140,9138U006,Tubo redondo,60.3x2.9,S275JR,8415,1,Serrote Disco pav 1,Fechada,2025-12-31T00:00:00,True,conflito CPIS fechada vs falta corte
mtg2_d92027db24c68fee:plan:215,215,OF256140,9138U009,Tubo redondo,60.3x2.9,S275JR,6000,1,Serrote Disco pav 1,Fechada,2025-12-31T00:00:00,True,conflito CPIS fechada vs falta corte
mtg2_d92027db24c68fee:plan:226,226,OF256152,B057Q510,Varão redondo,10,S275JR,655,5,Serrote Disco pav 1,Fechada,2025-12-05T00:00:00,True,conflito CPIS fechada vs falta corte
mtg2_d92027db24c68fee:plan:227,227,OF256152,CI7712A4002,Tubo redondo,60.3x2.9,S235JR,985,9,Serrote Disco pav 1,Fechada,2025-12-05T00:00:00,True,conflito CPIS fechada vs falta corte
mtg2_d92027db24c68fee:plan:291,291,OF256195,CI0799A4001,Varão redondo,6,S235JR,54,2,Serrote Disco pav 1,Fechada,2025-11-28T00:00:00,True,conflito CPIS fechada vs falta corte
mtg2_d92027db24c68fee:plan:292,292,OF256199,DS37,Varão redondo,20,S235JR,320,9,Serrote Disco pav 1,Fechada,2026-01-09T00:00:00,True,conflito CPIS fechada vs falta corte
mtg2_d92027db24c68fee:plan:298,298,OF256209,9432U004,Tubo retangular,60x40x4,S275JR,4169,3,Serrote Disco pav 1,Fechada,2025-12-05T00:00:00,True,conflito CPIS fechada vs falta corte
mtg2_d92027db24c68fee:plan:303,303,OF256217,5877T1303,Varão quadrado,12x12,S355J2,80,2,Serrote Disco pav 1,Fechada,2025-11-07T00:00:00,True,conflito CPIS fechada vs falta corte
mtg2_d92027db24c68fee:plan:304,304,OF256217,5877T1803,Varão quadrado,12x12,S355J2,80,2,Serrote Disco pav 1,Fechada,2025-11-07T00:00:00,True,conflito CPIS fechada vs falta corte
mtg2_d92027db24c68fee:plan:305,305,OF256217,5877T6103,Varão quadrado,12x12,S355J2,80,2,Serrote Disco pav 1,Fechada,2025-11-07T00:00:00,True,conflito CPIS fechada vs falta corte
mtg2_d92027db24c68fee:plan:317,317,OF256244,D444S004,Tubo redondo,193.7x3.2,S275JR,550,23,Serrote MEBA IS381 Pav 3,Em Produção,2026-09-21T00:00:00,True,
mtg2_d92027db24c68fee:plan:330,330,OF256250,CA1497A4502,Varão redondo,10,S235JR,104,1,Serrote Disco pav 1,Fechada,2026-01-30T00:00:00,True,conflito CPIS fechada vs falta corte
mtg2_d92027db24c68fee:plan:6936,6936,OF265941,PR9,Perfil H,HEB320B,S355J2,13450,26,,Em Produção,2026-10-29T00:00:00,False,máquina ausente
mtg2_d92027db24c68fee:plan:6407,6407,OF265424,2CI59,Perfil I,IPE330,,4430,2,Vanguard,Em Produção,2026-09-04T00:00:00,False,qualidade material ausente
mtg2_d92027db24c68fee:plan:369,369,OF256304,5176N001,Tubo redondo,114.3x6,S355J0,5980,21,Serrote MEBA IS381 Pav 3,Fechada,2026-03-13T00:00:00,True,conflito CPIS fechada vs falta corte
mtg2_d92027db24c68fee:plan:370,370,OF256308,5176N001,Tubo redondo,114.3x3.6,S235JR,5980,42,,Fechada,2026-07-10T00:00:00,False,conflito CPIS fechada vs falta corte | máquina ausente
mtg2_d92027db24c68fee:plan:381,381,OF256313,H92HS11BST,Perfil U,UPN80x45,S355J2,4460,2,Vanguard,Fechada,2025-11-21T00:00:00,True,conflito CPIS fechada vs falta corte
mtg2_d92027db24c68fee:plan:382,382,OF256313,H92HS11T,Perfil U,UPN80x45,S355J2,5162,2,Vanguard,Fechada,2025-11-21T00:00:00,True,conflito CPIS fechada vs falta corte
mtg2_d92027db24c68fee:plan:383,383,OF256313,H92HS12T,Perfil U,UPN80x45,S355J2,2556,2,Vanguard,Fechada,2025-11-21T00:00:00,True,conflito CPIS fechada vs falta corte
mtg2_d92027db24c68fee:plan:384,384,OF256313,H92HS17T,Perfil U,UPN80x45,S355J2,3200,2,Vanguard,Fechada,2025-11-21T00:00:00,True,conflito CPIS fechada vs falta corte
mtg2_d92027db24c68fee:plan:454,454,OF256427,CD04T520,Chapa,75x45,S355J2,236,12,Serrote Disco pav 1,Fechada,2026-01-07T00:00:00,True,conflito CPIS fechada vs falta corte
mtg2_d92027db24c68fee:plan:481,481,OF256468,5877T1203,Varão quadrado,12x12,S355J2,80,2,Serrote Disco pav 1,Fechada,2025-11-28T00:00:00,True,conflito CPIS fechada vs falta corte
mtg2_d92027db24c68fee:plan:493,493,OF256483,5877T1803,Varão quadrado,12x12,S355J2,80,2,Serrote Disco pav 1,Fechada,2025-11-28T00:00:00,True,conflito CPIS fechada vs falta corte
mtg2_d92027db24c68fee:plan:494,494,OF256483,5877T6103,Varão quadrado,12x12,S355J2,80,2,Serrote Disco pav 1,Fechada,2025-11-28T00:00:00,True,conflito CPIS fechada vs falta corte
mtg2_d92027db24c68fee:plan:510,510,OF256500,WA502,Varão redondo,16,S235JR,165,6,Serrote Disco pav 1,Fechada,2025-12-18T00:00:00,True,conflito CPIS fechada vs falta corte
mtg2_d92027db24c68fee:plan:570,570,OF256595,6273U850,Chapa,75x45,S355J2,236,171,Serrote Fita Thomas IS639 Pav.1,Fechada,2026-03-18T00:00:00,True,conflito CPIS fechada vs falta corte
mtg2_d92027db24c68fee:plan:574,574,OF256603,BSBPR129G,Perfil U,UPN120x55,S235JR,2140,2,,Fechada,2025-12-08T00:00:00,False,conflito CPIS fechada vs falta corte | máquina ausente
mtg2_d92027db24c68fee:plan:586,586,OF256628,WC1,Chapa,470x3,S235JR,900,4,,Fechada,2025-12-15T00:00:00,False,conflito CPIS fechada vs falta corte | máquina ausente
mtg2_d92027db24c68fee:plan:587,587,OF256628,W1,Chapa,470x3,S235JR,2050,4,,Fechada,2025-12-15T00:00:00,False,conflito CPIS fechada vs falta corte | máquina ausente
mtg2_d92027db24c68fee:plan:588,588,OF256628,WC2,Chapa,470x3,S235JR,1950,2,,Fechada,2025-12-15T00:00:00,False,conflito CPIS fechada vs falta corte | máquina ausente
mtg2_d92027db24c68fee:plan:589,589,OF256628,WC3,Chapa,470x3,S235JR,850,2,,Fechada,2025-12-15T00:00:00,False,conflito CPIS fechada vs falta corte | máquina ausente
mtg2_d92027db24c68fee:plan:590,590,OF256628,DC1,Chapa,418x2,S235JR,1950,2,,Fechada,2025-12-15T00:00:00,False,conflito CPIS fechada vs falta corte | máquina ausente
mtg2_d92027db24c68fee:plan:591,591,OF256628,DC2,Chapa,418x2,S235JR,2050,4,,Fechada,2025-12-15T00:00:00,False,conflito CPIS fechada vs falta corte | máquina ausente
mtg2_d92027db24c68fee:plan:592,592,OF256628,DC04,Chapa,418x2,S235JR,900,4,,Fechada,2025-12-15T00:00:00,False,conflito CPIS fechada vs falta corte | máquina ausente
mtg2_d92027db24c68fee:plan:593,593,OF256628,DC09,Chapa,418x2,S235JR,850,2,,Fechada,2025-12-15T00:00:00,False,conflito CPIS fechada vs falta corte | máquina ausente
mtg2_d92027db24c68fee:plan:609,609,OF256666,6273U850,Chapa,75x45,S355J2,236,158,,Fechada,2026-04-27T00:00:00,False,conflito CPIS fechada vs falta corte | máquina ausente
mtg2_d92027db24c68fee:plan:655,655,OF256698,EI32S001,Varão redondo,20,S275JR,225,2,Serrote Disco pav 1,Fechada,2026-01-22T00:00:00,True,conflito CPIS fechada vs falta corte
mtg2_d92027db24c68fee:plan:656,656,OF256698,EI32SC01,Calha,20x10x1,S275JR,690,1,Serrote Disco pav 1,Fechada,2026-01-22T00:00:00,True,conflito CPIS fechada vs falta corte
mtg2_d92027db24c68fee:plan:657,657,OF256698,EI32SC02,Calha,20x10x1,S275JR,390,7,Serrote Disco pav 1,Fechada,2026-01-22T00:00:00,True,conflito CPIS fechada vs falta corte
mtg2_d92027db24c68fee:plan:748,748,OF256804,ZG-4001,Cantoneira,250x250x35,S355J2,4500,8,Vanguard,Em Produção,2026-08-31T00:00:00,True,
mtg2_d92027db24c68fee:plan:749,749,OF256804,ZG-4002,Cantoneira,250x250x35,S355J2,200,52,Vanguard,Em Produção,2026-08-31T00:00:00,True,
mtg2_d92027db24c68fee:plan:6408,6408,OF265424,2CI60,Perfil I,IPE330,,4430,3,Vanguard,Em Produção,2026-09-04T00:00:00,False,qualidade material ausente
mtg2_d92027db24c68fee:plan:6937,6937,OF265882,6708V001,Perfil U,UPN120x55,S355JR,120,19,,Em Produção,2026-10-30T00:00:00,False,máquina ausente
mtg2_d92027db24c68fee:plan:800,800,OF256914,5877T1203,Varão quadrado,12x12,S355J2,80,2,,Fechada,2025-12-12T00:00:00,False,conflito CPIS fechada vs falta corte | máquina ausente
mtg2_d92027db24c68fee:plan:836,836,OF256941,ET0107A4002,Varão nervurado,20,A400NR,240,568,Serrote Disco pav 1,Fechada,2025-12-26T00:00:00,True,conflito CPIS fechada vs falta corte
mtg2_d92027db24c68fee:plan:897,897,OF257045,POS10,Tubo quadrado,40x40x3.2,S355J2H,1200,4,Serrote Disco pav 1,Fechada,2026-02-06T00:00:00,True,conflito CPIS fechada vs falta corte
mtg2_d92027db24c68fee:plan:6938,6938,OF265882,CA2023A4010,Varão redondo,8,S275JR,203,1,,Em Produção,2026-10-30T00:00:00,False,máquina ausente
mtg2_d92027db24c68fee:plan:947,947,OF257084,9579U009,Tubo redondo,88.9x3.2,S235JR,3000,3,Serrote Disco pav 1,Fechada,2026-01-30T00:00:00,True,conflito CPIS fechada vs falta corte
mtg2_d92027db24c68fee:plan:970,970,OF257106,EXPOS1.9,Varão redondo,20,S355J2+N,423,32,Serrote Disco pav 1,Fechada,2026-02-06T00:00:00,True,conflito CPIS fechada vs falta corte
mtg2_d92027db24c68fee:plan:971,971,OF257106,EXPOS2.12,Varão redondo,20,S355J2+N,423,24,Serrote Disco pav 1,Fechada,2026-02-06T00:00:00,True,conflito CPIS fechada vs falta corte
mtg2_d92027db24c68fee:plan:972,972,OF257106,EXPOS5.4,Varão redondo,20,S355J2+N,423,11,Serrote Disco pav 1,Fechada,2026-02-06T00:00:00,True,conflito CPIS fechada vs falta corte
mtg2_d92027db24c68fee:plan:994,994,OF257121,CCAB24A4101,Tubo redondo,48.3x2.9,S235JR,112,10,Serrote Fita Thomas IS639 Pav.1,Fechada,2026-02-13T00:00:00,True,conflito CPIS fechada vs falta corte
mtg2_d92027db24c68fee:plan:995,995,OF257121,CIB125A4001,Tubo redondo,76.1x5,S235JRH,210,20,Serrote Fita Thomas IS639 Pav.1,Fechada,2026-02-13T00:00:00,True,conflito CPIS fechada vs falta corte
mtg2_d92027db24c68fee:plan:996,996,OF257121,CIB125A4002,Tubo redondo,76.1x5,S235JRH,210,40,Serrote Fita Thomas IS639 Pav.1,Fechada,2026-02-13T00:00:00,True,conflito CPIS fechada vs falta corte
mtg2_d92027db24c68fee:plan:997,997,OF257121,CCAB23A4605,Tubo redondo,101.6x3.25,S235JR,96,60,Serrote Fita Thomas IS639 Pav.1,Fechada,2026-02-13T00:00:00,True,conflito CPIS fechada vs falta corte
mtg2_d92027db24c68fee:plan:998,998,OF257121,CCAB24A4104,Tubo redondo,127x4,S275JR,250,10,Serrote Fita Thomas IS639 Pav.1,Fechada,2026-02-13T00:00:00,True,conflito CPIS fechada vs falta corte
mtg2_d92027db24c68fee:plan:999,999,OF257121,CCAB24A4602,Tubo redondo,139.7x5,S235JRH,145,20,Serrote Fita Thomas IS639 Pav.1,Fechada,2026-02-13T00:00:00,True,conflito CPIS fechada vs falta corte
mtg2_d92027db24c68fee:plan:1036,1036,OF257141,5877T6422,Tubo redondo,114.3x6.3,S355J2,1354,1,Serrote Disco pav 1,Fechada,2025-12-23T00:00:00,True,conflito CPIS fechada vs falta corte
mtg2_d92027db24c68fee:plan:1059,1059,OF257150,CD04T520,Chapa,75x45,S355J2,236,8,Serrote Disco pav 1,Fechada,2026-02-18T00:00:00,True,conflito CPIS fechada vs falta corte
mtg2_d92027db24c68fee:plan:1063,1063,OF257151,CD04T005,Varão redondo,12,S355J2,284,3,Serrote Disco pav 1,Fechada,2026-02-11T00:00:00,True,conflito CPIS fechada vs falta corte
mtg2_d92027db24c68fee:plan:1064,1064,OF257151,CD04T005,Varão redondo,12,S355J2,284,3,Serrote Disco pav 1,Fechada,2026-02-11T00:00:00,True,conflito CPIS fechada vs falta corte
mtg2_d92027db24c68fee:plan:1072,1072,OF257156,PA2312A4001,Tubo redondo,18x2,S235JR,80,2,Serrote Disco pav 1,Fechada,2025-12-17T00:00:00,True,conflito CPIS fechada vs falta corte
mtg2_d92027db24c68fee:plan:1073,1073,OF257156,PRR2,Varão roscado,M10,S235JR,42,1,Serrote Disco pav 1,Fechada,2025-12-17T00:00:00,True,conflito CPIS fechada vs falta corte
mtg2_d92027db24c68fee:plan:6409,6409,OF265424,2CI61,Perfil I,IPE330,,4280,11,Vanguard,Em Produção,2026-09-04T00:00:00,False,qualidade material ausente
mtg2_d92027db24c68fee:plan:1108,1108,OF257250,D444S588,Barra,80x20,S355JR,2000,2,Serrote Disco pav 1,Fechada,2026-01-14T00:00:00,True,conflito CPIS fechada vs falta corte
mtg2_d92027db24c68fee:plan:1187,1187,OF257358,PR400,Tubo redondo,273x6.3,S355J2H,4578,14,Serrote MEBA IS381 Pav 3,Fechada,2026-03-20T00:00:00,True,conflito CPIS fechada vs falta corte
mtg2_d92027db24c68fee:plan:1235,1235,OF257374,5826PP112,Varão redondo,30,S355J2,440,2,Serrote Disco pav 1,Fechada,2026-03-20T00:00:00,True,conflito CPIS fechada vs falta corte
mtg2_d92027db24c68fee:plan:1236,1236,OF257374,5826PP152,Varão redondo,30,S355J2,2377,1,Serrote Disco pav 1,Fechada,2026-03-20T00:00:00,True,conflito CPIS fechada vs falta corte
mtg2_d92027db24c68fee:plan:1238,1238,OF257391,D444S573,Barra,80x8,S355JR,1200,26,,Em Produção,2026-08-28T00:00:00,False,máquina ausente
mtg2_d92027db24c68fee:plan:1240,1240,OF257397,D444S574,Barra,80x12,S355JR,1200,4,,Fechada,2026-06-15T00:00:00,False,conflito CPIS fechada vs falta corte | máquina ausente
mtg2_d92027db24c68fee:plan:1271,1271,OF257406,BM32-301,Tubo redondo,114.3x10,S355J2,2649,2,,Fechada,2026-02-27T00:00:00,False,conflito CPIS fechada vs falta corte | máquina ausente
mtg2_d92027db24c68fee:plan:1289,1289,OF257410,BM-609,Varão redondo,12,AISI316,186,2,Serrote Fita Thomas IS639 Pav.1,Fechada,2026-02-27T00:00:00,True,conflito CPIS fechada vs falta corte
mtg2_d92027db24c68fee:plan:1290,1290,OF257410,BM-619,Varão roscado,M12,A4,300,40,Serrote Fita Thomas IS639 Pav.1,Fechada,2026-02-27T00:00:00,True,conflito CPIS fechada vs falta corte
mtg2_d92027db24c68fee:plan:1291,1291,OF257410,BM32-300,Tubo redondo,168x10,S355J2,1696,4,,Fechada,2026-02-27T00:00:00,False,conflito CPIS fechada vs falta corte | máquina ausente
mtg2_d92027db24c68fee:plan:1342,1342,OF257502,CI7712A4002,Tubo redondo,60.3x2.9,S235JR,125,43,Serrote Fita Thomas IS639 Pav.1,Fechada,2026-05-15T00:00:00,True,conflito CPIS fechada vs falta corte
mtg2_d92027db24c68fee:plan:1348,1348,OF257505,1882U001,Perfil U,UPN80x45,S275JR,533,4,Serrote Fita Thomas IS639 Pav.1,Fechada,2026-01-23T00:00:00,True,conflito CPIS fechada vs falta corte
mtg2_d92027db24c68fee:plan:1354,1354,OF257523,0641S010,Calha,20x10x1,,1050,2,,Fechada,2026-02-13T00:00:00,False,conflito CPIS fechada vs falta corte | máquina ausente | qualidade material ausente
mtg2_d92027db24c68fee:plan:1412,1412,OF260005,B994U001,Tubo redondo,88.9x3.25,S235JR,300,100,Serrote Fita Thomas IS639 Pav.1,Fechada,2026-01-30T00:00:00,True,conflito CPIS fechada vs falta corte
mtg2_d92027db24c68fee:plan:1413,1413,OF260005,B994U002,Tubo redondo,88.9x3.25,S235JR,360,100,Serrote Fita Thomas IS639 Pav.1,Fechada,2026-01-30T00:00:00,True,conflito CPIS fechada vs falta corte
mtg2_d92027db24c68fee:plan:1416,1416,OF260013,CIB718A4004,Tubo redondo,60.3x4,S355JR,1425,45,,Fechada,2026-02-27T00:00:00,False,conflito CPIS fechada vs falta corte | máquina ausente
mtg2_d92027db24c68fee:plan:1427,1427,OF260056,9598M600,Varão redondo,41,S235JR,10,1,Serrote Fita Thomas IS639 Pav.1,Fechada,2026-02-06T00:00:00,True,conflito CPIS fechada vs falta corte
mtg2_d92027db24c68fee:plan:1482,1482,OF260139,CS0203A4006,Tubo redondo,48.3x2.9,S235JR,3150,3,Serrote Disco pav 1,Fechada,2026-03-13T00:00:00,True,conflito CPIS fechada vs falta corte
mtg2_d92027db24c68fee:plan:1510,1510,OF260143,3125P004,Tubo quadrado,40x40x3,S275JR,1222,4,Serrote Disco pav 1,Fechada,2026-02-27T00:00:00,True,conflito CPIS fechada vs falta corte
mtg2_d92027db24c68fee:plan:1511,1511,OF260143,3125P032,Varão redondo,20,S235JR,410,27,Serrote Disco pav 1,Fechada,2026-02-27T00:00:00,True,conflito CPIS fechada vs falta corte
mtg2_d92027db24c68fee:plan:1512,1512,OF260143,B823U020,Tubo quadrado,30x30x3,S275JR,760,2,Serrote Disco pav 1,Fechada,2026-02-27T00:00:00,True,conflito CPIS fechada vs falta corte
mtg2_d92027db24c68fee:plan:1513,1513,OF260143,B823U025,Tubo quadrado,30x30x3,S275JR,1260,4,Serrote Disco pav 1,Fechada,2026-02-27T00:00:00,True,conflito CPIS fechada vs falta corte
mtg2_d92027db24c68fee:plan:1590,1590,OF260237,CI3525A4J01,Tubo redondo,140x3,S275JR,1650,5,Serrote MEBA IS381 Pav 3,Fechada,2026-03-06T00:00:00,True,conflito CPIS fechada vs falta corte
mtg2_d92027db24c68fee:plan:6410,6410,OF265424,2CI62,Perfil I,IPE330,,4430,3,Vanguard,Em Produção,2026-09-04T00:00:00,False,qualidade material ausente
mtg2_d92027db24c68fee:plan:1653,1653,OF260263,CC0111A4613,Calha,20x10x1,,550,10,Serrote Fita Thomas IS639 Pav.1,Fechada,2026-03-27T00:00:00,False,conflito CPIS fechada vs falta corte | qualidade material ausente
mtg2_d92027db24c68fee:plan:1654,1654,OF260265,B681U510,Tubo redondo,177.8x4,S275J0,400,40,Serrote Fita Thomas IS639 Pav.1,Fechada,2026-03-27T00:00:00,True,conflito CPIS fechada vs falta corte
mtg2_d92027db24c68fee:plan:1655,1655,OF260265,CC0111A4613,Calha,20x10x1,,550,40,Serrote Fita Thomas IS639 Pav.1,Fechada,2026-03-27T00:00:00,False,conflito CPIS fechada vs falta corte | qualidade material ausente
mtg2_d92027db24c68fee:plan:1662,1662,OF260271,2244U411,Varão roscado,M24,8.8,250,4,Serrote Disco pav 1,Fechada,2026-02-25T00:00:00,True,conflito CPIS fechada vs falta corte
mtg2_d92027db24c68fee:plan:1668,1668,OF260278,9935S001,Tubo redondo,60.3x2.9,S235JR,2496,3,Serrote Fita Thomas IS639 Pav.1,Fechada,2026-02-13T00:00:00,True,conflito CPIS fechada vs falta corte
mtg2_d92027db24c68fee:plan:1682,1682,OF260282,CA1012A4028,Varão redondo,10,S275JR,277,1,Serrote Disco pav 1,Fechada,2026-03-06T00:00:00,True,conflito CPIS fechada vs falta corte
mtg2_d92027db24c68fee:plan:1731,1731,OF260327,PLT_VR1,Varão redondo,12,S275JR,213,40,Serrote Fita Thomas IS639 Pav.1,Fechada,2026-02-12T00:00:00,True,conflito CPIS fechada vs falta corte
mtg2_d92027db24c68fee:plan:1752,1752,OF260339,CI7712A4002,Tubo redondo,60.3x2.9,S235JR,120,2,,Fechada,2026-03-13T00:00:00,False,conflito CPIS fechada vs falta corte | máquina ausente
mtg2_d92027db24c68fee:plan:1764,1764,OF260348,CD04T520,Chapa,75x45,S355J2,236,8,Serrote Disco pav 1,Fechada,2026-02-27T00:00:00,True,conflito CPIS fechada vs falta corte
mtg2_d92027db24c68fee:plan:1779,1779,OF260378,DM0816A4051,Tubo redondo,40x4,S275JR,248,1,Serrote Disco pav 1,Fechada,2026-03-27T00:00:00,True,conflito CPIS fechada vs falta corte
mtg2_d92027db24c68fee:plan:1804,1804,OF260448,CI7712A4002,Tubo redondo,60.3x2.9,S235JR,120,5,,Fechada,2026-03-06T00:00:00,False,conflito CPIS fechada vs falta corte | máquina ausente
mtg2_d92027db24c68fee:plan:1807,1807,OF260449,CI7712A4002,Tubo redondo,60.3x2.9,S235JR,120,25,,Fechada,2026-03-06T00:00:00,False,conflito CPIS fechada vs falta corte | máquina ausente
mtg2_d92027db24c68fee:plan:6411,6411,OF265424,2CI63,Perfil I,IPE330,,4430,5,Vanguard,Em Produção,2026-09-04T00:00:00,False,qualidade material ausente
mtg2_d92027db24c68fee:plan:1818,1818,OF260455,CC0P17A4005,Varão roscado,M20,8.8,450,24,Serrote Disco pav 1,Fechada,2026-03-13T00:00:00,True,conflito CPIS fechada vs falta corte
mtg2_d92027db24c68fee:plan:6412,6412,OF265424,2CI64,Perfil I,IPE330,,4480,2,Vanguard,Em Produção,2026-09-04T00:00:00,False,qualidade material ausente
mtg2_d92027db24c68fee:plan:1837,1837,OF260471,CI7712A4002,Tubo redondo,60.3x2.9,S235JR,120,5,,Fechada,2026-03-06T00:00:00,False,conflito CPIS fechada vs falta corte | máquina ausente
mtg2_d92027db24c68fee:plan:1877,1877,OF260496,PR_R2,Varão roscado,M10,A2/70,42,2,Serrote Disco pav 1,Fechada,2026-03-13T00:00:00,True,conflito CPIS fechada vs falta corte
mtg2_d92027db24c68fee:plan:1951,1951,OF260535,CI7712A4002,Tubo redondo,60.3x2.9,S235JR,125,1,Serrote Fita Thomas IS639 Pav.1,Fechada,2026-03-13T00:00:00,True,conflito CPIS fechada vs falta corte
mtg2_d92027db24c68fee:plan:1974,1974,OF260555,PR_R2,Varão roscado,M10,A2/70,42,4,Serrote Disco pav 1,Fechada,2026-03-06T00:00:00,True,conflito CPIS fechada vs falta corte
mtg2_d92027db24c68fee:plan:1979,1979,OF260574,CIB218A4EK2,Tubo redondo,60x3,S235JR,1500,37,Serrote Fita Thomas IS639 Pav.1,Fechada,2026-02-13T00:00:00,True,conflito CPIS fechada vs falta corte
mtg2_d92027db24c68fee:plan:1982,1982,OF260579,4891S020,Tubo redondo,76x3.25,S275JR,223,95,Serrote Fita Thomas IS639 Pav.1,Fechada,2026-04-27T00:00:00,True,conflito CPIS fechada vs falta corte
mtg2_d92027db24c68fee:plan:1988,1988,OF260579,4891S012,Tubo redondo,110x3,S275JR,50,120,Serrote Fita Thomas IS639 Pav.1,Fechada,2026-04-27T00:00:00,True,conflito CPIS fechada vs falta corte
mtg2_d92027db24c68fee:plan:2002,2002,OF260599,CI7712A4002,Tubo redondo,60.3x2.9,S235JR,1030,22,Serrote Fita Thomas IS639 Pav.1,Fechada,2026-03-06T00:00:00,True,conflito CPIS fechada vs falta corte
mtg2_d92027db24c68fee:plan:2003,2003,OF260599,CI7712A4002,Tubo redondo,60.3x2.9,S235JR,580,2,Serrote Fita Thomas IS639 Pav.1,Fechada,2026-03-06T00:00:00,True,conflito CPIS fechada vs falta corte
mtg2_d92027db24c68fee:plan:2020,2020,OF260615,0134V003,Tubo redondo,60.3x2.9,S235JR,1002,3,Serrote Disco pav 1,Fechada,2026-03-06T00:00:00,True,conflito CPIS fechada vs falta corte
mtg2_d92027db24c68fee:plan:2021,2021,OF260615,0134V001,Tubo quadrado,100x100x4,S235JR,730,8,Serrote Disco pav 1,Fechada,2026-03-06T00:00:00,True,conflito CPIS fechada vs falta corte
mtg2_d92027db24c68fee:plan:2028,2028,OF260629,0386V003,Varão redondo,10,S235JR,89,1,Serrote Fita Thomas IS639 Pav.1,Fechada,2026-03-06T00:00:00,True,conflito CPIS fechada vs falta corte
mtg2_d92027db24c68fee:plan:2037,2037,OF260633,CA4A19A4001,Varão roscado,M10,S235JR,42,2,Serrote Disco pav 1,Fechada,2026-03-20T00:00:00,True,conflito CPIS fechada vs falta corte
mtg2_d92027db24c68fee:plan:2043,2043,OF260640,CD04T520,Chapa,75x45,S355J2,236,8,Serrote Disco pav 1,Fechada,2026-03-04T00:00:00,True,conflito CPIS fechada vs falta corte
mtg2_d92027db24c68fee:plan:2050,2050,OF260653,CI0799A4001,Varão redondo,6,S235JR,54,2,Serrote Disco pav 1,Fechada,2026-03-13T00:00:00,True,conflito CPIS fechada vs falta corte
mtg2_d92027db24c68fee:plan:2051,2051,OF260659,DS37,Varão redondo,20,S235JR,320,6,,Fechada,2026-02-06T00:00:00,False,conflito CPIS fechada vs falta corte | máquina ausente
mtg2_d92027db24c68fee:plan:2052,2052,OF260661,CS58,Varão redondo,20,S275JR,330,72,,Fechada,2026-02-06T00:00:00,False,conflito CPIS fechada vs falta corte | máquina ausente
mtg2_d92027db24c68fee:plan:2056,2056,OF260670,CI2314A4J02,Tubo redondo,60x3,S275JR,1760,14,Serrote MEBA IS381 Pav 3,Fechada,2026-03-13T00:00:00,True,conflito CPIS fechada vs falta corte
mtg2_d92027db24c68fee:plan:2066,2066,OF260684,CI0714A4J01,Tubo redondo,114x3,S275JR,7000,1,Serrote Fita Thomas IS639 Pav.1,Fechada,2026-03-13T00:00:00,True,conflito CPIS fechada vs falta corte
mtg2_d92027db24c68fee:plan:2067,2067,OF260684,CI7812A4002,Tubo redondo,76.1x3.25,S235JR,105,1,Serrote Fita Thomas IS639 Pav.1,Fechada,2026-03-13T00:00:00,True,conflito CPIS fechada vs falta corte
mtg2_d92027db24c68fee:plan:2120,2120,OF260755,M80-619,Cantoneira,250x250x28,S355J2,3772,4,,Em Produção,2026-03-31T00:00:00,False,máquina ausente
mtg2_d92027db24c68fee:plan:2121,2121,OF260755,M80-1,Varão quadrado,40x40,S355J2,230,40,,Em Produção,2026-03-31T00:00:00,False,máquina ausente
mtg2_d92027db24c68fee:plan:2122,2122,OF260755,M80-2,Varão quadrado,40x40,S355J2,160,40,,Em Produção,2026-03-31T00:00:00,False,máquina ausente
mtg2_d92027db24c68fee:plan:2144,2144,OF260786,CI6518A4001,Tubo redondo,76x3,S275JR,3050,1,,Fechada,2026-03-13T00:00:00,False,conflito CPIS fechada vs falta corte | máquina ausente
mtg2_d92027db24c68fee:plan:2145,2145,OF260786,CI6518A4001,Tubo redondo,89x3,S275JR,3050,1,,Fechada,2026-03-13T00:00:00,False,conflito CPIS fechada vs falta corte | máquina ausente
mtg2_d92027db24c68fee:plan:2146,2146,OF260786,CI6518A4001,Tubo redondo,114x3,S275JR,3000,1,,Fechada,2026-03-13T00:00:00,False,conflito CPIS fechada vs falta corte | máquina ausente
mtg2_d92027db24c68fee:plan:2151,2151,OF260791,CI7712A4002,Tubo redondo,60.3x2.9,S235JR,120,60,,Fechada,2026-03-20T00:00:00,False,conflito CPIS fechada vs falta corte | máquina ausente
mtg2_d92027db24c68fee:plan:2152,2152,OF260792,CI7712A4002,Tubo redondo,60.3x2.9,S235JR,125,100,,Fechada,2026-03-20T00:00:00,False,conflito CPIS fechada vs falta corte | máquina ausente
mtg2_d92027db24c68fee:plan:2153,2153,OF260798,CI7712A4002,Tubo redondo,60.3x2.9,S235JR,120,100,,Fechada,2026-03-27T00:00:00,False,conflito CPIS fechada vs falta corte | máquina ausente
mtg2_d92027db24c68fee:plan:2157,2157,OF260801,CI2105A4013,Tubo redondo,60x2.9,S235JR,1385,50,Serrote Fita Thomas IS639 Pav.1,Fechada,2026-03-20T00:00:00,True,conflito CPIS fechada vs falta corte
mtg2_d92027db24c68fee:plan:2163,2163,OF260828,CA1497A4502,Varão redondo,10,S235JR,104,7,,Fechada,2026-03-31T00:00:00,False,conflito CPIS fechada vs falta corte | máquina ausente
mtg2_d92027db24c68fee:plan:2167,2167,OF260846,CA1497A4502,Varão redondo,10,S235JR,104,4,,Fechada,2026-03-31T00:00:00,False,conflito CPIS fechada vs falta corte | máquina ausente
mtg2_d92027db24c68fee:plan:2168,2168,OF260849,CI7712A4002,Tubo redondo,60.3x2.9,S235JR,120,42,,Fechada,2026-03-20T00:00:00,False,conflito CPIS fechada vs falta corte | máquina ausente
mtg2_d92027db24c68fee:plan:2192,2192,OF260858,CC011A4627,Calha,20x10x1,,650,4,Serrote Disco pav 1,Fechada,2026-03-31T00:00:00,False,conflito CPIS fechada vs falta corte | qualidade material ausente
mtg2_d92027db24c68fee:plan:2193,2193,OF260858,CT2517A4056,Varão redondo,12,AISI316,82,4,,Fechada,2026-03-31T00:00:00,False,conflito CPIS fechada vs falta corte | máquina ausente
mtg2_d92027db24c68fee:plan:2210,2210,OF260870,CA2219A4522,Tubo redondo,101.6x4.5,S275JR (S/C),340,6,Serrote Disco pav 1,Fechada,2026-03-20T00:00:00,True,conflito CPIS fechada vs falta corte
mtg2_d92027db24c68fee:plan:2211,2211,OF260870,CA2219A4005,Tubo redondo,101.6x4.5,S275JR (S/C),340,6,Serrote Disco pav 1,Fechada,2026-03-20T00:00:00,True,conflito CPIS fechada vs falta corte
mtg2_d92027db24c68fee:plan:2212,2212,OF260870,CA2219A4014,Tubo redondo,101.6x4.5,S275JR (S/C),340,6,Serrote Disco pav 1,Fechada,2026-03-20T00:00:00,True,conflito CPIS fechada vs falta corte
mtg2_d92027db24c68fee:plan:2213,2213,OF260870,CA2219A4101,Tubo redondo,101.6x4.5,S275JR (S/C),396,3,Serrote Disco pav 1,Fechada,2026-03-20T00:00:00,True,conflito CPIS fechada vs falta corte
mtg2_d92027db24c68fee:plan:2214,2214,OF260870,CA2219A4102,Tubo redondo,101.6x4.5,S275JR (S/C),290,2,Serrote Disco pav 1,Fechada,2026-03-20T00:00:00,True,conflito CPIS fechada vs falta corte
mtg2_d92027db24c68fee:plan:2215,2215,OF260870,CA2219A4103,Tubo redondo,101.6x4.5,S275JR (S/C),270,3,Serrote Disco pav 1,Fechada,2026-03-20T00:00:00,True,conflito CPIS fechada vs falta corte
mtg2_d92027db24c68fee:plan:2216,2216,OF260870,CA2219A4104,Tubo redondo,101.6x4.5,S275JR (S/C),290,3,Serrote Disco pav 1,Fechada,2026-03-20T00:00:00,True,conflito CPIS fechada vs falta corte
mtg2_d92027db24c68fee:plan:2219,2219,OF260883,CA4317A4014,Varão redondo,14,S235JR,380,1,,Fechada,2026-02-20T00:00:00,False,conflito CPIS fechada vs falta corte | máquina ausente
mtg2_d92027db24c68fee:plan:2220,2220,OF260886,CC0111A4628,Calha,20x10x1,,1000,3,,Fechada,2026-04-10T00:00:00,False,conflito CPIS fechada vs falta corte | máquina ausente | qualidade material ausente
mtg2_d92027db24c68fee:plan:2232,2232,OF260900,CI7712A4002,Tubo redondo,60.3x2.9,S235JR,90,34,Serrote Fita Thomas IS639 Pav.1,Fechada,2026-03-20T00:00:00,True,conflito CPIS fechada vs falta corte
mtg2_d92027db24c68fee:plan:2241,2241,OF260901,3939U019,Tubo quadrado,50x50x6,S275JR,120,1,Serrote Disco pav 1,Fechada,2026-02-23T00:00:00,True,conflito CPIS fechada vs falta corte
mtg2_d92027db24c68fee:plan:2244,2244,OF260902,4957M501,Tubo redondo,121x10,S275JR,16,6,,Fechada,2026-04-17T00:00:00,False,conflito CPIS fechada vs falta corte | máquina ausente
mtg2_d92027db24c68fee:plan:2259,2259,OF260937,1104V001,Tubo redondo,76x3,S275JO,4050,7,Serrote MEBA IS381 Pav 3,Fechada,2026-03-20T00:00:00,True,conflito CPIS fechada vs falta corte
mtg2_d92027db24c68fee:plan:2260,2260,OF260938,0641S010,Calha,20x10x1,,1050,2,Serrote Fita Thomas IS639 Pav.1,Fechada,2026-04-02T00:00:00,False,conflito CPIS fechada vs falta corte | qualidade material ausente
mtg2_d92027db24c68fee:plan:2280,2280,OF260997,CI7712A4002,Tubo redondo,60.3x2.9,S235JR,125,9,,Fechada,2026-03-27T00:00:00,False,conflito CPIS fechada vs falta corte | máquina ausente
mtg2_d92027db24c68fee:plan:2289,2289,OF261004,CI7712A4002,Tubo redondo,60.3x2.9,S235JR,120,1,,Fechada,2026-04-03T00:00:00,False,conflito CPIS fechada vs falta corte | máquina ausente
mtg2_d92027db24c68fee:plan:2293,2293,OF261009,CI7712A4002,Tubo redondo,60.3x2.9,S235JR,125,2,,Fechada,2026-03-27T00:00:00,False,conflito CPIS fechada vs falta corte | máquina ausente
mtg2_d92027db24c68fee:plan:2332,2332,OF261055,2587M020,Varão roscado,M10,S235JR,45,1,Serrote Disco pav 1,Fechada,2026-04-02T00:00:00,True,conflito CPIS fechada vs falta corte
mtg2_d92027db24c68fee:plan:2346,2346,OF261079,CC0111A4616,Calha,20x10x1,,965,3,,Fechada,2026-04-24T00:00:00,False,conflito CPIS fechada vs falta corte | máquina ausente | qualidade material ausente
mtg2_d92027db24c68fee:plan:2374,2374,OF261094,CA1012A4066,Perfil U,UPN80x45,S275JR,478,32,Serrote Disco pav 1,Fechada,2026-04-02T00:00:00,True,conflito CPIS fechada vs falta corte
mtg2_d92027db24c68fee:plan:2375,2375,OF261094,CA2219A4145,Tubo redondo,88.9x4,S275JR,918,48,Serrote Disco pav 1,Fechada,2026-04-02T00:00:00,True,conflito CPIS fechada vs falta corte
mtg2_d92027db24c68fee:plan:2376,2376,OF261094,CA2219A4146,Tubo redondo,88.9x4,S275JR,155,48,Serrote Disco pav 1,Fechada,2026-04-02T00:00:00,True,conflito CPIS fechada vs falta corte
mtg2_d92027db24c68fee:plan:2377,2377,OF261094,CA2219A4147,Tubo redondo,101.6x4.5,S275JR (S/C),230,48,Serrote Disco pav 1,Fechada,2026-04-02T00:00:00,True,conflito CPIS fechada vs falta corte
mtg2_d92027db24c68fee:plan:2380,2380,OF261108,CI7712A4002,Tubo redondo,60.3x2.9,S235JR,125,4,,Fechada,2026-03-27T00:00:00,False,conflito CPIS fechada vs falta corte | máquina ausente
mtg2_d92027db24c68fee:plan:2479,2479,OF261263,CS0103A4012,Tubo redondo,70x3,S235JR,260,3,Serrote Disco pav 1,Fechada,2026-04-24T00:00:00,True,conflito CPIS fechada vs falta corte
mtg2_d92027db24c68fee:plan:2480,2480,OF261263,CR0507A4042,Varão roscado,M10,S235JR,42,6,Serrote Disco pav 1,Fechada,2026-04-24T00:00:00,True,conflito CPIS fechada vs falta corte
mtg2_d92027db24c68fee:plan:2548,2548,OF261285,0641S010,Calha,20x10x1,S355J2,1050,10,,Fechada,2026-04-17T00:00:00,False,conflito CPIS fechada vs falta corte | máquina ausente
mtg2_d92027db24c68fee:plan:2554,2554,OF261290,CS0103A4012,Tubo redondo,70x3,S235JR,260,72,Serrote Disco pav 1,Fechada,2026-04-17T00:00:00,True,conflito CPIS fechada vs falta corte
mtg2_d92027db24c68fee:plan:2559,2559,OF261315,CI7712A4002,Tubo redondo,60.3x2.9,S235JR,125,1,,Fechada,2026-04-17T00:00:00,False,conflito CPIS fechada vs falta corte | máquina ausente
mtg2_d92027db24c68fee:plan:2560,2560,OF261316,CI7712A4002,Tubo redondo,60.3x2.9,S235JR,125,2,,Fechada,2026-04-17T00:00:00,False,conflito CPIS fechada vs falta corte | máquina ausente
mtg2_d92027db24c68fee:plan:2561,2561,OF261317,CI7712A4002,Tubo redondo,60.3x2.9,S235JR,125,1,,Fechada,2026-04-17T00:00:00,False,conflito CPIS fechada vs falta corte | máquina ausente
mtg2_d92027db24c68fee:plan:2562,2562,OF261318,CI7712A4002,Tubo redondo,60.3x2.9,S235JR,125,1,,Fechada,2026-04-10T00:00:00,False,conflito CPIS fechada vs falta corte | máquina ausente
mtg2_d92027db24c68fee:plan:2563,2563,OF261319,CI7712A4002,Tubo redondo,60.3x2.9,S235JR,125,2,,Fechada,2026-04-10T00:00:00,False,conflito CPIS fechada vs falta corte | máquina ausente
mtg2_d92027db24c68fee:plan:2564,2564,OF261321,CI7712A4002,Tubo redondo,60.3x2.9,S235JR,125,2,,Fechada,2026-04-10T00:00:00,False,conflito CPIS fechada vs falta corte | máquina ausente
mtg2_d92027db24c68fee:plan:2567,2567,OF261341,CA1497A4502,Varão redondo,10,S235JR,104,3,,Fechada,2026-04-10T00:00:00,False,conflito CPIS fechada vs falta corte | máquina ausente
mtg2_d92027db24c68fee:plan:2571,2571,OF261348,CA1497A4502,Varão redondo,10,S235JR,104,1,Serrote Fita Thomas IS639 Pav.1,Fechada,2026-04-10T00:00:00,True,conflito CPIS fechada vs falta corte
mtg2_d92027db24c68fee:plan:2597,2597,OF261367,4957M501,Tubo redondo,121x16,S275JR,10,12,,Fechada,2026-04-24T00:00:00,False,conflito CPIS fechada vs falta corte | máquina ausente
mtg2_d92027db24c68fee:plan:2598,2598,OF261367,4957M002,Tubo redondo,88.9x3.2,S275JR,120,12,Serrote Fita Thomas IS639 Pav.1,Fechada,2026-04-24T00:00:00,True,conflito CPIS fechada vs falta corte
mtg2_d92027db24c68fee:plan:2599,2599,OF261373,CIC115A4002,Tubo redondo,60.3x2.9,S235JR,1989,1,Serrote Fita Thomas IS639 Pav.1,Fechada,2026-03-27T00:00:00,True,conflito CPIS fechada vs falta corte
mtg2_d92027db24c68fee:plan:2604,2604,OF261375,9756U002,Tubo redondo,60.3x2.9,s235jr,2205,1,Serrote Fita Thomas IS639 Pav.1,Fechada,2026-04-17T00:00:00,True,conflito CPIS fechada vs falta corte
mtg2_d92027db24c68fee:plan:2608,2608,OF261379,CC0111A4602,Chapa,30x1.5,S235JR,52,12,Serrote Fita Thomas IS639 Pav.1,Fechada,2026-04-24T00:00:00,True,conflito CPIS fechada vs falta corte
mtg2_d92027db24c68fee:plan:2609,2609,OF261388,CI7712A4002,Tubo redondo,60.3x2.9,S235JR,125,2,,Fechada,2026-04-17T00:00:00,False,conflito CPIS fechada vs falta corte | máquina ausente
mtg2_d92027db24c68fee:plan:2615,2615,OF261395,2244U101,Tubo redondo,213x17,S355J2,50,6,,,,False,estado CPIS ausente | máquina ausente
mtg2_d92027db24c68fee:plan:2619,2619,OF261398,2244U410,Varão roscado,M24,8.8,400,10,Serrote Disco pav 1,,,False,estado CPIS ausente
mtg2_d92027db24c68fee:plan:2620,2620,OF261398,2244U411,Varão roscado,M24,8.8,250,12,Serrote Disco pav 1,,,False,estado CPIS ausente
mtg2_d92027db24c68fee:plan:2621,2621,OF261398,53010133,Varão redondo,8,S235JR,96,12,Serrote Disco pav 1,,,False,estado CPIS ausente
mtg2_d92027db24c68fee:plan:2632,2632,OF261411,1221L001,Perfil U,UPN140x60,S275JR,600,4,Serrote Fita Thomas IS639 Pav.1,Fechada,2026-03-10T00:00:00,True,conflito CPIS fechada vs falta corte
mtg2_d92027db24c68fee:plan:2633,2633,OF261411,CI7712A4002,Tubo redondo,60.3x2.9,S235JR,100,8,Serrote Fita Thomas IS639 Pav.1,Fechada,2026-03-10T00:00:00,True,conflito CPIS fechada vs falta corte
mtg2_d92027db24c68fee:plan:2634,2634,OF261411,CI7812A4200,Tubo redondo,76.1x3.25,S235JR,427,4,Serrote Fita Thomas IS639 Pav.1,Fechada,2026-03-10T00:00:00,True,conflito CPIS fechada vs falta corte
mtg2_d92027db24c68fee:plan:2643,2643,OF261416,CI7712A4002,Tubo redondo,60.3x2.9,S235JR,125,2,,Fechada,2026-04-10T00:00:00,False,conflito CPIS fechada vs falta corte | máquina ausente
mtg2_d92027db24c68fee:plan:2644,2644,OF261417,4436U020,Tubo redondo,88.9x3.25,S235JR,89,7,Serrote Fita Thomas IS639 Pav.1,Fechada,2026-04-14T00:00:00,True,conflito CPIS fechada vs falta corte
mtg2_d92027db24c68fee:plan:2645,2645,OF261417,CI7812A4002,Tubo redondo,76.1x3.25,S235JR,55,7,Serrote Fita Thomas IS639 Pav.1,Fechada,2026-04-14T00:00:00,True,conflito CPIS fechada vs falta corte
mtg2_d92027db24c68fee:plan:2655,2655,OF261439,CC0111A4618,Tubo redondo,60x2.9,S235JR,110,1,Serrote Fita Thomas IS639 Pav.1,Fechada,2026-04-03T00:00:00,True,conflito CPIS fechada vs falta corte
mtg2_d92027db24c68fee:plan:2666,2666,OF261443,PLT_VR1,Varão redondo,12,S275JR,213,3,Serrote Fita Thomas IS639 Pav.1,Fechada,2026-03-27T00:00:00,True,conflito CPIS fechada vs falta corte
mtg2_d92027db24c68fee:plan:2692,2692,OF261495,0641S010,Calha,20x10x1,,1050,4,,Fechada,2026-04-10T00:00:00,False,conflito CPIS fechada vs falta corte | máquina ausente | qualidade material ausente
mtg2_d92027db24c68fee:plan:2694,2694,OF261500,CI7712A4002,Tubo redondo,60.3x2.9,S235JR,125,2,,Fechada,2026-04-10T00:00:00,False,conflito CPIS fechada vs falta corte | máquina ausente
mtg2_d92027db24c68fee:plan:2696,2696,OF261506,CI7712A4002,Tubo redondo,60.3x2.9,S235JR,125,5,,Fechada,2026-04-17T00:00:00,False,conflito CPIS fechada vs falta corte | máquina ausente
mtg2_d92027db24c68fee:plan:2698,2698,OF261515,CI7712A4002,Tubo redondo,60.3x2.9,S235JR,125,2,,Fechada,2026-04-24T00:00:00,False,conflito CPIS fechada vs falta corte | máquina ausente
mtg2_d92027db24c68fee:plan:2705,2705,OF261521,1283V004,Barra,40x8,S235JR,1008,890,Serrote Fita Thomas IS639 Pav.1,Fechada,2026-04-10T00:00:00,True,conflito CPIS fechada vs falta corte
mtg2_d92027db24c68fee:plan:2727,2727,OF261555,PR_R2,Varão roscado,M10,A2/70,42,14,Serrote Disco pav 1,Fechada,2026-07-24T00:00:00,True,conflito CPIS fechada vs falta corte
mtg2_d92027db24c68fee:plan:2736,2736,OF261555,CA0797A4005,Varão redondo,20,S235JR,455,4,Serrote Disco pav 1,Fechada,2026-07-24T00:00:00,True,conflito CPIS fechada vs falta corte
mtg2_d92027db24c68fee:plan:2742,2742,OF261560,CI7712A4002,Tubo redondo,60.3x2.9,S235JR,125,5,,Fechada,2026-04-17T00:00:00,False,conflito CPIS fechada vs falta corte | máquina ausente
mtg2_d92027db24c68fee:plan:2744,2744,OF261561,CA1497A4502,Varão redondo,10,S235JR,104,3,Serrote Fita Thomas IS639 Pav.1,,,False,estado CPIS ausente
mtg2_d92027db24c68fee:plan:2746,2746,OF261565,CC0111A4618,Tubo redondo,60x2.9,S235JR,110,1,Serrote Fita Thomas IS639 Pav.1,Fechada,2026-04-17T00:00:00,True,conflito CPIS fechada vs falta corte
mtg2_d92027db24c68fee:plan:2758,2758,OF261576,CE0102A4040,Varão redondo,12,S235JR,250,4,Serrote Disco pav 1,Fechada,2026-06-05T00:00:00,True,conflito CPIS fechada vs falta corte
mtg2_d92027db24c68fee:plan:2781,2781,OF261581,CA1497A4502,Varão redondo,10,S235JR,104,1,,Fechada,2026-05-08T00:00:00,False,conflito CPIS fechada vs falta corte | máquina ausente
mtg2_d92027db24c68fee:plan:2785,2785,OF261587,CI6218A4530,Tubo redondo,120x3,S275JR,108,2,Serrote Fita Thomas IS639 Pav.1,Fechada,2026-05-01T00:00:00,True,conflito CPIS fechada vs falta corte
mtg2_d92027db24c68fee:plan:2813,2813,OF261613,B775U000,Varão redondo,15,S235JR,147,4,Serrote Fita Thomas IS639 Pav.1,Fechada,2026-04-10T00:00:00,True,conflito CPIS fechada vs falta corte
mtg2_d92027db24c68fee:plan:2820,2820,OF261615,CIB125A4007,Tubo redondo,60.3x2.9,S235JRH,1490,30,Serrote Fita Thomas IS639 Pav.1,Fechada,2026-04-24T00:00:00,True,conflito CPIS fechada vs falta corte
mtg2_d92027db24c68fee:plan:2836,2836,OF261698,CI7712A4006,Perfil U,UPN65x42,S275JR,2000,2,,Fechada,2026-04-17T00:00:00,False,conflito CPIS fechada vs falta corte | máquina ausente
mtg2_d92027db24c68fee:plan:2865,2865,OF261746,CI7912A4011,Perfil U,UPN140x60,S275JR,500,2,Serrote Fita Thomas IS639 Pav.1,Fechada,2026-04-17T00:00:00,True,conflito CPIS fechada vs falta corte
mtg2_d92027db24c68fee:plan:2882,2882,OF261771,CA2219A4522,Barra,100x10,S275JR,1100,2,,Fechada,2026-04-24T00:00:00,False,conflito CPIS fechada vs falta corte | máquina ausente
mtg2_d92027db24c68fee:plan:2883,2883,OF261771,CA2219A4523,Barra,100x10,S275JR,570,2,,Fechada,2026-04-24T00:00:00,False,conflito CPIS fechada vs falta corte | máquina ausente
mtg2_d92027db24c68fee:plan:2884,2884,OF261771,CA2219A4524,Barra,100x10,S275JR,500,4,,Fechada,2026-04-24T00:00:00,False,conflito CPIS fechada vs falta corte | máquina ausente
mtg2_d92027db24c68fee:plan:2888,2888,OF261771,CA2219A4014,Tubo redondo,101.6x4.5,S275JR (S/C),340,6,Serrote Disco pav 1,Fechada,2026-04-24T00:00:00,True,conflito CPIS fechada vs falta corte
mtg2_d92027db24c68fee:plan:2889,2889,OF261771,CA2219A4015,Tubo redondo,101.6x4.5,S275JR (S/C),340,12,Serrote Disco pav 1,Fechada,2026-04-24T00:00:00,True,conflito CPIS fechada vs falta corte
mtg2_d92027db24c68fee:plan:2890,2890,OF261771,CA2219A4016,Tubo redondo,101.6x4.5,S275JR (S/C),340,3,Serrote Disco pav 1,Fechada,2026-04-24T00:00:00,True,conflito CPIS fechada vs falta corte
mtg2_d92027db24c68fee:plan:2891,2891,OF261771,CA2219A4025,Tubo redondo,101.6x4.5,S275JR (S/C),340,6,Serrote Disco pav 1,Fechada,2026-04-24T00:00:00,True,conflito CPIS fechada vs falta corte
mtg2_d92027db24c68fee:plan:2896,2896,OF261771,CA1012A4003,Varão quadrado,16x16,S275JR,40,28,Serrote Disco pav 1,Fechada,2026-04-24T00:00:00,True,conflito CPIS fechada vs falta corte
mtg2_d92027db24c68fee:plan:2897,2897,OF261771,CA1012A4001,Perfil U,UPN100x50,S275JR,60,36,Serrote Disco pav 1,Fechada,2026-04-24T00:00:00,True,conflito CPIS fechada vs falta corte
mtg2_d92027db24c68fee:plan:2931,2931,OF261827,D1101503,Tubo redondo,193.7x8,S355J0,5987,1,,Fechada,2026-04-03T00:00:00,False,conflito CPIS fechada vs falta corte | máquina ausente
mtg2_d92027db24c68fee:plan:2937,2937,OF261843,5877T1304,Tubo redondo,114.3x6.3,S355J2,5988,5,Serrote MEBA IS381 Pav 3,Fechada,2026-04-08T00:00:00,True,conflito CPIS fechada vs falta corte
mtg2_d92027db24c68fee:plan:2938,2938,OF261843,5877T1404,Tubo redondo,114.3x6.3,S355J2,6488,3,Serrote MEBA IS381 Pav 3,Fechada,2026-04-08T00:00:00,True,conflito CPIS fechada vs falta corte
mtg2_d92027db24c68fee:plan:2939,2939,OF261843,5877T1504,Tubo redondo,114.3x6.3,S355J2,5488,3,Serrote MEBA IS381 Pav 3,Fechada,2026-04-08T00:00:00,True,conflito CPIS fechada vs falta corte
mtg2_d92027db24c68fee:plan:2940,2940,OF261843,5877T1604,Tubo redondo,114.3x6.3,S355J2,4688,3,Serrote MEBA IS381 Pav 3,Fechada,2026-04-08T00:00:00,True,conflito CPIS fechada vs falta corte
mtg2_d92027db24c68fee:plan:2941,2941,OF261843,5877T1704,Tubo redondo,114.3x6.3,S355J2,4688,2,Serrote MEBA IS381 Pav 3,Fechada,2026-04-08T00:00:00,True,conflito CPIS fechada vs falta corte
mtg2_d92027db24c68fee:plan:2944,2944,OF261843,5877T4104,Tubo redondo,114.3x6.3,S355J2,3050,1,Serrote MEBA IS381 Pav 3,Fechada,2026-04-08T00:00:00,True,conflito CPIS fechada vs falta corte
mtg2_d92027db24c68fee:plan:6413,6413,OF265424,2CI65,Perfil I,IPE330,,4480,1,Vanguard,Em Produção,2026-09-04T00:00:00,False,qualidade material ausente
mtg2_d92027db24c68fee:plan:2953,2953,OF261854,2539N002,Tubo redondo,140x3,S275JR,1200,10,Serrote MEBA IS381 Pav 3,Fechada,2026-04-24T00:00:00,True,conflito CPIS fechada vs falta corte
mtg2_d92027db24c68fee:plan:2969,2969,OF261879,CR1213A4020,Perfil U,UPN100x50,S275JR,1500,4,Serrote Disco pav 1,Fechada,2026-05-22T00:00:00,True,conflito CPIS fechada vs falta corte
mtg2_d92027db24c68fee:plan:2970,2970,OF261879,CR1213A4021,Perfil U,UPN100x50,S275JR,1340,8,Serrote Disco pav 1,Fechada,2026-05-22T00:00:00,True,conflito CPIS fechada vs falta corte
mtg2_d92027db24c68fee:plan:2971,2971,OF261879,CR1213A4022,Perfil U,UPN100x50,S275JR,1340,4,Serrote Disco pav 1,Fechada,2026-05-22T00:00:00,True,conflito CPIS fechada vs falta corte
mtg2_d92027db24c68fee:plan:2972,2972,OF261879,CR1213A4023,Perfil U,UPN100x50,S275JR,1340,4,Serrote Disco pav 1,Fechada,2026-05-22T00:00:00,True,conflito CPIS fechada vs falta corte
mtg2_d92027db24c68fee:plan:2983,2983,OF261879,CR1213A4037,Tubo redondo,33.7x2.65,S235JR,423,4,Serrote Disco pav 1,Fechada,2026-05-22T00:00:00,True,conflito CPIS fechada vs falta corte
mtg2_d92027db24c68fee:plan:3022,3022,OF261887,CA2219A4522,Barra,100x10,S275JR,1100,2,,Fechada,2026-04-30T00:00:00,False,conflito CPIS fechada vs falta corte | máquina ausente
mtg2_d92027db24c68fee:plan:3023,3023,OF261887,CA2219A4523,Barra,100x10,S275JR,570,2,,Fechada,2026-04-30T00:00:00,False,conflito CPIS fechada vs falta corte | máquina ausente
mtg2_d92027db24c68fee:plan:3024,3024,OF261887,CA2219A4524,Barra,100x10,S275JR,500,4,,Fechada,2026-04-30T00:00:00,False,conflito CPIS fechada vs falta corte | máquina ausente
mtg2_d92027db24c68fee:plan:3026,3026,OF261887,CA2219A4005,Tubo redondo,101.6x4.5,S275JR,340,6,Serrote Disco pav 1,Fechada,2026-04-30T00:00:00,True,conflito CPIS fechada vs falta corte
mtg2_d92027db24c68fee:plan:3027,3027,OF261887,CA2219A4007,Tubo redondo,101.6x4.5,S275JR,340,6,Serrote Disco pav 1,Fechada,2026-04-30T00:00:00,True,conflito CPIS fechada vs falta corte
mtg2_d92027db24c68fee:plan:3028,3028,OF261887,CA2219A4009,Tubo redondo,101.6x4.5,S275JR,340,6,Serrote Disco pav 1,Fechada,2026-04-30T00:00:00,True,conflito CPIS fechada vs falta corte
mtg2_d92027db24c68fee:plan:3029,3029,OF261887,CA2219A4011,Tubo redondo,101.6x4.5,S275JR,340,6,Serrote Disco pav 1,Fechada,2026-04-30T00:00:00,True,conflito CPIS fechada vs falta corte
mtg2_d92027db24c68fee:plan:3030,3030,OF261887,CA2219A4014,Tubo redondo,101.6x4.5,S275JR,340,6,Serrote Disco pav 1,Fechada,2026-04-30T00:00:00,True,conflito CPIS fechada vs falta corte
mtg2_d92027db24c68fee:plan:3032,3032,OF261887,CA2219A4016,Tubo redondo,101.6x4.5,S275JR,340,2,Serrote Disco pav 1,Fechada,2026-04-30T00:00:00,True,conflito CPIS fechada vs falta corte
mtg2_d92027db24c68fee:plan:3049,3049,OF261899,CI7812A4002,Tubo redondo,76.1x3.25,S235JR,125,5,Serrote Fita Thomas IS639 Pav.1,Fechada,2026-05-08T00:00:00,True,conflito CPIS fechada vs falta corte
mtg2_d92027db24c68fee:plan:3070,3070,OF261930,CA1497A4502,Varão redondo,10,S235JR,104,3,,Fechada,2026-05-08T00:00:00,False,conflito CPIS fechada vs falta corte | máquina ausente
mtg2_d92027db24c68fee:plan:3091,3091,OF261969,M119-2,Varão quadrado,40x40,S355J2,160,48,Serrote Fita Thomas IS639 Pav.1,Fechada,2026-04-20T00:00:00,True,conflito CPIS fechada vs falta corte
mtg2_d92027db24c68fee:plan:3135,3135,OF262007,D212T004,Perfil U,UPN120x55,S275JR,3000,8,,Fechada,2026-05-08T00:00:00,False,conflito CPIS fechada vs falta corte | máquina ausente
mtg2_d92027db24c68fee:plan:3160,3160,OF262013,CI2105A4010,Tubo redondo,60x2.9,S235JR,904,35,Serrote MEBA IS381 Pav 3,Fechada,2026-06-05T00:00:00,True,conflito CPIS fechada vs falta corte
mtg2_d92027db24c68fee:plan:3161,3161,OF262013,CI2105A4013,Tubo redondo,60x2.9,S235JR,1385,25,Serrote MEBA IS381 Pav 3,Fechada,2026-06-05T00:00:00,True,conflito CPIS fechada vs falta corte
mtg2_d92027db24c68fee:plan:3190,3190,OF262072,CT3115A4514,Varão redondo,16,S235JR,142,6,Serrote Disco pav 1,Fechada,2026-05-15T00:00:00,True,conflito CPIS fechada vs falta corte
mtg2_d92027db24c68fee:plan:3194,3194,OF262076,6273U850,Chapa,75x45,S355J2,236,8,Serrote Fita Thomas IS639 Pav.1,Em Produção,2026-05-08T00:00:00,True,
mtg2_d92027db24c68fee:plan:3195,3195,OF262076,6273U850,Chapa,75x45,S355J2,236,8,Serrote Fita Thomas IS639 Pav.1,Em Produção,2026-05-08T00:00:00,True,
mtg2_d92027db24c68fee:plan:3224,3224,OF262101,CA2219A4016,Tubo redondo,101.6x4.5,S275JR (S/C),340,3,Serrote Disco pav 1,Fechada,2026-05-08T00:00:00,True,conflito CPIS fechada vs falta corte
mtg2_d92027db24c68fee:plan:3252,3252,OF262153,1283V006,Tubo retangular,90x40x3,S235JR,170,96,Serrote Fita Thomas IS639 Pav.1,Fechada,2026-05-11T00:00:00,True,conflito CPIS fechada vs falta corte
mtg2_d92027db24c68fee:plan:3258,3258,OF262157,CI5422A4001,Calha,20x10x1,,445,250,,Fechada,2026-05-15T00:00:00,False,conflito CPIS fechada vs falta corte | máquina ausente | qualidade material ausente
mtg2_d92027db24c68fee:plan:3265,3265,OF262175,0641S010,Calha,20x10x1,,1050,20,Serrote Fita Thomas IS639 Pav.1,Fechada,2026-06-05T00:00:00,False,conflito CPIS fechada vs falta corte | qualidade material ausente
mtg2_d92027db24c68fee:plan:3266,3266,OF262175,0641S008,Tubo redondo,76x4,S235JR,150,20,Serrote Fita Thomas IS639 Pav.1,Fechada,2026-06-05T00:00:00,True,conflito CPIS fechada vs falta corte
mtg2_d92027db24c68fee:plan:3339,3339,OF262229,1015V002,Calha,20x10x1,,600,2,Serrote Disco pav 1,Fechada,2026-05-29T00:00:00,False,conflito CPIS fechada vs falta corte | qualidade material ausente
mtg2_d92027db24c68fee:plan:3343,3343,OF262229,CT3115A4514,Varão redondo,16,S235JR,142,6,Serrote Disco pav 1,Fechada,2026-05-29T00:00:00,True,conflito CPIS fechada vs falta corte
mtg2_d92027db24c68fee:plan:3345,3345,OF262232,CA1497A4502,Varão redondo,10,S235JR,104,1,,Fechada,2026-05-22T00:00:00,False,conflito CPIS fechada vs falta corte | máquina ausente
mtg2_d92027db24c68fee:plan:6414,6414,OF265424,2CI66,Perfil I,IPE330,,4480,2,Vanguard,Em Produção,2026-09-04T00:00:00,False,qualidade material ausente
mtg2_d92027db24c68fee:plan:3365,3365,OF262261,CI7712A4002,Tubo redondo,60.3x2.9,S235JR,125,5,,Fechada,2026-05-15T00:00:00,False,conflito CPIS fechada vs falta corte | máquina ausente
mtg2_d92027db24c68fee:plan:3367,3367,OF262262,CI7712A4002,Tubo redondo,60.3x2.9,S235JR,125,1,,Fechada,2026-05-15T00:00:00,False,conflito CPIS fechada vs falta corte | máquina ausente
mtg2_d92027db24c68fee:plan:3400,3400,OF262283,CA2023A4010,Varão redondo,8,S275JR,203,1,Serrote Fita Thomas IS639 Pav.1,Fechada,2026-05-29T00:00:00,True,conflito CPIS fechada vs falta corte
mtg2_d92027db24c68fee:plan:3452,3452,OF262322,5877T301,Calha,40x22x2,,400,5,Serrote Fita Thomas IS639 Pav.1,Fechada,2026-05-29T00:00:00,False,conflito CPIS fechada vs falta corte | qualidade material ausente
mtg2_d92027db24c68fee:plan:3458,3458,OF262322,5877T1603,Varão quadrado,12x12,S355J2,80,16,Serrote Fita Thomas IS639 Pav.1,Fechada,2026-05-29T00:00:00,True,conflito CPIS fechada vs falta corte
mtg2_d92027db24c68fee:plan:3459,3459,OF262322,5877T1703,Varão quadrado,12x12,S355J2,80,16,Serrote Fita Thomas IS639 Pav.1,Fechada,2026-05-29T00:00:00,True,conflito CPIS fechada vs falta corte
mtg2_d92027db24c68fee:plan:3460,3460,OF262322,5877T1803,Varão quadrado,12x12,S355J2,80,12,Serrote Fita Thomas IS639 Pav.1,Fechada,2026-05-29T00:00:00,True,conflito CPIS fechada vs falta corte
mtg2_d92027db24c68fee:plan:3482,3482,OF262344,CA4317A4013,Varão redondo,14,S235JR,391,1,Serrote Disco pav 1,Fechada,2026-05-22T00:00:00,True,conflito CPIS fechada vs falta corte
mtg2_d92027db24c68fee:plan:3503,3503,OF262360,CI7812A4166,Tubo redondo,76x3.25,S235JR,804,1,Serrote Fita Thomas IS639 Pav.1,Fechada,2026-05-08T00:00:00,True,conflito CPIS fechada vs falta corte
mtg2_d92027db24c68fee:plan:3527,3527,OF262363,PA30M35,Tubo redondo,48.3x3,S355JR,1333,1,Serrote MEBA IS381 Pav 3,Fechada,2026-06-05T00:00:00,True,conflito CPIS fechada vs falta corte
mtg2_d92027db24c68fee:plan:3529,3529,OF262363,PA30M37,Tubo redondo,48.3x3,S355JR,1467,1,Serrote MEBA IS381 Pav 3,Fechada,2026-06-05T00:00:00,True,conflito CPIS fechada vs falta corte
mtg2_d92027db24c68fee:plan:3530,3530,OF262363,PA30M47,Tubo redondo,48.3x3,S355JR,1565,1,Serrote MEBA IS381 Pav 3,Fechada,2026-06-05T00:00:00,True,conflito CPIS fechada vs falta corte
mtg2_d92027db24c68fee:plan:3541,3541,OF262371,PA31MPRR2,Varão roscado,M10,A2/70,42,1,Serrote Disco pav 1,Fechada,2026-06-05T00:00:00,True,conflito CPIS fechada vs falta corte
mtg2_d92027db24c68fee:plan:3551,3551,OF262373,CI7712A4130,Tubo redondo,60x3,S235JR,804,2,Serrote Fita Thomas IS639 Pav.1,Fechada,2026-05-22T00:00:00,True,conflito CPIS fechada vs falta corte
mtg2_d92027db24c68fee:plan:3562,3562,OF262383,2644V459,Varão roscado,M20,8.8,731,8,Serrote Disco pav 1,Fechada,2026-05-06T00:00:00,True,conflito CPIS fechada vs falta corte
mtg2_d92027db24c68fee:plan:3563,3563,OF262383,2644V460,Varão roscado,M20,8.8,751,6,Serrote Disco pav 1,Fechada,2026-05-06T00:00:00,True,conflito CPIS fechada vs falta corte
mtg2_d92027db24c68fee:plan:3564,3564,OF262383,2644V461,Varão roscado,M20,8.8,771,12,Serrote Disco pav 1,Fechada,2026-05-06T00:00:00,True,conflito CPIS fechada vs falta corte
mtg2_d92027db24c68fee:plan:3565,3565,OF262383,2644V462,Varão roscado,M20,8.8,791,6,Serrote Disco pav 1,Fechada,2026-05-06T00:00:00,True,conflito CPIS fechada vs falta corte
mtg2_d92027db24c68fee:plan:3566,3566,OF262383,2644V464,Varão roscado,M20,8.8,831,6,Serrote Disco pav 1,Fechada,2026-05-06T00:00:00,True,conflito CPIS fechada vs falta corte
mtg2_d92027db24c68fee:plan:3567,3567,OF262383,2644V465,Varão roscado,M20,8.8,851,6,Serrote Disco pav 1,Fechada,2026-05-06T00:00:00,True,conflito CPIS fechada vs falta corte
mtg2_d92027db24c68fee:plan:3577,3577,OF262408,2434M001,Tubo redondo,26.9x2.65,S275JR,55,7,,Fechada,2026-05-22T00:00:00,False,conflito CPIS fechada vs falta corte | máquina ausente
mtg2_d92027db24c68fee:plan:3619,3619,OF262504,3059V002,Tubo quadrado,40x40x3,S235JR,310,1,Serrote Fita Thomas IS639 Pav.1,Fechada,2026-05-29T00:00:00,True,conflito CPIS fechada vs falta corte
mtg2_d92027db24c68fee:plan:3621,3621,OF262530,CR0106A4005,Varão redondo,12,S235JR,192,4,,Fechada,2026-06-05T00:00:00,False,conflito CPIS fechada vs falta corte | máquina ausente
mtg2_d92027db24c68fee:plan:3678,3678,OF262585,CI7712A4002,Tubo redondo,60.3x2.9,S235JR,125,6,Serrote MEBA IS381 Pav 3,Fechada,2026-05-29T00:00:00,True,conflito CPIS fechada vs falta corte
mtg2_d92027db24c68fee:plan:3690,3690,OF262594,5100T512,Barra,100x16,S355JR,1200,16,,Fechada,2026-06-25T00:00:00,False,conflito CPIS fechada vs falta corte | máquina ausente
mtg2_d92027db24c68fee:plan:3699,3699,OF262609,ZD-0401,Cantoneira,250x250x25,S355J2,6015,2,Vanguard,,,False,estado CPIS ausente
mtg2_d92027db24c68fee:plan:3700,3700,OF262609,ZD-0402,Cantoneira,250x250x25,S355J2,6015,2,Vanguard,,,False,estado CPIS ausente
mtg2_d92027db24c68fee:plan:3701,3701,OF262609,ZD-0501,Cantoneira,250x250x25,S355J2,4979,2,Vanguard,,,False,estado CPIS ausente
mtg2_d92027db24c68fee:plan:3702,3702,OF262609,ZD-0516,Cantoneira,250x250x25,S355J2,4979,2,Vanguard,,,False,estado CPIS ausente
mtg2_d92027db24c68fee:plan:3703,3703,OF262609,ZD-2348,Cantoneira,250x250x28,S355J2,7185,4,Vanguard,,,False,estado CPIS ausente
mtg2_d92027db24c68fee:plan:3704,3704,OF262609,ZD-2349,Cantoneira,250x250x28,S355J2,7185,4,Vanguard,,,False,estado CPIS ausente
mtg2_d92027db24c68fee:plan:3705,3705,OF262609,ZD-2415,Cantoneira,250x250x28,S355J2,4171,4,Vanguard,,,False,estado CPIS ausente
mtg2_d92027db24c68fee:plan:3706,3706,OF262609,ZD-2826,Cantoneira,250x250x28,S355J2,6222,4,Vanguard,,,False,estado CPIS ausente
mtg2_d92027db24c68fee:plan:3710,3710,OF262610,ZD-0401,Cantoneira,250x250x25,S355J2,6015,2,Vanguard,Em Produção,2026-08-27T00:00:00,True,
mtg2_d92027db24c68fee:plan:3711,3711,OF262610,ZD-0402,Cantoneira,250x250x25,S355J2,6015,2,Vanguard,Em Produção,2026-08-27T00:00:00,True,
mtg2_d92027db24c68fee:plan:3712,3712,OF262610,ZD-0501,Cantoneira,250x250x25,S355J2,4979,2,Vanguard,Em Produção,2026-08-27T00:00:00,True,
mtg2_d92027db24c68fee:plan:3713,3713,OF262610,ZD-0516,Cantoneira,250x250x25,S355J2,4979,2,Vanguard,Em Produção,2026-08-27T00:00:00,True,
mtg2_d92027db24c68fee:plan:3714,3714,OF262610,ZD-2029,Cantoneira,250x250x28,S355J2,5038,2,Vanguard,Em Produção,2026-08-27T00:00:00,True,
mtg2_d92027db24c68fee:plan:3715,3715,OF262610,ZD-2030,Cantoneira,250x250x28,S355J2,5038,2,Vanguard,Em Produção,2026-08-27T00:00:00,True,
mtg2_d92027db24c68fee:plan:3716,3716,OF262610,ZD-2923,Cantoneira,250x250x28,S355J2,5196,4,Vanguard,Em Produção,2026-08-27T00:00:00,True,
mtg2_d92027db24c68fee:plan:3717,3717,OF262610,ZD-3032,Cantoneira,250x250x28,S355J2,7247,4,Vanguard,Em Produção,2026-08-27T00:00:00,True,
mtg2_d92027db24c68fee:plan:3723,3723,OF262617,CI7712A4002,Tubo redondo,60.3x2.9,S235JR,95,7,Serrote Fita Thomas IS639 Pav.1,Fechada,2026-05-29T00:00:00,True,conflito CPIS fechada vs falta corte
mtg2_d92027db24c68fee:plan:3735,3735,OF262637,2035V300,Varão redondo,20,S355J2,236,26,Serrote Disco pav 1,Fechada,2026-08-06T00:00:00,True,conflito CPIS fechada vs falta corte
mtg2_d92027db24c68fee:plan:3736,3736,OF262640,CIA217A4003,Tubo redondo,88.9x3,S275JR,115,1,,Fechada,2026-05-15T00:00:00,False,conflito CPIS fechada vs falta corte | máquina ausente
mtg2_d92027db24c68fee:plan:3769,3769,OF262672,24M1402,Cantoneira,250x250x22,S355J2,7001,2,Vanguard,Em Produção,2026-06-05T00:00:00,True,
mtg2_d92027db24c68fee:plan:3770,3770,OF262672,24M1403,Cantoneira,250x250x22,S355J2,7001,1,Vanguard,Em Produção,2026-06-05T00:00:00,True,
mtg2_d92027db24c68fee:plan:3772,3772,OF262672,24M2501,Cantoneira,250x250x24,S355J2,6000,2,Vanguard,Em Produção,2026-06-05T00:00:00,True,
mtg2_d92027db24c68fee:plan:3773,3773,OF262672,24M2502,Cantoneira,250x250x24,S355J2,6000,2,Vanguard,Em Produção,2026-06-05T00:00:00,True,
mtg2_d92027db24c68fee:plan:3818,3818,OF262705,CA1497A4502,Varão redondo,10,S235JR,104,1,,Fechada,2026-06-12T00:00:00,False,conflito CPIS fechada vs falta corte | máquina ausente
mtg2_d92027db24c68fee:plan:3820,3820,OF262724,ZF-1901,Cantoneira,250x250x35,S355J2,3285,4,Vanguard,Em Produção,2026-08-13T00:00:00,True,
mtg2_d92027db24c68fee:plan:3821,3821,OF262724,ZF-2845,Cantoneira,250x250x35,S355J2,4321,4,Vanguard,Em Produção,2026-08-13T00:00:00,True,
mtg2_d92027db24c68fee:plan:3822,3822,OF262724,ZF-2846,Cantoneira,250x250x35,S355J2,4888,4,Vanguard,Em Produção,2026-08-13T00:00:00,True,
mtg2_d92027db24c68fee:plan:3827,3827,OF262732,CI7712A4126,Tubo redondo,60x3,S235JR,804,2,Serrote Fita Thomas IS639 Pav.1,Fechada,2026-05-29T00:00:00,True,conflito CPIS fechada vs falta corte
mtg2_d92027db24c68fee:plan:3842,3842,OF262750,ZG-401,Cantoneira,250x250x28,S355J2,6357,2,Vanguard,Em Produção,2026-08-13T00:00:00,True,
mtg2_d92027db24c68fee:plan:3843,3843,OF262750,ZG-402,Cantoneira,250x250x28,S355J2,6357,2,Vanguard,Em Produção,2026-08-13T00:00:00,True,
mtg2_d92027db24c68fee:plan:3844,3844,OF262750,ZF-2223,Cantoneira,250x250x35,S355J2,6086,4,Vanguard,Em Produção,2026-08-13T00:00:00,True,
mtg2_d92027db24c68fee:plan:3845,3845,OF262750,ZG-501,Cantoneira,250x250x35,S355J2,5687,2,Vanguard,Em Produção,2026-08-13T00:00:00,True,
mtg2_d92027db24c68fee:plan:3846,3846,OF262750,ZG-502,Cantoneira,250x250x35,S355J2,5687,2,Vanguard,Em Produção,2026-08-13T00:00:00,True,
mtg2_d92027db24c68fee:plan:3847,3847,OF262750,ZG-601,Cantoneira,250x250x35,S355J2,4740,2,Vanguard,Em Produção,2026-08-13T00:00:00,True,
mtg2_d92027db24c68fee:plan:3848,3848,OF262750,ZG-602,Cantoneira,250x250x35,S355J2,4740,2,Vanguard,Em Produção,2026-08-13T00:00:00,True,
mtg2_d92027db24c68fee:plan:3870,3870,OF262784,CC0111A4625,Calha,20x10x1,,500,6,,Fechada,2026-05-29T00:00:00,False,conflito CPIS fechada vs falta corte | máquina ausente | qualidade material ausente
mtg2_d92027db24c68fee:plan:3871,3871,OF262786,3165V001,Perfil I,IPN100,S355JR,2625,4,Serrote Disco pav 1,Fechada,2026-05-18T00:00:00,True,conflito CPIS fechada vs falta corte
mtg2_d92027db24c68fee:plan:3883,3883,OF262790,CA6319A4061,Perfil U,UPN80x45,S275JR,1110,2,Serrote Disco pav 1,Fechada,2026-05-29T00:00:00,True,conflito CPIS fechada vs falta corte
mtg2_d92027db24c68fee:plan:3886,3886,OF262790,CA6319A4064,Perfil U,UPN65x42,S275JR,553,2,Serrote Disco pav 1,Fechada,2026-05-29T00:00:00,True,conflito CPIS fechada vs falta corte
mtg2_d92027db24c68fee:plan:3899,3899,OF262792,CC0111A4613,Calha,20x10x1,,550,3,,Fechada,2026-06-05T00:00:00,False,conflito CPIS fechada vs falta corte | máquina ausente | qualidade material ausente
mtg2_d92027db24c68fee:plan:3922,3922,OF262815,CI7615A4001,Tubo redondo,60.3x3.2,S235JR,145,7,Serrote Fita Thomas IS639 Pav.1,Fechada,2026-05-29T00:00:00,True,conflito CPIS fechada vs falta corte
mtg2_d92027db24c68fee:plan:3927,3927,OF262820,1234T121,Perfil U,UPN80x45,S355J2,346,39,Vanguard,Fechada,2026-05-22T00:00:00,True,conflito CPIS fechada vs falta corte
mtg2_d92027db24c68fee:plan:3941,3941,OF262827,CC0111A4616,Calha,20x10x1,S275JR,965,5,Serrote Fita Thomas IS639 Pav.1,Fechada,2026-06-12T00:00:00,True,conflito CPIS fechada vs falta corte
mtg2_d92027db24c68fee:plan:3942,3942,OF262828,CI7712A4066,Tubo redondo,42.4x2.65,S235JR,150,1,Serrote Fita Thomas IS639 Pav.1,Fechada,2026-05-15T00:00:00,True,conflito CPIS fechada vs falta corte
mtg2_d92027db24c68fee:plan:3951,3951,OF262842,3567V002,Tubo redondo,114.3x3.2,S235JR,2000,50,Serrote MEBA IS381 Pav 3,Fechada,2026-06-05T00:00:00,True,conflito CPIS fechada vs falta corte | operação abocardar a representar separadamente
mtg2_d92027db24c68fee:plan:3959,3959,OF262859,6273U850,Chapa,75x45,S355J2,236,24,,Em Produção,2026-07-03T00:00:00,False,máquina ausente
mtg2_d92027db24c68fee:plan:3963,3963,OF262862,5306T003,Tubo redondo,76.1x3.25,S275JR,762,1,Serrote Fita Thomas IS639 Pav.1,Fechada,2026-05-29T00:00:00,True,conflito CPIS fechada vs falta corte
mtg2_d92027db24c68fee:plan:3964,3964,OF262862,5306T002,Tubo redondo,60.3x2.9,S235JR,502,1,Serrote Fita Thomas IS639 Pav.1,Fechada,2026-05-29T00:00:00,True,conflito CPIS fechada vs falta corte
mtg2_d92027db24c68fee:plan:3965,3965,OF262862,0502Q001,Varão redondo,10,S235JR,325,1,Serrote Fita Thomas IS639 Pav.1,Fechada,2026-05-29T00:00:00,True,conflito CPIS fechada vs falta corte
mtg2_d92027db24c68fee:plan:3994,3994,OF262908,1107V401,Varão redondo,18,S355J2,294,5,Serrote Disco pav 1,Fechada,2026-06-30T00:00:00,True,conflito CPIS fechada vs falta corte
mtg2_d92027db24c68fee:plan:4014,4014,OF262910,CC0111A4620,Calha,20x10x1,,500,4,,Fechada,2026-06-05T00:00:00,False,conflito CPIS fechada vs falta corte | máquina ausente | qualidade material ausente
mtg2_d92027db24c68fee:plan:4017,4017,OF262912,CI5422A4001,Calha,20x10x1,,445,50,,Fechada,2026-06-26T00:00:00,False,conflito CPIS fechada vs falta corte | máquina ausente | qualidade material ausente
mtg2_d92027db24c68fee:plan:4019,4019,OF262916,1107V401,Varão redondo,18,S355J2,294,20,Serrote Disco pav 1,Fechada,2026-07-27T00:00:00,True,conflito CPIS fechada vs falta corte
mtg2_d92027db24c68fee:plan:4020,4020,OF262916,ET0107A4002,Varão nervurado,20,A400NR,240,461,Serrote Disco pav 1,Fechada,2026-07-27T00:00:00,True,conflito CPIS fechada vs falta corte
mtg2_d92027db24c68fee:plan:4024,4024,OF262919,CI7712A4002,Tubo redondo,60.3x2.9,S235JR,125,285,Serrote Fita Thomas IS639 Pav.1,Fechada,2026-07-10T00:00:00,True,conflito CPIS fechada vs falta corte
mtg2_d92027db24c68fee:plan:4029,4029,OF262928,CI7712A4002,Tubo redondo,60.3x2.9,S235JR,270,8,Serrote Fita Thomas IS639 Pav.1,Fechada,2026-06-12T00:00:00,True,conflito CPIS fechada vs falta corte
mtg2_d92027db24c68fee:plan:4033,4033,OF262935,B357T001,Tubo redondo,60x3,S275JR,853,20,Serrote Fita Thomas IS639 Pav.1,Fechada,2026-06-05T00:00:00,True,conflito CPIS fechada vs falta corte
mtg2_d92027db24c68fee:plan:4034,4034,OF262935,B357T002,Tubo redondo,60x3,S235JR,853,6,Serrote Fita Thomas IS639 Pav.1,Fechada,2026-06-05T00:00:00,True,conflito CPIS fechada vs falta corte
mtg2_d92027db24c68fee:plan:4047,4047,OF262954,CA1497A4502,Varão redondo,10,S235JR,104,1,,Fechada,2026-06-19T00:00:00,False,conflito CPIS fechada vs falta corte | máquina ausente
mtg2_d92027db24c68fee:plan:4049,4049,OF262955,CI7712A4002,Tubo redondo,60.3x2.9,S235JR,275,2,Serrote Fita Thomas IS639 Pav.1,Fechada,2026-06-19T00:00:00,True,conflito CPIS fechada vs falta corte
mtg2_d92027db24c68fee:plan:4068,4068,OF262960,5858P001,Varão redondo,14,S235JR,391,1,Serrote Disco pav 1,Fechada,2026-06-19T00:00:00,True,conflito CPIS fechada vs falta corte
mtg2_d92027db24c68fee:plan:4073,4073,OF262961,1805M001,Tubo quadrado,40x40x4,S235JR,492,4,Serrote Fita Thomas IS639 Pav.1,Fechada,2026-05-29T00:00:00,True,conflito CPIS fechada vs falta corte
mtg2_d92027db24c68fee:plan:4074,4074,OF262961,1805M002,Perfil U,UPN50x38,S275JR,418,1,Serrote Fita Thomas IS639 Pav.1,Fechada,2026-05-29T00:00:00,True,conflito CPIS fechada vs falta corte
mtg2_d92027db24c68fee:plan:4075,4075,OF262965,0388Q-60,Perfil H,HEB140B,S355J2,800,6,,Fechada,2026-06-12T00:00:00,False,conflito CPIS fechada vs falta corte | máquina ausente
mtg2_d92027db24c68fee:plan:4076,4076,OF262965,0388Q-60,Perfil H,HEB140B,S355J2,800,6,Vanguard,Fechada,2026-06-12T00:00:00,True,conflito CPIS fechada vs falta corte
mtg2_d92027db24c68fee:plan:4079,4079,OF2629695,CI5618A4001,Tubo redondo,76x2.6,S355J2,2850,210,,,,False,estado CPIS ausente | máquina ausente
mtg2_d92027db24c68fee:plan:4080,4080,OF2629695,CI5618A4001,Tubo redondo,114x3,S275JR,2000,210,,,,False,estado CPIS ausente | máquina ausente | operação abocardar a representar separadamente
mtg2_d92027db24c68fee:plan:4086,4086,OF262986,5852UJ01,Tubo retangular,400x300x6,S275JR,2900,36,Serrote MEBA IS381 Pav 3,Em Produção,2026-12-31T00:00:00,True,
mtg2_d92027db24c68fee:plan:4091,4091,OF262990,ET0107A4006,Tubo redondo,22x2,S235JR,80,8,Serrote Fita Thomas IS639 Pav.1,Fechada,2026-05-25T00:00:00,True,conflito CPIS fechada vs falta corte
mtg2_d92027db24c68fee:plan:4112,4112,OF263001,0641S010,Calha,20x10x1,,1050,150,Serrote Fita Thomas IS639 Pav.1,Fechada,2026-06-19T00:00:00,False,conflito CPIS fechada vs falta corte | qualidade material ausente
mtg2_d92027db24c68fee:plan:4132,4132,OF263027,CR0813A4007,Varão redondo,16,S355JR,80,24,Serrote Disco pav 1,Fechada,2026-06-22T00:00:00,True,conflito CPIS fechada vs falta corte
mtg2_d92027db24c68fee:plan:4135,4135,OF263042,CIA217A4003,Tubo redondo,88.9x3,S275JR,115,1,Serrote Fita Thomas IS639 Pav.1,Fechada,2026-06-19T00:00:00,True,conflito CPIS fechada vs falta corte
mtg2_d92027db24c68fee:plan:4156,4156,OF263054,CI5422A4001,Calha,20x10x1,,445,5,,Fechada,2026-06-19T00:00:00,False,conflito CPIS fechada vs falta corte | máquina ausente | qualidade material ausente
mtg2_d92027db24c68fee:plan:4158,4158,OF263102,2587M020,Varão roscado,M10,S235JR,45,3,Serrote Disco pav 1,Fechada,2026-06-26T00:00:00,True,conflito CPIS fechada vs falta corte
mtg2_d92027db24c68fee:plan:4178,4178,OF263114,2587M020,Varão roscado,M10,8.8,45,1,Serrote Disco pav 1,Fechada,2026-06-12T00:00:00,True,conflito CPIS fechada vs falta corte
mtg2_d92027db24c68fee:plan:4184,4184,OF263120,4030VA00,Tubo redondo,48.3x2.9,S235JR,2172,2,Serrote Fita Thomas IS639 Pav.1,Fechada,2026-05-13T00:00:00,True,conflito CPIS fechada vs falta corte
mtg2_d92027db24c68fee:plan:4191,4191,OF263136,CI7712A4002,Tubo redondo,60.3x2.9,S235JR,170,30,Serrote Fita Thomas IS639 Pav.1,Fechada,2026-07-03T00:00:00,True,conflito CPIS fechada vs falta corte
mtg2_d92027db24c68fee:plan:4193,4193,OF263137,CI7712A4002,Tubo redondo,60.3x2.9,S235JR,170,30,Serrote Fita Thomas IS639 Pav.1,Fechada,2026-07-03T00:00:00,True,conflito CPIS fechada vs falta corte
mtg2_d92027db24c68fee:plan:4201,4201,OF263141,CDPTO001,Varão redondo,12,S355JR,775,4,Serrote Disco pav 1,Fechada,2026-07-03T00:00:00,True,conflito CPIS fechada vs falta corte
mtg2_d92027db24c68fee:plan:4202,4202,OF263141,CDPTO002,Varão redondo,12,S355JR,890,16,Serrote Disco pav 1,Fechada,2026-07-03T00:00:00,True,conflito CPIS fechada vs falta corte
mtg2_d92027db24c68fee:plan:4205,4205,OF263144,5877T4101,Tubo retangular,100x60x5,S355J2,137,1,Serrote Disco pav 1,Fechada,2026-05-29T00:00:00,True,conflito CPIS fechada vs falta corte
mtg2_d92027db24c68fee:plan:4206,4206,OF263144,5877T4104,Tubo redondo,114.3x6.3,S355J2,3050,1,Serrote Disco pav 1,Fechada,2026-05-29T00:00:00,True,conflito CPIS fechada vs falta corte
mtg2_d92027db24c68fee:plan:4237,4237,OF263166,1115V300,Perfil T,T50x50,S275JR,120,20,Serrote Fita Thomas IS639 Pav.1,Fechada,2026-06-30T00:00:00,True,conflito CPIS fechada vs falta corte
mtg2_d92027db24c68fee:plan:4242,4242,OF263167,ET0107A4001,Perfil T,T50x50,S275JR,5990,3,Serrote Disco pav 1,Fechada,2026-06-30T00:00:00,True,conflito CPIS fechada vs falta corte
mtg2_d92027db24c68fee:plan:4246,4246,OF263167,ET0107A4008,Perfil T,T50x50,S275JR,4190,1,Serrote Disco pav 1,Fechada,2026-06-30T00:00:00,True,conflito CPIS fechada vs falta corte
mtg2_d92027db24c68fee:plan:4247,4247,OF263167,ET0107A4010,Perfil T,T50x50,S275JR,1490,1,Serrote Disco pav 1,Fechada,2026-06-30T00:00:00,True,conflito CPIS fechada vs falta corte
mtg2_d92027db24c68fee:plan:4261,4261,OF263198,EI43M005,Tubo redondo,48.3x2.9,S235JR,335,7,Serrote Fita Thomas IS639 Pav.1,Fechada,2026-06-12T00:00:00,True,conflito CPIS fechada vs falta corte
mtg2_d92027db24c68fee:plan:4277,4277,OF263217,5877T1107,Perfil U,UPN180x70,S355J2,780,7,Vanguard,Fechada,2026-06-26T00:00:00,True,conflito CPIS fechada vs falta corte
mtg2_d92027db24c68fee:plan:4280,4280,OF263217,5877T1205,Perfil U,UPN180x70,S355J2,2000,3,Vanguard,Fechada,2026-06-26T00:00:00,True,conflito CPIS fechada vs falta corte
mtg2_d92027db24c68fee:plan:4305,4305,OF263217,5877T1803,Varão quadrado,12x12,S355J2,80,2,Serrote Disco pav 1,Fechada,2026-06-26T00:00:00,True,conflito CPIS fechada vs falta corte
mtg2_d92027db24c68fee:plan:4319,4319,OF263231,XZ409005,Cantoneira,250x250x22,S355J2,1120,8,Vanguard,Em Produção,2026-09-11T00:00:00,True,
mtg2_d92027db24c68fee:plan:4320,4320,OF263231,XZ409103,Cantoneira,250x250x22,S355J2,1120,8,Vanguard,Em Produção,2026-09-11T00:00:00,True,
mtg2_d92027db24c68fee:plan:4345,4345,OF263249,CS0106A4023,Tubo redondo,33.7x2.6,S235JR,650,1,,Fechada,2026-07-31T00:00:00,False,conflito CPIS fechada vs falta corte | máquina ausente
mtg2_d92027db24c68fee:plan:6415,6415,OF265424,2CI67,Perfil I,IPE330,,4480,4,Vanguard,Em Produção,2026-09-04T00:00:00,False,qualidade material ausente
mtg2_d92027db24c68fee:plan:4371,4371,OF263276,3161V007,Varão roscado,M24,8.8,525,4,Serrote Fita Thomas IS639 Pav.1,Fechada,2026-06-26T00:00:00,True,conflito CPIS fechada vs falta corte
mtg2_d92027db24c68fee:plan:4416,4416,OF263287,CD04T520,Chapa,45x75,S355J2,236,8,Serrote MEBA IS381 Pav 3,Fechada,2026-07-02T00:00:00,True,conflito CPIS fechada vs falta corte
mtg2_d92027db24c68fee:plan:4418,4418,OF263288,CD04T006,Tubo redondo,42.4x5,S355J2,625,3,Serrote Disco pav 1,Fechada,2026-07-02T00:00:00,True,conflito CPIS fechada vs falta corte
mtg2_d92027db24c68fee:plan:4425,4425,OF263302,CI7712A4002,Tubo redondo,60.3x2.9,S235JR,120,2,,Fechada,2026-06-26T00:00:00,False,conflito CPIS fechada vs falta corte | máquina ausente
mtg2_d92027db24c68fee:plan:4426,4426,OF263303,CI7712A4002,Tubo redondo,60.3x2.9,S235JR,125,38,,Fechada,2026-06-26T00:00:00,False,conflito CPIS fechada vs falta corte | máquina ausente
mtg2_d92027db24c68fee:plan:4427,4427,OF263304,CI7712A4002,Tubo redondo,60.3x2.9,S235JR,120,344,,Em Produção,2026-07-03T00:00:00,False,máquina ausente
mtg2_d92027db24c68fee:plan:4428,4428,OF263305,CI7712A4002,Tubo redondo,60.3x2.9,S235JR,125,6,,Fechada,2026-06-26T00:00:00,False,conflito CPIS fechada vs falta corte | máquina ausente
mtg2_d92027db24c68fee:plan:4429,4429,OF263307,CI7712A4002,Tubo redondo,60.3x2.9,S235JR,125,1,,Fechada,2026-06-26T00:00:00,False,conflito CPIS fechada vs falta corte | máquina ausente
mtg2_d92027db24c68fee:plan:4430,4430,OF263308,CI7712A4002,Tubo redondo,60.3x2.9,S235JR,125,1,,Fechada,2026-06-26T00:00:00,False,conflito CPIS fechada vs falta corte | máquina ausente
mtg2_d92027db24c68fee:plan:4431,4431,OF263309,CI7712A4002,Tubo redondo,60.3x2.9,S235JR,125,1,,Fechada,2026-06-26T00:00:00,False,conflito CPIS fechada vs falta corte | máquina ausente
mtg2_d92027db24c68fee:plan:4438,4438,OF263314,ET0107A4002,Varão nervurado,20,A400NR,240,24,,Em Produção,2026-08-27T00:00:00,False,máquina ausente
mtg2_d92027db24c68fee:plan:4443,4443,OF263320,CI7712A4002,Tubo redondo,60.3x2.9,S235JR,120,15,,Fechada,2026-06-19T00:00:00,False,conflito CPIS fechada vs falta corte | máquina ausente
mtg2_d92027db24c68fee:plan:4458,4458,OF263321,AT2T524,Perfil U,UPN140x60,S355J2,1905,1,Vanguard,Em Produção,2026-07-31T00:00:00,True,
mtg2_d92027db24c68fee:plan:4543,4543,OF263331,2951G001,Tubo redondo,70x3,S235JR,140,6,Serrote MEBA IS381 Pav 3,Fechada,2026-07-10T00:00:00,True,conflito CPIS fechada vs falta corte
mtg2_d92027db24c68fee:plan:4544,4544,OF263337,2646U007,Tubo redondo,26.9x2.6,S355J0H,53,2,Serrote Fita Thomas IS639 Pav.1,Fechada,2026-06-12T00:00:00,True,conflito CPIS fechada vs falta corte
mtg2_d92027db24c68fee:plan:4555,4555,OF263350,5877T1203,Varão quadrado,12x12,S355J2,80,2,Serrote Disco pav 1,Fechada,2026-05-29T00:00:00,True,conflito CPIS fechada vs falta corte
mtg2_d92027db24c68fee:plan:4575,4575,OF263361,CI7712A4002,Tubo redondo,60.3x2.9,S235JR,125,1,,Fechada,2026-06-26T00:00:00,False,conflito CPIS fechada vs falta corte | máquina ausente
mtg2_d92027db24c68fee:plan:4597,4597,OF263380,4377V530,Tubo redondo,219.1x4,S275JR,201,34,,Fechada,2026-07-03T00:00:00,False,conflito CPIS fechada vs falta corte | máquina ausente
mtg2_d92027db24c68fee:plan:4598,4598,OF263408,CIB418A4003,Perfil U,UPN80x45,S275JR,800,2,,Fechada,2026-06-19T00:00:00,False,conflito CPIS fechada vs falta corte | máquina ausente
mtg2_d92027db24c68fee:plan:4618,4618,OF263427,CI7712A4002,Tubo redondo,60.3x2.9,S235JR,125,1,,Fechada,2026-06-26T00:00:00,False,conflito CPIS fechada vs falta corte | máquina ausente
mtg2_d92027db24c68fee:plan:4620,4620,OF263466,CI5618A4001,Tubo redondo,76x3,S275JR,4050,1,Serrote Fita Thomas IS639 Pav.1,Fechada,2026-07-03T00:00:00,True,conflito CPIS fechada vs falta corte
mtg2_d92027db24c68fee:plan:4621,4621,OF263466,CI5618A4001,Tubo redondo,114x3,S275JR,3000,1,Serrote Fita Thomas IS639 Pav.1,Fechada,2026-07-03T00:00:00,True,conflito CPIS fechada vs falta corte
mtg2_d92027db24c68fee:plan:4630,4630,OF263487,CI7712A4025,Tubo redondo,60.3x2.9,S235JR,1403,75,,Fechada,2026-06-26T00:00:00,False,conflito CPIS fechada vs falta corte | máquina ausente
mtg2_d92027db24c68fee:plan:4632,4632,OF263487,CI7712A4122,Tubo redondo,60x3,S235JR,804,13,,Fechada,2026-06-26T00:00:00,False,conflito CPIS fechada vs falta corte | máquina ausente
mtg2_d92027db24c68fee:plan:4635,4635,OF263493,CC0111A4613,Calha,20x10x1,,550,6,,Fechada,2026-07-03T00:00:00,False,conflito CPIS fechada vs falta corte | máquina ausente | qualidade material ausente
mtg2_d92027db24c68fee:plan:4673,4673,OF263750,4891S630,Varão quadrado,50x50,S275JR,1720,2,Serrote Disco pav 1,Fechada,2026-06-29T00:00:00,True,conflito CPIS fechada vs falta corte
mtg2_d92027db24c68fee:plan:4676,4676,OF263756,1234T120,Perfil U,UPN80x45,S355J2,480,105,,Em Produção,2026-09-11T00:00:00,False,máquina ausente
mtg2_d92027db24c68fee:plan:4677,4677,OF263756,1234T121,Perfil U,UPN80x45,S355J2,346,105,,Em Produção,2026-09-11T00:00:00,False,máquina ausente
mtg2_d92027db24c68fee:plan:4678,4678,OF263756,1234T122,Perfil U,UPN80x45,S355J2,500,105,,Em Produção,2026-09-11T00:00:00,False,máquina ausente
mtg2_d92027db24c68fee:plan:4688,4688,OF263774,5504T603,Barra,40x20,S355J2,1460,2,Serrote Fita Thomas IS639 Pav.1,Em Produção,2026-07-09T00:00:00,True,
mtg2_d92027db24c68fee:plan:4690,4690,OF263779,1234T120,Perfil U,UPN80x45,S355J2,480,210,,Em Produção,2026-10-02T00:00:00,False,máquina ausente
mtg2_d92027db24c68fee:plan:4691,4691,OF263779,1234T121,Perfil U,UPN80x45,S355J2,346,210,,Em Produção,2026-10-02T00:00:00,False,máquina ausente
mtg2_d92027db24c68fee:plan:4692,4692,OF263779,1234T122,Perfil U,UPN80x45,S355J2,500,210,,Em Produção,2026-10-02T00:00:00,False,máquina ausente
mtg2_d92027db24c68fee:plan:4693,4693,OF263781,1234T120,Perfil U,UPN80x45,S355J2,480,96,,Em Produção,2026-10-30T00:00:00,False,máquina ausente
mtg2_d92027db24c68fee:plan:4694,4694,OF263781,1234T121,Perfil U,UPN80x45,S355J2,346,96,,Em Produção,2026-10-30T00:00:00,False,máquina ausente
mtg2_d92027db24c68fee:plan:4695,4695,OF263781,1234T122,Perfil U,UPN80x45,S355J2,500,96,,Em Produção,2026-10-30T00:00:00,False,máquina ausente
mtg2_d92027db24c68fee:plan:4696,4696,OF263783,1234T120,Perfil U,UPN80x45,S355J2,480,33,,Em Produção,2026-11-27T00:00:00,False,máquina ausente
mtg2_d92027db24c68fee:plan:4697,4697,OF263783,1234T121,Perfil U,UPN80x45,S355J2,346,33,,Em Produção,2026-11-27T00:00:00,False,máquina ausente
mtg2_d92027db24c68fee:plan:4698,4698,OF263783,1234T122,Perfil U,UPN80x45,S355J2,500,33,,Em Produção,2026-11-27T00:00:00,False,máquina ausente
mtg2_d92027db24c68fee:plan:4701,4701,OF263796,OM0525A4002,Tubo redondo,57x10,S355J2H,360,1,Serrote Disco pav 1,Fechada,2026-06-26T00:00:00,True,conflito CPIS fechada vs falta corte
mtg2_d92027db24c68fee:plan:4702,4702,OF263796,OM0525A4513,Barra,25x16,S355JR,70,4,Serrote Disco pav 1,Fechada,2026-06-26T00:00:00,True,conflito CPIS fechada vs falta corte
mtg2_d92027db24c68fee:plan:4703,4703,OF263796,OM0525A4000,Varão redondo,33,S355JR,384,1,Serrote Disco pav 1,Fechada,2026-06-26T00:00:00,True,conflito CPIS fechada vs falta corte
mtg2_d92027db24c68fee:plan:4706,4706,OF263805,CI7712A4002,Tubo redondo,60.3x2.9,S235JR,125,16,,Fechada,2026-07-10T00:00:00,False,conflito CPIS fechada vs falta corte | máquina ausente
mtg2_d92027db24c68fee:plan:4708,4708,OF263807,CI7712A4126,Tubo redondo,60x3,S235JR,804,7,,Fechada,2026-07-10T00:00:00,False,conflito CPIS fechada vs falta corte | máquina ausente
mtg2_d92027db24c68fee:plan:4716,4716,OF263827,CI7712A4002,Tubo redondo,60.3x2.9,S235JR,125,4,Serrote Fita Thomas IS639 Pav.1,Fechada,2026-07-03T00:00:00,True,conflito CPIS fechada vs falta corte
mtg2_d92027db24c68fee:plan:4718,4718,OF263828,CI7712A4002,Tubo redondo,60.3x2.9,S235JR,125,4,Serrote Fita Thomas IS639 Pav.1,Fechada,2026-07-03T00:00:00,True,conflito CPIS fechada vs falta corte
mtg2_d92027db24c68fee:plan:4720,4720,OF263829,CI7712A4002,Tubo redondo,60.3x2.9,S235JR,125,2,Serrote Fita Thomas IS639 Pav.1,Fechada,2026-07-03T00:00:00,True,conflito CPIS fechada vs falta corte
mtg2_d92027db24c68fee:plan:4724,4724,OF263835,0134V001,Tubo quadrado,100x100x4,S235JR,730,2,Serrote Fita Thomas IS639 Pav.1,Fechada,2026-07-03T00:00:00,True,conflito CPIS fechada vs falta corte
mtg2_d92027db24c68fee:plan:4729,4729,OF263843,CI7712A4002,Tubo redondo,60.3x2.9,S235JR,125,10,,Fechada,2026-07-10T00:00:00,False,conflito CPIS fechada vs falta corte | máquina ausente
mtg2_d92027db24c68fee:plan:4733,4733,OF263877,CA4A19A4001,Varão roscado,M10,S235JR,42,1,Serrote Disco pav 1,Fechada,2026-07-10T00:00:00,True,conflito CPIS fechada vs falta corte
mtg2_d92027db24c68fee:plan:4740,4740,OF263879,9955T011,Tubo redondo,60.3x2.9,S235JR,490,2,Serrote Fita Thomas IS639 Pav.1,Fechada,2026-08-21T00:00:00,True,conflito CPIS fechada vs falta corte
mtg2_d92027db24c68fee:plan:6416,6416,OF265424,2CI68,Perfil I,IPE330,,4480,11,Vanguard,Em Produção,2026-09-04T00:00:00,False,qualidade material ausente
mtg2_d92027db24c68fee:plan:6417,6417,OF265424,2CI69,Perfil I,IPE330,,4480,2,Vanguard,Em Produção,2026-09-04T00:00:00,False,qualidade material ausente
mtg2_d92027db24c68fee:plan:4751,4751,OF263900,CI7712A4002,Tubo redondo,60.3x2.9,S235JR,125,5,,Fechada,2026-07-10T00:00:00,False,conflito CPIS fechada vs falta corte | máquina ausente
mtg2_d92027db24c68fee:plan:4757,4757,OF263917,0684O001,Tubo redondo,60.3x2.9,S235JR,2978,6,,Fechada,2026-06-26T00:00:00,False,conflito CPIS fechada vs falta corte | máquina ausente
mtg2_d92027db24c68fee:plan:4769,4769,OF263931,1283V007,Tubo retangular,50x30x3,S235JR,170,2,,Fechada,2026-06-22T00:00:00,False,conflito CPIS fechada vs falta corte | máquina ausente
mtg2_d92027db24c68fee:plan:4770,4770,OF263931,1283V014,Tubo retangular,90x40x4,S235JR,1188,8,,Fechada,2026-06-22T00:00:00,False,conflito CPIS fechada vs falta corte | máquina ausente
mtg2_d92027db24c68fee:plan:4776,4776,OF263956,3356V002,Tubo quadrado,80x80x5,S235JR,3500,2,Serrote Disco pav 1,Fechada,2026-07-31T00:00:00,True,conflito CPIS fechada vs falta corte
mtg2_d92027db24c68fee:plan:4783,4783,OF263956,CE0102A4040,Varão redondo,12,S235JR,250,4,Serrote Disco pav 1,Fechada,2026-07-31T00:00:00,True,conflito CPIS fechada vs falta corte
mtg2_d92027db24c68fee:plan:4784,4784,OF263956,CE0102A4550,Barra,30x5,S235JR,1492,8,,Fechada,2026-07-31T00:00:00,False,conflito CPIS fechada vs falta corte | máquina ausente
mtg2_d92027db24c68fee:plan:4785,4785,OF263956,CE0102A4042,Varão redondo,12,S235JR,1868,4,Serrote Disco pav 1,Fechada,2026-07-31T00:00:00,True,conflito CPIS fechada vs falta corte
mtg2_d92027db24c68fee:plan:4786,4786,OF263956,CE0102A4043,Varão redondo,12,S235JR,474,4,Serrote Disco pav 1,Fechada,2026-07-31T00:00:00,True,conflito CPIS fechada vs falta corte
mtg2_d92027db24c68fee:plan:4787,4787,OF263956,CE0102A4044,Varão redondo,12,S235JR,250,4,Serrote Disco pav 1,Fechada,2026-07-31T00:00:00,True,conflito CPIS fechada vs falta corte
mtg2_d92027db24c68fee:plan:4803,4803,OF263959,CI7812A4002,Tubo redondo,76.1x3.25,S235JR,150,1,Serrote MEBA IS381 Pav 3,Fechada,2026-07-17T00:00:00,True,conflito CPIS fechada vs falta corte
mtg2_d92027db24c68fee:plan:6418,6418,OF265424,2CI70,Perfil I,IPE330,,4480,2,Vanguard,Em Produção,2026-09-04T00:00:00,False,qualidade material ausente
mtg2_d92027db24c68fee:plan:4807,4807,OF263963,1283V007,Tubo retangular,50x30x3,S235JR,170,1,,Fechada,2026-07-10T00:00:00,False,conflito CPIS fechada vs falta corte | máquina ausente
mtg2_d92027db24c68fee:plan:4809,4809,OF263964,CR0106A4005,Varão redondo,12,S235JR,192,2,,Fechada,2026-07-31T00:00:00,False,conflito CPIS fechada vs falta corte | máquina ausente
mtg2_d92027db24c68fee:plan:4813,4813,OF263965,CR0106A4017,Perfil U,UPN100x50,S275JR,1750,2,,Fechada,2026-07-24T00:00:00,False,conflito CPIS fechada vs falta corte | máquina ausente
mtg2_d92027db24c68fee:plan:4814,4814,OF263965,CR1213A4020,Perfil U,UPN100x50,S275JR,1500,2,,Fechada,2026-07-24T00:00:00,False,conflito CPIS fechada vs falta corte | máquina ausente
mtg2_d92027db24c68fee:plan:4815,4815,OF263965,CR1213A4021,Perfil U,UPN100x50,S275JR,1340,4,,Fechada,2026-07-24T00:00:00,False,conflito CPIS fechada vs falta corte | máquina ausente
mtg2_d92027db24c68fee:plan:4816,4816,OF263965,CR1213A4022,Perfil U,UPN100x50,S275JR,1340,2,,Fechada,2026-07-24T00:00:00,False,conflito CPIS fechada vs falta corte | máquina ausente
mtg2_d92027db24c68fee:plan:4817,4817,OF263965,CR1213A4023,Perfil U,UPN100x50,S275JR,1340,2,,Fechada,2026-07-24T00:00:00,False,conflito CPIS fechada vs falta corte | máquina ausente
mtg2_d92027db24c68fee:plan:4818,4818,OF263965,CR1206A4025,Perfil U,UPN100x50,S275JR,700,2,,Fechada,2026-07-24T00:00:00,False,conflito CPIS fechada vs falta corte | máquina ausente
mtg2_d92027db24c68fee:plan:4858,4858,OF264041,CA1497A4502,Varão redondo,10,S235JR,104,2,,Fechada,2026-07-24T00:00:00,False,conflito CPIS fechada vs falta corte | máquina ausente
mtg2_d92027db24c68fee:plan:4896,4896,OF264051,5877T98,Perfil U,UPN180x70,S355J2,2000,1,,Em Produção,2026-07-24T00:00:00,False,máquina ausente
mtg2_d92027db24c68fee:plan:4898,4898,OF264051,5877T169,Calha,40x22x2,,400,24,,Em Produção,2026-07-24T00:00:00,False,máquina ausente | qualidade material ausente
mtg2_d92027db24c68fee:plan:4899,4899,OF264051,5877T259,Calha,40x22x2,,400,20,,Em Produção,2026-07-24T00:00:00,False,máquina ausente | qualidade material ausente
mtg2_d92027db24c68fee:plan:4900,4900,OF264051,5877T260,Calha,40x22x2,,400,24,,Em Produção,2026-07-24T00:00:00,False,máquina ausente | qualidade material ausente
mtg2_d92027db24c68fee:plan:4901,4901,OF264051,5877T261,Calha,40x22x2,,400,26,,Em Produção,2026-07-24T00:00:00,False,máquina ausente | qualidade material ausente
mtg2_d92027db24c68fee:plan:4902,4902,OF264051,5877T262,Calha,40x22x2,,400,22,,Em Produção,2026-07-24T00:00:00,False,máquina ausente | qualidade material ausente
mtg2_d92027db24c68fee:plan:4903,4903,OF264051,5877T263,Calha,40x22x2,,400,20,,Em Produção,2026-07-24T00:00:00,False,máquina ausente | qualidade material ausente
mtg2_d92027db24c68fee:plan:4904,4904,OF264051,5877T264,Calha,40x22x2,,400,20,,Em Produção,2026-07-24T00:00:00,False,máquina ausente | qualidade material ausente
mtg2_d92027db24c68fee:plan:4905,4905,OF264051,5877T265,Calha,40x22x2,,400,20,,Em Produção,2026-07-24T00:00:00,False,máquina ausente | qualidade material ausente
mtg2_d92027db24c68fee:plan:4906,4906,OF264051,5877T301,Calha,40x22x2,,400,20,,Em Produção,2026-07-24T00:00:00,False,máquina ausente | qualidade material ausente
mtg2_d92027db24c68fee:plan:4907,4907,OF264051,5877T6103,Varão quadrado,12x12,S355J2,80,2,,Em Produção,2026-07-24T00:00:00,False,máquina ausente
mtg2_d92027db24c68fee:plan:4908,4908,OF264051,5877T1203,Varão quadrado,12x12,S355J2,80,2,,Em Produção,2026-07-24T00:00:00,False,máquina ausente
mtg2_d92027db24c68fee:plan:4909,4909,OF264051,5877T1303,Varão quadrado,12x12,S355J2,80,2,,Em Produção,2026-07-24T00:00:00,False,máquina ausente
mtg2_d92027db24c68fee:plan:4910,4910,OF264051,5877T1402,Varão quadrado,12x12,S355J2,80,4,,Em Produção,2026-07-24T00:00:00,False,máquina ausente
mtg2_d92027db24c68fee:plan:4911,4911,OF264051,5877T1503,Varão quadrado,12x12,S355J2,80,2,,Em Produção,2026-07-24T00:00:00,False,máquina ausente
mtg2_d92027db24c68fee:plan:4912,4912,OF264051,5877T1603,Varão quadrado,12x12,S355J2,80,2,,Em Produção,2026-07-24T00:00:00,False,máquina ausente
mtg2_d92027db24c68fee:plan:4913,4913,OF264051,5877T1703,Varão quadrado,12x12,S355J2,80,2,,Em Produção,2026-07-24T00:00:00,False,máquina ausente
mtg2_d92027db24c68fee:plan:4914,4914,OF264051,5877T1803,Varão quadrado,12x12,S355J2,80,2,,Em Produção,2026-07-24T00:00:00,False,máquina ausente
mtg2_d92027db24c68fee:plan:4924,4924,OF264121,CI5619S4530,Tubo redondo,122x3,S275JR,400,20,Serrote MEBA IS381 Pav 3,Em Produção,2026-07-24T00:00:00,True,
mtg2_d92027db24c68fee:plan:4927,4927,OF264122,CI5619A4530,Tubo redondo,122x3,S275JR,400,1,Serrote MEBA IS381 Pav 3,Fechada,2026-07-24T00:00:00,True,conflito CPIS fechada vs falta corte
mtg2_d92027db24c68fee:plan:4933,4933,OF264123,5877T4101,Tubo retangular,100x60x5,S355J2,137,32,,Fechada,2026-07-24T00:00:00,False,conflito CPIS fechada vs falta corte | máquina ausente
mtg2_d92027db24c68fee:plan:4934,4934,OF264123,5877T4102,Tubo retangular,100x60x5,S355J2,437,2,,Fechada,2026-07-24T00:00:00,False,conflito CPIS fechada vs falta corte | máquina ausente
mtg2_d92027db24c68fee:plan:4937,4937,OF264123,5877T1105,Tubo redondo,219.1x8,S355J2,6988,1,,Fechada,2026-07-24T00:00:00,False,conflito CPIS fechada vs falta corte | máquina ausente
mtg2_d92027db24c68fee:plan:4947,4947,OF264123,5877T228,Perfil U,UPN50x25,S355J2,200,8,,Fechada,2026-07-24T00:00:00,False,conflito CPIS fechada vs falta corte | máquina ausente
mtg2_d92027db24c68fee:plan:4948,4948,OF264123,5877T5102,Perfil U,UPN50x25,S355J2,200,8,,Fechada,2026-07-24T00:00:00,False,conflito CPIS fechada vs falta corte | máquina ausente
mtg2_d92027db24c68fee:plan:4982,4982,OF264139,CI7712A4121,Tubo redondo,60x3,S235JR,804,1,Serrote Fita Thomas IS639 Pav.1,Fechada,2026-07-10T00:00:00,True,conflito CPIS fechada vs falta corte
mtg2_d92027db24c68fee:plan:4984,4984,OF264141,CI7712A4122,Tubo redondo,60x3,S235JR,804,1,Serrote Fita Thomas IS639 Pav.1,Fechada,2026-07-10T00:00:00,True,conflito CPIS fechada vs falta corte
mtg2_d92027db24c68fee:plan:4989,4989,OF264154,A31S502,Cantoneira,250x250x26,S355J2,5992,1,,Em Produção,2026-08-07T00:00:00,False,máquina ausente
mtg2_d92027db24c68fee:plan:5004,5004,OF264171,E147621,Cantoneira,250x250x28,S355J2,5152,2,,Em Produção,2026-08-21T00:00:00,False,máquina ausente
mtg2_d92027db24c68fee:plan:5005,5005,OF264171,E147622,Cantoneira,250x250x28,S355J2,5152,2,,Em Produção,2026-08-21T00:00:00,False,máquina ausente
mtg2_d92027db24c68fee:plan:5006,5006,OF264171,E147623,Cantoneira,250x250x28,S355J2,5152,2,,Em Produção,2026-08-21T00:00:00,False,máquina ausente
mtg2_d92027db24c68fee:plan:5007,5007,OF264171,E147624,Cantoneira,250x250x28,S355J2,5152,2,,Em Produção,2026-08-21T00:00:00,False,máquina ausente
mtg2_d92027db24c68fee:plan:5028,5028,OF264186,M221-467,Cantoneira,200x200x26,S355J2,1430,4,,Em Produção,2026-08-14T00:00:00,False,máquina ausente
mtg2_d92027db24c68fee:plan:5033,5033,OF264186,M223-581,Cantoneira,250x250x28,S355J2,1560,4,,Em Produção,2026-08-14T00:00:00,False,máquina ausente
mtg2_d92027db24c68fee:plan:5034,5034,OF264186,M223-583,Cantoneira,250x250x28,S355J2,1490,4,,Em Produção,2026-08-14T00:00:00,False,máquina ausente
mtg2_d92027db24c68fee:plan:5035,5035,OF264186,M209-317,Cantoneira,250x250x22,S355J2,180,2,,Em Produção,2026-08-14T00:00:00,False,máquina ausente
mtg2_d92027db24c68fee:plan:5036,5036,OF264186,M209-318,Cantoneira,250x250x22,S355J2,180,2,,Em Produção,2026-08-14T00:00:00,False,máquina ausente
mtg2_d92027db24c68fee:plan:5037,5037,OF264186,M209-301,Cantoneira,250x250x26,S355J2,8150,2,,Em Produção,2026-08-14T00:00:00,False,máquina ausente
mtg2_d92027db24c68fee:plan:5038,5038,OF264186,M209-302,Cantoneira,250x250x26,S355J2,8150,2,,Em Produção,2026-08-14T00:00:00,False,máquina ausente
mtg2_d92027db24c68fee:plan:5047,5047,OF264191,CI7712A4002,Tubo redondo,60.3x2.9,S235JR,250,4,Serrote Fita Thomas IS639 Pav.1,Fechada,2026-07-17T00:00:00,True,conflito CPIS fechada vs falta corte
mtg2_d92027db24c68fee:plan:5057,5057,OF264197,CD04T520,Chapa,75x45,S355J2,236,64,Serrote Disco pav 1,Em Produção,2026-08-17T00:00:00,True,
mtg2_d92027db24c68fee:plan:5058,5058,OF264198,M230-868,Cantoneira,250x250x28,S355J2,1350,4,,Em Produção,2026-08-14T00:00:00,False,máquina ausente
mtg2_d92027db24c68fee:plan:5063,5063,OF264204,M003-105,Perfil U,UPN140x60,S355J2,667,2,,Em Produção,2026-08-28T00:00:00,False,máquina ausente
mtg2_d92027db24c68fee:plan:5064,5064,OF264204,M003-106,Perfil U,UPN140x60,S355J2,641,2,,Em Produção,2026-08-28T00:00:00,False,máquina ausente
mtg2_d92027db24c68fee:plan:5065,5065,OF264204,M004-255,Perfil U,UPN140x60,S355J2,640,2,,Em Produção,2026-08-28T00:00:00,False,máquina ausente
mtg2_d92027db24c68fee:plan:5066,5066,OF264204,M004-256,Perfil U,UPN140x60,S355J2,612,2,,Em Produção,2026-08-28T00:00:00,False,máquina ausente
mtg2_d92027db24c68fee:plan:5067,5067,OF264204,M005-405,Perfil U,UPN140x60,S355J2,704,2,,Em Produção,2026-08-28T00:00:00,False,máquina ausente
mtg2_d92027db24c68fee:plan:5068,5068,OF264204,M005-406,Perfil U,UPN140x60,S355J2,659,2,,Em Produção,2026-08-28T00:00:00,False,máquina ausente
mtg2_d92027db24c68fee:plan:5069,5069,OF264204,M003-103,Perfil U,UPN160x65,S355J2,1668,2,,Em Produção,2026-08-28T00:00:00,False,máquina ausente
mtg2_d92027db24c68fee:plan:5070,5070,OF264204,M003-104,Perfil U,UPN160x65,S355J2,1640,2,,Em Produção,2026-08-28T00:00:00,False,máquina ausente
mtg2_d92027db24c68fee:plan:5071,5071,OF264204,M004-253,Perfil U,UPN160x65,S355J2,1748,2,,Em Produção,2026-08-28T00:00:00,False,máquina ausente
mtg2_d92027db24c68fee:plan:5072,5072,OF264204,M004-254,Perfil U,UPN160x65,S355J2,1718,2,,Em Produção,2026-08-28T00:00:00,False,máquina ausente
mtg2_d92027db24c68fee:plan:5073,5073,OF264204,M005-403,Perfil U,UPN180x70,S355J2,2462,2,,Em Produção,2026-08-28T00:00:00,False,máquina ausente
mtg2_d92027db24c68fee:plan:5074,5074,OF264204,M005-404,Perfil U,UPN180x70,S355J2,2414,2,,Em Produção,2026-08-28T00:00:00,False,máquina ausente
mtg2_d92027db24c68fee:plan:5080,5080,OF26422,5877T374,Calha,40x22,S235JR,400,4,,,,False,estado CPIS ausente | máquina ausente | área calculada zero
mtg2_d92027db24c68fee:plan:5081,5081,OF264221,1283V001,Tubo retangular,90x40x4,S235JR,1188,75,Serrote Fita Thomas IS639 Pav.1,Fechada,2026-07-03T00:00:00,True,conflito CPIS fechada vs falta corte
mtg2_d92027db24c68fee:plan:6419,6419,OF265424,2CI71,Perfil I,IPE330,,4230,3,Vanguard,Em Produção,2026-09-04T00:00:00,False,qualidade material ausente
mtg2_d92027db24c68fee:plan:5098,5098,OF264221,1283V004,Barra,40x8,S235JR,1008,1018,Serrote Fita Thomas IS639 Pav.1,Fechada,2026-07-03T00:00:00,True,conflito CPIS fechada vs falta corte
mtg2_d92027db24c68fee:plan:5099,5099,OF264221,1283V010,Tubo retangular,90x40x4,S235JR,1188,70,Serrote Fita Thomas IS639 Pav.1,Fechada,2026-07-03T00:00:00,True,conflito CPIS fechada vs falta corte
mtg2_d92027db24c68fee:plan:5103,5103,OF264250,CI5422A4001,Calha,20x10x1,,445,6,,Em Produção,2026-07-24T00:00:00,False,máquina ausente | qualidade material ausente
mtg2_d92027db24c68fee:plan:5121,5121,OF264275,CC0111A4613,Tubo redondo,20x10,,550,2,,Fechada,2026-07-24T00:00:00,False,conflito CPIS fechada vs falta corte | máquina ausente | qualidade material ausente
mtg2_d92027db24c68fee:plan:5122,5122,OF264276,CC0111A4620,Calha,20x10x1,,500,3,,Fechada,2026-07-24T00:00:00,False,conflito CPIS fechada vs falta corte | máquina ausente | qualidade material ausente
mtg2_d92027db24c68fee:plan:5126,5126,OF264280,3573V001,Tubo redondo,139.7x6.3,S235JR,2000,6,Serrote MEBA IS381 Pav 3,Em Produção,2026-07-31T00:00:00,True,
mtg2_d92027db24c68fee:plan:5127,5127,OF264280,CC0111A4613,Calha,20x10x1,,5500,6,Serrote MEBA IS381 Pav 3,Em Produção,2026-07-31T00:00:00,False,qualidade material ausente
mtg2_d92027db24c68fee:plan:5134,5134,OF264293,M335-427,Cantoneira,200x200x26,S355J2,870,8,,Em Produção,2026-08-20T00:00:00,False,máquina ausente
mtg2_d92027db24c68fee:plan:5137,5137,OF264293,M312-317,Cantoneira,250x250x22,S355J2,180,2,,Em Produção,2026-08-20T00:00:00,False,máquina ausente
mtg2_d92027db24c68fee:plan:5138,5138,OF264293,M312-318,Cantoneira,250x250x22,S355J2,180,2,,Em Produção,2026-08-20T00:00:00,False,máquina ausente
mtg2_d92027db24c68fee:plan:6420,6420,OF265424,2CI72,Perfil I,IPE330,,4230,2,Vanguard,Em Produção,2026-09-04T00:00:00,False,qualidade material ausente
mtg2_d92027db24c68fee:plan:5179,5179,OF264313,1283V004,Barra,40x8,S235JR,1008,109,,Fechada,2026-07-03T00:00:00,False,conflito CPIS fechada vs falta corte | máquina ausente
mtg2_d92027db24c68fee:plan:5180,5180,OF264313,1283V007,Tubo retangular,50x30x3,S235JR,170,2,,Fechada,2026-07-03T00:00:00,False,conflito CPIS fechada vs falta corte | máquina ausente
mtg2_d92027db24c68fee:plan:5190,5190,OF264317,CI7712A4002,Tubo redondo,60.3x2.9,S235JR,125,30,,Fechada,2026-07-31T00:00:00,False,conflito CPIS fechada vs falta corte | máquina ausente
mtg2_d92027db24c68fee:plan:5195,5195,OF264331,0641S010,Calha,20x10x1,,1050,15,,Fechada,2026-07-31T00:00:00,False,conflito CPIS fechada vs falta corte | máquina ausente | qualidade material ausente
mtg2_d92027db24c68fee:plan:5199,5199,OF264336,CI7712A4025,Tubo redondo,60.3x2.9,S235JR,1403,2,Serrote Fita Thomas IS639 Pav.1,Fechada,2026-07-17T00:00:00,True,conflito CPIS fechada vs falta corte
mtg2_d92027db24c68fee:plan:5200,5200,OF264343,CD04J001,Varão quadrado,12x12,S235JR,250,41304,Serrote Disco pav 1,Em Produção,2026-10-30T00:00:00,True,
mtg2_d92027db24c68fee:plan:5221,5221,OF264373,CI7712A4002,Tubo redondo,60.3x2.9,S35JR,125,1,,Fechada,2026-07-24T00:00:00,False,conflito CPIS fechada vs falta corte | máquina ausente
mtg2_d92027db24c68fee:plan:5230,5230,OF264388,CC0111A4613,Calha,20x10x1,,550,7,,Fechada,2026-07-31T00:00:00,False,conflito CPIS fechada vs falta corte | máquina ausente | qualidade material ausente
mtg2_d92027db24c68fee:plan:5232,5232,OF264402,4788V002,Varão roscado,M20,8.8,335,441,Serrote Fita Thomas IS639 Pav.1,Fechada,2026-07-17T00:00:00,True,conflito CPIS fechada vs falta corte
mtg2_d92027db24c68fee:plan:5235,5235,OF264415,CI7712A4002,Tubo redondo,60.3x2.9,S235JR,125,500,,Em Produção,2026-08-07T00:00:00,False,máquina ausente
mtg2_d92027db24c68fee:plan:5236,5236,OF264415,CI5422A4001,Calha,20x10x1,,445,500,,Em Produção,2026-08-07T00:00:00,False,máquina ausente | qualidade material ausente
mtg2_d92027db24c68fee:plan:5240,5240,OF264419,CI7712A4002,Tubo redondo,60.3x2.9,S235JR,125,1,,Fechada,2026-07-24T00:00:00,False,conflito CPIS fechada vs falta corte | máquina ausente
mtg2_d92027db24c68fee:plan:5253,5253,OF264436,D444S008,Varão redondo,20,S275JR,225,2,Serrote Disco pav 1,Em Produção,2026-08-28T00:00:00,True,
mtg2_d92027db24c68fee:plan:5254,5254,OF264437,D444S004,Tubo redondo,193.7x3.2,S275JR,550,2,Serrote Disco pav 1,Em Produção,2026-08-28T00:00:00,True,
mtg2_d92027db24c68fee:plan:5256,5256,OF264438,D444S004,Tubo redondo,193.7x3.2,S275JR,550,12,Serrote Disco pav 1,Em Produção,2026-08-28T00:00:00,True,
mtg2_d92027db24c68fee:plan:5257,5257,OF264441,CD04T005,Varão redondo,12,S355J2,284,14,Serrote Disco pav 1,Fechada,2026-08-07T00:00:00,True,conflito CPIS fechada vs falta corte
mtg2_d92027db24c68fee:plan:5259,5259,OF264441,CD04T008,Tubo redondo,21.3x3.2,S355J2,20,18,Serrote Disco pav 1,Fechada,2026-08-07T00:00:00,True,conflito CPIS fechada vs falta corte
mtg2_d92027db24c68fee:plan:5267,5267,OF264446,2778V028,Tubo redondo,60.3x3.2,S235JR,2894,4,Serrote Fita Thomas IS639 Pav.1,Fechada,2026-08-14T00:00:00,True,conflito CPIS fechada vs falta corte
mtg2_d92027db24c68fee:plan:5273,5273,OF264453,CI1106A4016,Tubo redondo,60x3,S275JR,1136,10,Serrote Fita Thomas IS639 Pav.1,Fechada,2026-07-31T00:00:00,True,conflito CPIS fechada vs falta corte
mtg2_d92027db24c68fee:plan:5274,5274,OF264453,CI1106A4008,Tubo redondo,60.3x2.9,S235JR,1163,137,Serrote Fita Thomas IS639 Pav.1,Fechada,2026-07-31T00:00:00,True,conflito CPIS fechada vs falta corte
mtg2_d92027db24c68fee:plan:5276,5276,OF264453,CI1106A4017,Tubo redondo,60x3,S275JR,1387,85,Serrote Fita Thomas IS639 Pav.1,Fechada,2026-07-31T00:00:00,True,conflito CPIS fechada vs falta corte
mtg2_d92027db24c68fee:plan:5289,5289,OF264460,A670T001,Varão redondo,16,S275JR,77,23,Serrote Fita Thomas IS639 Pav.1,Fechada,2026-08-14T00:00:00,True,conflito CPIS fechada vs falta corte
mtg2_d92027db24c68fee:plan:5307,5307,OF264480,CI7115A4001,Tubo redondo,108x4,S355J2,70,1,Serrote Fita Thomas IS639 Pav.1,Em Produção,2026-08-07T00:00:00,True,
mtg2_d92027db24c68fee:plan:5308,5308,OF264481,CI7712A4002,Tubo redondo,60.3x2.9,S235JR,125,5,,Fechada,2026-08-07T00:00:00,False,conflito CPIS fechada vs falta corte | máquina ausente
mtg2_d92027db24c68fee:plan:5309,5309,OF264482,CI7712A4002,Tubo redondo,60.3x2.9,S235JR,125,1,,Fechada,2026-08-07T00:00:00,False,conflito CPIS fechada vs falta corte | máquina ausente
mtg2_d92027db24c68fee:plan:5310,5310,OF264483,CI7712A4002,Tubo redondo,60.3x2.9,S235JR,125,1,,Fechada,2026-08-07T00:00:00,False,conflito CPIS fechada vs falta corte | máquina ausente
mtg2_d92027db24c68fee:plan:6421,6421,OF265424,2CI73,Perfil I,IPE330,,4230,2,Vanguard,Em Produção,2026-09-04T00:00:00,False,qualidade material ausente
mtg2_d92027db24c68fee:plan:5321,5321,OF264494,C057Q001,Tubo redondo,76.1x3.25,S235JR,952,7,Serrote Fita Thomas IS639 Pav.1,Fechada,2026-08-04T00:00:00,True,conflito CPIS fechada vs falta corte
mtg2_d92027db24c68fee:plan:5322,5322,OF264496,CI0799A4001,Varão redondo,6,S235JR,54,2,,Fechada,2026-07-31T00:00:00,False,conflito CPIS fechada vs falta corte | máquina ausente
mtg2_d92027db24c68fee:plan:5340,5340,OF264509,5877T1803,Varão quadrado,12x12,S355J2,80,2,Serrote Disco pav 1,Em Produção,2026-08-14T00:00:00,True,
mtg2_d92027db24c68fee:plan:5357,5357,OF264540,CS0103A4045,Tubo quadrado,100x100x5,S355JR,20,3,Serrote Disco pav 1,Fechada,2026-08-21T00:00:00,True,conflito CPIS fechada vs falta corte
mtg2_d92027db24c68fee:plan:5358,5358,OF264540,CS0103A4065,Tubo redondo,42.5x2.65,S275JR,200,3,Serrote Disco pav 1,Fechada,2026-08-21T00:00:00,True,conflito CPIS fechada vs falta corte
mtg2_d92027db24c68fee:plan:5369,5369,OF264541,CS0310A4007,Tubo redondo,48.3x2.9,S235JR,4800,1,Serrote Disco pav 1,Em Produção,2026-08-21T00:00:00,True,
mtg2_d92027db24c68fee:plan:5387,5387,OF264576,5564V001,Tubo redondo,60x2.6,S355J2,1250,42,Serrote MEBA IS381 Pav 3,Em Produção,2026-09-11T00:00:00,True,
mtg2_d92027db24c68fee:plan:5388,5388,OF264576,5564V002,Tubo redondo,108x3,S355JR,1700,42,Serrote MEBA IS381 Pav 3,Em Produção,2026-09-11T00:00:00,True,
mtg2_d92027db24c68fee:plan:5397,5397,OF264605,CC0111A4631,Calha,20x10x1,,1055,96,,Fechada,2026-08-14T00:00:00,False,conflito CPIS fechada vs falta corte | máquina ausente | qualidade material ausente
mtg2_d92027db24c68fee:plan:5398,5398,OF264607,CI5422A4001,Calha,20x10x1,,445,2,,Fechada,2026-08-07T00:00:00,False,conflito CPIS fechada vs falta corte | máquina ausente | qualidade material ausente
mtg2_d92027db24c68fee:plan:5400,5400,OF264609,4236V015,Varão roscado,M10,A2,180,4,Serrote Disco pav 1,Fechada,2026-08-07T00:00:00,True,conflito CPIS fechada vs falta corte
mtg2_d92027db24c68fee:plan:5401,5401,OF264610,9422N10,Tubo redondo,76.1x3,S355J0H,5848,36,,Em Produção,2026-10-16T00:00:00,False,máquina ausente
mtg2_d92027db24c68fee:plan:5402,5402,OF264610,9422N20,Tubo redondo,114.3x3,S355J0H,5845,36,,Em Produção,2026-10-16T00:00:00,False,máquina ausente
mtg2_d92027db24c68fee:plan:5403,5403,OF264610,9422N30,Tubo redondo,168.3x4,S355J0H,5841,36,,Em Produção,2026-10-16T00:00:00,False,máquina ausente
mtg2_d92027db24c68fee:plan:5404,5404,OF264610,9422N40,Tubo redondo,193.7x5,S355J0H,5838,36,,Em Produção,2026-10-16T00:00:00,False,máquina ausente
mtg2_d92027db24c68fee:plan:5405,5405,OF264610,9422N50,Tubo redondo,219.1x6,S355J0H,5838,36,,Em Produção,2026-10-16T00:00:00,False,máquina ausente
mtg2_d92027db24c68fee:plan:5406,5406,OF264610,9422N60,Tubo redondo,219.1x6,S355J0H,673,36,,Em Produção,2026-10-16T00:00:00,False,máquina ausente
mtg2_d92027db24c68fee:plan:5411,5411,OF264631,6067V001,Tubo redondo,60.3x2.9,S235JR,1735,10,Serrote Fita Thomas IS639 Pav.1,Fechada,2026-08-04T00:00:00,True,conflito CPIS fechada vs falta corte
mtg2_d92027db24c68fee:plan:5432,5432,OF264669,0641S010,Calha,20x10x1,,1050,50,Serrote Fita Thomas IS639 Pav.1,Em Produção,2026-08-14T00:00:00,False,qualidade material ausente
mtg2_d92027db24c68fee:plan:5434,5434,OF264670,CI5422A4001,Calha,20x10x1,,445,1,,Fechada,2026-08-07T00:00:00,False,conflito CPIS fechada vs falta corte | máquina ausente | qualidade material ausente
mtg2_d92027db24c68fee:plan:5435,5435,OF264670,CI7712A4002,Tubo redondo,60.3x2.9,S235JR,250,1,,Fechada,2026-08-07T00:00:00,False,conflito CPIS fechada vs falta corte | máquina ausente
mtg2_d92027db24c68fee:plan:5440,5440,OF264680,H92HN22BBT,Perfil U,UPN50x25,S355J2,60,4,,Em Produção,2026-09-01T00:00:00,False,máquina ausente
mtg2_d92027db24c68fee:plan:5441,5441,OF264689,CI7712A4002,Tubo redondo,60.3x2.9,S235JR,125,500,,Em Produção,2026-08-14T00:00:00,False,máquina ausente
mtg2_d92027db24c68fee:plan:5442,5442,OF264689,CI5422A4001,Calha,20x10x1,,445,500,,Em Produção,2026-08-14T00:00:00,False,máquina ausente | qualidade material ausente
mtg2_d92027db24c68fee:plan:5443,5443,OF264690,CI5422A4001,Calha,20x10x1,,445,500,,Fechada,2026-08-14T00:00:00,False,conflito CPIS fechada vs falta corte | máquina ausente | qualidade material ausente
mtg2_d92027db24c68fee:plan:5444,5444,OF264691,CI7712A4002,Tubo redondo,60.3x2.9,S235JR,125,200,,Em Produção,2026-08-14T00:00:00,False,máquina ausente
mtg2_d92027db24c68fee:plan:5445,5445,OF264691,CI5422A4001,Calha,20x10x1,,445,200,,Em Produção,2026-08-14T00:00:00,False,máquina ausente | qualidade material ausente
mtg2_d92027db24c68fee:plan:5448,5448,OF264695,PR_R2,Varão roscado,M10,A2/70,42,12,Serrote Disco pav 1,Em Produção,2026-10-16T00:00:00,True,
mtg2_d92027db24c68fee:plan:5486,5486,OF264702,CI7712A4002,Tubo redondo,60.3x2.9,S235JR,230,69,Serrote Fita Thomas IS639 Pav.1,Fechada,2026-08-07T00:00:00,True,conflito CPIS fechada vs falta corte
mtg2_d92027db24c68fee:plan:5490,5490,OF264706,CI7712A4002,Tubo redondo,60.3x2.9,S235JR,125,36,,Fechada,2026-08-21T00:00:00,False,conflito CPIS fechada vs falta corte | máquina ausente
mtg2_d92027db24c68fee:plan:5491,5491,OF264707,CI7712A4002,Tubo redondo,60.3x2.9,S235JR,125,21,,Em Produção,2026-08-21T00:00:00,False,máquina ausente
mtg2_d92027db24c68fee:plan:5492,5492,OF264708,CI7712A4002,Tubo redondo,60.3x2.9,S235JR,125,14,Serrote Fita Thomas IS639 Pav.1,Em Produção,2026-08-21T00:00:00,True,
mtg2_d92027db24c68fee:plan:5495,5495,OF264717,CI7712A4002,Tubo redondo,60.3x2.9,S235JR,125,2,,Em Produção,2026-09-04T00:00:00,False,máquina ausente
mtg2_d92027db24c68fee:plan:5503,5503,OF264737,2587M020,Varão roscado,M10,8.8,45,1,Serrote Disco pav 1,Fechada,2026-08-28T00:00:00,True,conflito CPIS fechada vs falta corte
mtg2_d92027db24c68fee:plan:5505,5505,OF264742,5942V001,Tubo redondo,273x5,S355JR,225,1,Serrote Disco pav 1,Em Produção,2026-09-04T00:00:00,True,
mtg2_d92027db24c68fee:plan:5506,5506,OF264742,5942V002,Tubo redondo,114.3x3,S275JR,150,3,Serrote Disco pav 1,Em Produção,2026-09-04T00:00:00,True,
mtg2_d92027db24c68fee:plan:5507,5507,OF264742,5942V004,Tubo redondo,60.3x3,S275JR,150,1,Serrote Disco pav 1,Em Produção,2026-09-04T00:00:00,True,
mtg2_d92027db24c68fee:plan:5512,5512,OF264743,XZ441501,Cantoneira,200x200x28,S355J2,9784,2,,Em Produção,2026-08-17T00:00:00,False,máquina ausente
mtg2_d92027db24c68fee:plan:5513,5513,OF264743,XZ441502,Cantoneira,200x200x28,S355J2,9784,2,,Em Produção,2026-08-17T00:00:00,False,máquina ausente
mtg2_d92027db24c68fee:plan:5514,5514,OF264743,XZ462501,Cantoneira,200x200x28,S355J2,9529,2,,Em Produção,2026-08-17T00:00:00,False,máquina ausente
mtg2_d92027db24c68fee:plan:5515,5515,OF264743,XZ462502,Cantoneira,200x200x28,S355J2,9529,2,,Em Produção,2026-08-17T00:00:00,False,máquina ausente
mtg2_d92027db24c68fee:plan:5516,5516,OF264743,XZ481007,Cantoneira,200x200x28,S355J2,6464,2,,Em Produção,2026-08-17T00:00:00,False,máquina ausente
mtg2_d92027db24c68fee:plan:5517,5517,OF264743,XZ492012,Cantoneira,200x200x28,S355J2,7402,2,,Em Produção,2026-08-17T00:00:00,False,máquina ausente
mtg2_d92027db24c68fee:plan:5518,5518,OF264743,XZ644005,Cantoneira,250x250x24,S355J2,1460,4,,Em Produção,2026-08-17T00:00:00,False,máquina ausente
mtg2_d92027db24c68fee:plan:5519,5519,OF264743,XZ644006,Cantoneira,250x250x24,S355J2,1460,4,,Em Produção,2026-08-17T00:00:00,False,máquina ausente
mtg2_d92027db24c68fee:plan:5522,5522,OF264743,XZ666005,Cantoneira,250x250x24,S355J2,1290,1,,Em Produção,2026-08-17T00:00:00,False,máquina ausente
mtg2_d92027db24c68fee:plan:5523,5523,OF264743,XZ666006,Cantoneira,250x250x24,S355J2,1290,4,,Em Produção,2026-08-17T00:00:00,False,máquina ausente
mtg2_d92027db24c68fee:plan:5524,5524,OF264743,XZ492039,Cantoneira,250x250x26,S355J2,385,2,,Em Produção,2026-08-17T00:00:00,False,máquina ausente
mtg2_d92027db24c68fee:plan:5525,5525,OF264743,XZ492040,Cantoneira,250x250x26,S355J2,385,2,,Em Produção,2026-08-17T00:00:00,False,máquina ausente
mtg2_d92027db24c68fee:plan:5526,5526,OF264743,XZ492041,Cantoneira,250x250x26,S355J2,385,2,,Em Produção,2026-08-17T00:00:00,False,máquina ausente
mtg2_d92027db24c68fee:plan:5527,5527,OF264743,XZ492042,Cantoneira,250x250x26,S355J2,385,2,,Em Produção,2026-08-17T00:00:00,False,máquina ausente
mtg2_d92027db24c68fee:plan:5560,5560,OF264754,CI5221A4006,Tubo redondo,60x2.6,S235JR,2050,105,Serrote MEBA IS381 Pav 3,Em Produção,2026-11-06T00:00:00,True,
mtg2_d92027db24c68fee:plan:5561,5561,OF264754,CI5221A4006,Tubo redondo,114x3.2,S235JR,1600,105,Serrote MEBA IS381 Pav 3,Em Produção,2026-11-06T00:00:00,True,operação abocardar a representar separadamente
mtg2_d92027db24c68fee:plan:5562,5562,OF264755,CI5221A4006,Tubo redondo,60x2.6,S235JR,2550,53,Serrote MEBA IS381 Pav 3,Em Produção,2026-11-06T00:00:00,True,
mtg2_d92027db24c68fee:plan:5563,5563,OF264755,CI5221A4006,Tubo redondo,114x3.2,S235JR,1600,53,Serrote MEBA IS381 Pav 3,Em Produção,2026-11-06T00:00:00,True,operação abocardar a representar separadamente
mtg2_d92027db24c68fee:plan:5564,5564,OF264756,CI5021A4000,Tubo redondo,76x2.6,S235JR,2550,368,Serrote MEBA IS381 Pav 3,Em Produção,2026-10-23T00:00:00,True,
mtg2_d92027db24c68fee:plan:5565,5565,OF264756,CI5021A4000,Tubo redondo,114x3.2,S235JR,1600,368,Serrote MEBA IS381 Pav 3,Em Produção,2026-10-23T00:00:00,True,operação abocardar a representar separadamente
mtg2_d92027db24c68fee:plan:5566,5566,OF264757,CI5221A4006,Tubo redondo,60x2.6,S235JR,2750,105,Serrote MEBA IS381 Pav 3,Em Produção,2026-10-23T00:00:00,True,
mtg2_d92027db24c68fee:plan:5567,5567,OF264757,CI5221A4006,Tubo redondo,114x3.2,S235JR,2100,105,Serrote MEBA IS381 Pav 3,Em Produção,2026-10-23T00:00:00,True,operação abocardar a representar separadamente
mtg2_d92027db24c68fee:plan:5568,5568,OF264758,CI5021A4000,Tubo redondo,76x2.6,S235JR,2750,840,Serrote MEBA IS381 Pav 3,Em Produção,2026-10-16T00:00:00,True,
mtg2_d92027db24c68fee:plan:5569,5569,OF264758,CI5021A4000,Tubo redondo,114x3.2,S235JR,2100,840,Serrote MEBA IS381 Pav 3,Em Produção,2026-10-16T00:00:00,True,operação abocardar a representar separadamente
mtg2_d92027db24c68fee:plan:5571,5571,OF264759,CI5021A4000,Tubo redondo,114x3.2,S235JR,2100,108,Serrote MEBA IS381 Pav 3,Em Produção,2026-09-04T00:00:00,True,operação abocardar a representar separadamente
mtg2_d92027db24c68fee:plan:5572,5572,OF264760,CI5021A4000,Tubo redondo,76x2.6,S235JR,3250,396,Serrote MEBA IS381 Pav 3,Em Produção,2026-09-18T00:00:00,True,
mtg2_d92027db24c68fee:plan:5574,5574,OF264761,CI5621A3005,Tubo redondo,60x2.6,S235JR,2750,53,Serrote MEBA IS381 Pav 3,Em Produção,2026-11-06T00:00:00,True,
mtg2_d92027db24c68fee:plan:5575,5575,OF264761,CI5621A3005,Tubo redondo,89x3,S235JR,2050,53,Serrote MEBA IS381 Pav 3,Em Produção,2026-11-06T00:00:00,True,operação abocardar a representar separadamente
mtg2_d92027db24c68fee:plan:5576,5576,OF264761,CI5621A3005,Tubo redondo,114x3.2,S235JR,2300,53,Serrote MEBA IS381 Pav 3,Em Produção,2026-11-06T00:00:00,True,operação abocardar a representar separadamente
mtg2_d92027db24c68fee:plan:5577,5577,OF264762,CI3422A4005,Tubo redondo,76x2.6,S235JR,3050,105,Serrote MEBA IS381 Pav 3,Em Produção,2026-11-06T00:00:00,True,
mtg2_d92027db24c68fee:plan:5578,5578,OF264762,CI3422A4005,Tubo redondo,89x3.2,S235JR,2850,105,Serrote MEBA IS381 Pav 3,Em Produção,2026-11-06T00:00:00,True,operação abocardar a representar separadamente
mtg2_d92027db24c68fee:plan:5579,5579,OF264762,CI3422A4005,Tubo redondo,133x3.6,S235JR,3400,105,Serrote MEBA IS381 Pav 3,Em Produção,2026-11-06T00:00:00,True,operação abocardar a representar separadamente
mtg2_d92027db24c68fee:plan:5580,5580,OF264763,CI5121A4030,Tubo redondo,133x3,S235JR,400,315,Serrote MEBA IS381 Pav 3,Em Produção,2026-10-30T00:00:00,True,operação abocardar a representar separadamente
mtg2_d92027db24c68fee:plan:5581,5581,OF264763,CI5121A4000,Tubo redondo,76x2.6,S235JR,3250,315,Serrote MEBA IS381 Pav 3,Em Produção,2026-10-30T00:00:00,True,
mtg2_d92027db24c68fee:plan:5582,5582,OF264763,CI5121A4000,Tubo redondo,114x3.2,S235JR,2600,315,Serrote MEBA IS381 Pav 3,Em Produção,2026-10-30T00:00:00,True,operação abocardar a representar separadamente
mtg2_d92027db24c68fee:plan:5588,5588,OF264774,CI5421A3004,Tubo redondo,76x2.6,S235JR,2750,840,Serrote MEBA IS381 Pav 3,Em Produção,2026-10-02T00:00:00,True,
mtg2_d92027db24c68fee:plan:5589,5589,OF264774,CI5421A3004,Tubo redondo,89x3,S235JR,2050,840,Serrote MEBA IS381 Pav 3,Em Produção,2026-10-02T00:00:00,True,operação abocardar a representar separadamente
mtg2_d92027db24c68fee:plan:5590,5590,OF264774,CI5421A3004,Tubo redondo,114x3.2,S235JR,2300,840,Serrote MEBA IS381 Pav 3,Em Produção,2026-10-02T00:00:00,True,operação abocardar a representar separadamente
mtg2_d92027db24c68fee:plan:5592,5592,OF264775,0134V001,Tubo quadrado,100x100x4,S235JR,730,1,Serrote Disco pav 1,Em Produção,2026-08-11T00:00:00,True,
mtg2_d92027db24c68fee:plan:5594,5594,OF264780,CC0111A4613,Calha,20x10x1,,550,3,,Fechada,2026-08-21T00:00:00,False,conflito CPIS fechada vs falta corte | máquina ausente | qualidade material ausente
mtg2_d92027db24c68fee:plan:5596,5596,OF264802,CI1106A4017,Tubo redondo,60x3,S275JR,1387,6,Serrote Fita Thomas IS639 Pav.1,Fechada,2026-08-14T00:00:00,True,conflito CPIS fechada vs falta corte
mtg2_d92027db24c68fee:plan:5614,5614,OF264852,CS04H001,Varão redondo,18,S355JR,1000,120,Serrote Disco pav 1,Em Produção,2026-08-21T00:00:00,True,
mtg2_d92027db24c68fee:plan:5616,5616,OF264859,CI7712A4002,Tubo redondo,60.3x2.9,S235JR,520,9,Serrote MEBA IS381 Pav 3,Em Produção,2026-08-14T00:00:00,True,
mtg2_d92027db24c68fee:plan:5618,5618,OF264860,CI7712A4002,Tubo redondo,60.3x2.9,S235JR,520,57,Serrote MEBA IS381 Pav 3,Em Produção,2026-11-13T00:00:00,True,
mtg2_d92027db24c68fee:plan:5623,5623,OF264877,CR0013A4001,Tubo redondo,21.3x2.35,S235JR,455,10,Serrote Disco pav 1,Fechada,2026-07-31T00:00:00,True,conflito CPIS fechada vs falta corte
mtg2_d92027db24c68fee:plan:5625,5625,OF264878,CI7712A4002,Tubo redondo,60.3x2.9,S235JR,125,22,,Fechada,2026-08-14T00:00:00,False,conflito CPIS fechada vs falta corte | máquina ausente
mtg2_d92027db24c68fee:plan:5629,5629,OF264884,2998U006,Perfil I,IPN80,S355JR,2100,6,Serrote Disco pav 1,Em Produção,2026-08-28T00:00:00,True,
mtg2_d92027db24c68fee:plan:5630,5630,OF264884,2998U007,Perfil I,IPN80,S355JR,3150,3,Serrote Disco pav 1,Em Produção,2026-08-28T00:00:00,True,
mtg2_d92027db24c68fee:plan:5631,5631,OF264884,2998U009,Perfil I,IPN80,S355JR,2450,3,Serrote Disco pav 1,Em Produção,2026-08-28T00:00:00,True,
mtg2_d92027db24c68fee:plan:5639,5639,OF264886,SBUM27X9539,Varão redondo,27,S355J2+N,929,12,Serrote Disco pav 1,Em Produção,2026-09-18T00:00:00,True,
mtg2_d92027db24c68fee:plan:5643,5643,OF264897,4236V015,Varão roscado,M10,A2,180,4,Serrote Disco pav 1,Fechada,2026-08-14T00:00:00,True,conflito CPIS fechada vs falta corte
mtg2_d92027db24c68fee:plan:5693,5693,OF264911,CD04T004,Varão redondo,24,S355J2,770,6,Serrote Disco pav 1,Em Produção,2026-10-07T00:00:00,True,
mtg2_d92027db24c68fee:plan:5696,5696,OF264911,CD04T520,Chapa,78x45,S355J2,236,8,Serrote Disco pav 1,Em Produção,2026-10-07T00:00:00,True,
mtg2_d92027db24c68fee:plan:5710,5710,OF264947,CI7712A4002,Tubo redondo,60.3x2.9,S235JR,125,31,,Fechada,2026-08-21T00:00:00,False,conflito CPIS fechada vs falta corte | máquina ausente
mtg2_d92027db24c68fee:plan:5721,5721,OF264949,D212T032,Tubo quadrado,40x40x3,S275JR,275,1,Serrote Disco pav 1,Em Produção,2026-09-11T00:00:00,True,
mtg2_d92027db24c68fee:plan:5725,5725,OF264952,3926P001,Tubo redondo,60x2.9,S235JR,3150,2,,Em Produção,2026-08-28T00:00:00,False,máquina ausente
mtg2_d92027db24c68fee:plan:5726,5726,OF264952,3926P001,Tubo redondo,114x3,S235JR,2200,2,,Em Produção,2026-08-28T00:00:00,False,máquina ausente
mtg2_d92027db24c68fee:plan:5727,5727,OF264955,4192O00,Tubo redondo,244.5x6.3,S355J0H,75,3,Serrote Disco pav 1,Em Produção,2026-09-18T00:00:00,True,
mtg2_d92027db24c68fee:plan:5728,5728,OF264955,5189K001,Tubo redondo,60.3x2.9,S355J0H,144,9,Serrote Disco pav 1,Em Produção,2026-09-18T00:00:00,True,
mtg2_d92027db24c68fee:plan:5729,5729,OF264955,5340N002,Tubo redondo,48.2x2.9,S235JR,80,9,Serrote Disco pav 1,Em Produção,2026-09-18T00:00:00,True,
mtg2_d92027db24c68fee:plan:5732,5732,OF264957,2539N001,Tubo redondo,89x3,S275JR,1750,4,Serrote MEBA IS381 Pav 3,Em Produção,2026-08-21T00:00:00,True,
mtg2_d92027db24c68fee:plan:5733,5733,OF264957,2539N002,Tubo redondo,140x3,S275JR,1200,4,Serrote MEBA IS381 Pav 3,Em Produção,2026-08-21T00:00:00,True,
mtg2_d92027db24c68fee:plan:5734,5734,OF264958,4192O004,Varão roscado,M10,8.8,250,1,,Em Produção,2026-09-18T00:00:00,False,máquina ausente
mtg2_d92027db24c68fee:plan:5735,5735,OF264959,CIC115A4001,Tubo redondo,60.3x2.9,S235JR,2054,3,Serrote Fita Thomas IS639 Pav.1,Em Produção,2026-08-25T00:00:00,True,
mtg2_d92027db24c68fee:plan:5769,5769,OF264968,GGH30-1,Perfil H,HEB300,S355J2+AR,7625,4,Vanguard,Em Produção,2026-09-25T00:00:00,False,área calculada zero
mtg2_d92027db24c68fee:plan:5771,5771,OF264968,GGH30-3,Perfil H,HEB300,S355J2+AR,1827,4,Vanguard,Em Produção,2026-09-25T00:00:00,False,área calculada zero
mtg2_d92027db24c68fee:plan:5776,5776,OF264981,CI1106A4008,Tubo redondo,60.3x2.9,S235JR,1163,100,Serrote Fita Thomas IS639 Pav.1,Em Produção,2026-08-21T00:00:00,True,
mtg2_d92027db24c68fee:plan:5781,5781,OF264989,2998U012,Varão roscado,M30,8.8,1700,16,,Fechada,2026-08-14T00:00:00,False,conflito CPIS fechada vs falta corte | máquina ausente
mtg2_d92027db24c68fee:plan:5782,5782,OF264991,PA3SV1,Tubo redondo,88.9x4,S355J0H,5839,45,,Em Produção,2026-09-18T00:00:00,False,máquina ausente
mtg2_d92027db24c68fee:plan:5783,5783,OF264991,PA3SV4,Tubo redondo,139.7x4,S355J0H,5841,45,,Em Produção,2026-09-18T00:00:00,False,máquina ausente
mtg2_d92027db24c68fee:plan:5784,5784,OF264991,PA3SV8,Tubo redondo,177.8x5,S355J0H,5835,45,,Em Produção,2026-09-18T00:00:00,False,máquina ausente
mtg2_d92027db24c68fee:plan:5785,5785,OF264991,PA3SV15,Tubo redondo,193.7x6,S355J0H,5835,45,,Em Produção,2026-09-18T00:00:00,False,máquina ausente
mtg2_d92027db24c68fee:plan:5786,5786,OF264991,PA3SV22,Tubo redondo,193.7x8,S355J0H,5833,45,,Em Produção,2026-09-18T00:00:00,False,máquina ausente
mtg2_d92027db24c68fee:plan:5787,5787,OF264991,PA3SV29,Tubo redondo,193.7x10,S355J0H,5828,30,,Em Produção,2026-09-18T00:00:00,False,máquina ausente
mtg2_d92027db24c68fee:plan:5788,5788,OF264991,PA3SV45,Tubo redondo,219.1x10,S355J0H,812,15,,Em Produção,2026-09-18T00:00:00,False,máquina ausente
mtg2_d92027db24c68fee:plan:5789,5789,OF264991,PA3SV46,Tubo redondo,244.5x10,S355J0H,948,15,,Em Produção,2026-09-18T00:00:00,False,máquina ausente
mtg2_d92027db24c68fee:plan:5838,5838,OF265004,BASE 26 - 2876,Tubo quadrado,50x50x3,,2876,3,,Em Produção,2026-08-07T00:00:00,False,máquina ausente | qualidade material ausente
mtg2_d92027db24c68fee:plan:5839,5839,OF265004,BASE 26 - 2880,Tubo quadrado,50x50x3,,2880,3,,Em Produção,2026-08-07T00:00:00,False,máquina ausente | qualidade material ausente
mtg2_d92027db24c68fee:plan:5842,5842,OF265004,BASE 26 - 2909,Tubo quadrado,50x50x3,,2909,3,,Em Produção,2026-08-07T00:00:00,False,máquina ausente | qualidade material ausente
mtg2_d92027db24c68fee:plan:5847,5847,OF265004,BASE 26 - 2885,Tubo quadrado,50x50x3,,2885,69,,Em Produção,2026-08-07T00:00:00,False,máquina ausente | qualidade material ausente
mtg2_d92027db24c68fee:plan:5855,5855,OF265004,1P100,Tubo quadrado,50x50x3,,2791.1,3,Serrote Doall Pav.1,Em Produção,2026-08-07T00:00:00,False,qualidade material ausente
mtg2_d92027db24c68fee:plan:5857,5857,OF265004,1P103,Tubo quadrado,50x50x3,,2258.1,6,Serrote Doall Pav.1,Em Produção,2026-08-07T00:00:00,False,qualidade material ausente
mtg2_d92027db24c68fee:plan:5860,5860,OF265004,1P108,Tubo quadrado,50x50x3,,2951.2,3,Serrote Doall Pav.1,Em Produção,2026-08-07T00:00:00,False,qualidade material ausente
mtg2_d92027db24c68fee:plan:5861,5861,OF265004,1P109,Tubo quadrado,50x50x3,,2792.1,3,Serrote Doall Pav.1,Em Produção,2026-08-07T00:00:00,False,qualidade material ausente
mtg2_d92027db24c68fee:plan:5862,5862,OF265004,1P110,Tubo quadrado,50x50x3,,2976.1,3,Serrote Doall Pav.1,Em Produção,2026-08-07T00:00:00,False,qualidade material ausente
mtg2_d92027db24c68fee:plan:5864,5864,OF265004,1P112,Tubo quadrado,50x50x3,,2978.2,6,Serrote Doall Pav.1,Em Produção,2026-08-07T00:00:00,False,qualidade material ausente
mtg2_d92027db24c68fee:plan:5865,5865,OF265004,1P113,Tubo quadrado,50x50x3,,2884.2,3,Serrote Doall Pav.1,Em Produção,2026-08-07T00:00:00,False,qualidade material ausente
mtg2_d92027db24c68fee:plan:5867,5867,OF265004,1P117,Tubo quadrado,50x50x3,,2946.8,3,Serrote Doall Pav.1,Em Produção,2026-08-07T00:00:00,False,qualidade material ausente
mtg2_d92027db24c68fee:plan:5869,5869,OF265004,1P119,Tubo quadrado,50x50x3,,2206.6,3,Serrote Doall Pav.1,Em Produção,2026-08-07T00:00:00,False,qualidade material ausente
mtg2_d92027db24c68fee:plan:5872,5872,OF265004,1P122,Tubo quadrado,50x50x3,,2169.1,6,Serrote Doall Pav.1,Em Produção,2026-08-07T00:00:00,False,qualidade material ausente
mtg2_d92027db24c68fee:plan:5873,5873,OF265004,1P123,Tubo quadrado,50x50x3,,2973.1,3,Serrote Doall Pav.1,Em Produção,2026-08-07T00:00:00,False,qualidade material ausente
mtg2_d92027db24c68fee:plan:5874,5874,OF265004,1P124,Tubo quadrado,50x50x3,,2799.1,3,Serrote Doall Pav.1,Em Produção,2026-08-07T00:00:00,False,qualidade material ausente
mtg2_d92027db24c68fee:plan:5880,5880,OF265004,1P14,Tubo quadrado,50x50x3,,2871.1,30,Serrote Doall Pav.1,Em Produção,2026-08-07T00:00:00,False,qualidade material ausente
mtg2_d92027db24c68fee:plan:5881,5881,OF265004,1P15,Tubo quadrado,50x50x3,,2908.4,3,Serrote Doall Pav.1,Em Produção,2026-08-07T00:00:00,False,qualidade material ausente
mtg2_d92027db24c68fee:plan:5882,5882,OF265004,1P18,Tubo quadrado,50x50x3,,2863.1,27,Serrote Doall Pav.1,Em Produção,2026-08-07T00:00:00,False,qualidade material ausente
mtg2_d92027db24c68fee:plan:5885,5885,OF265004,1P22,Tubo quadrado,50x50x3,,2674.1,6,Serrote Doall Pav.1,Em Produção,2026-08-07T00:00:00,False,qualidade material ausente
mtg2_d92027db24c68fee:plan:5886,5886,OF265004,1P23,Tubo quadrado,50x50x3,,2866.6,3,Serrote Doall Pav.1,Em Produção,2026-08-07T00:00:00,False,qualidade material ausente
mtg2_d92027db24c68fee:plan:5887,5887,OF265004,1P25,Tubo quadrado,50x50x3,,2854.2,21,Serrote Doall Pav.1,Em Produção,2026-08-07T00:00:00,False,qualidade material ausente
mtg2_d92027db24c68fee:plan:5888,5888,OF265004,1P27,Tubo quadrado,50x50x3,,2899.5,3,Serrote Doall Pav.1,Em Produção,2026-08-07T00:00:00,False,qualidade material ausente
mtg2_d92027db24c68fee:plan:5889,5889,OF265004,1P28,Tubo quadrado,50x50x3,,1917.7,3,Serrote Doall Pav.1,Em Produção,2026-08-07T00:00:00,False,qualidade material ausente
mtg2_d92027db24c68fee:plan:5890,5890,OF265004,1P3,Tubo quadrado,50x50x3,,2884.2,162,Serrote Doall Pav.1,Em Produção,2026-08-07T00:00:00,False,qualidade material ausente
mtg2_d92027db24c68fee:plan:5891,5891,OF265004,1P30,Tubo quadrado,50x50x3,,1327.5,3,Serrote Doall Pav.1,Em Produção,2026-08-07T00:00:00,False,qualidade material ausente
mtg2_d92027db24c68fee:plan:5892,5892,OF265004,1P32,Tubo quadrado,50x50x3,,1545.1,24,Serrote Doall Pav.1,Em Produção,2026-08-07T00:00:00,False,qualidade material ausente
mtg2_d92027db24c68fee:plan:5893,5893,OF265004,1P33,Tubo quadrado,50x50x3,,1314.1,27,Serrote Doall Pav.1,Em Produção,2026-08-07T00:00:00,False,qualidade material ausente
mtg2_d92027db24c68fee:plan:5894,5894,OF265004,1P35,Tubo quadrado,50x50x3,,1309.7,3,Serrote Doall Pav.1,Em Produção,2026-08-07T00:00:00,False,qualidade material ausente
mtg2_d92027db24c68fee:plan:5896,5896,OF265004,1P38,Tubo quadrado,50x50x3,,2874.1,21,Serrote Doall Pav.1,Em Produção,2026-08-07T00:00:00,False,qualidade material ausente
mtg2_d92027db24c68fee:plan:5897,5897,OF265004,1P39,Tubo quadrado,50x50x3,,2813.6,3,Serrote Doall Pav.1,Em Produção,2026-08-07T00:00:00,False,qualidade material ausente
mtg2_d92027db24c68fee:plan:5899,5899,OF265004,1P40,Tubo quadrado,50x50x3,,1298.8,3,Serrote Doall Pav.1,Em Produção,2026-08-07T00:00:00,False,qualidade material ausente
mtg2_d92027db24c68fee:plan:5900,5900,OF265004,1P41,Tubo quadrado,50x50x3,,2931.7,3,Serrote Doall Pav.1,Em Produção,2026-08-07T00:00:00,False,qualidade material ausente
mtg2_d92027db24c68fee:plan:5902,5902,OF265004,1P43,Tubo quadrado,50x50x3,,2781.8,3,Serrote Doall Pav.1,Em Produção,2026-08-07T00:00:00,False,qualidade material ausente
mtg2_d92027db24c68fee:plan:5904,5904,OF265004,1P46,Tubo quadrado,50x50x3,,1554.1,6,Serrote Doall Pav.1,Em Produção,2026-08-07T00:00:00,False,qualidade material ausente
mtg2_d92027db24c68fee:plan:5911,5911,OF265004,1P56,Tubo quadrado,50x50x3,,2822.5,3,Serrote Doall Pav.1,Em Produção,2026-08-07T00:00:00,False,qualidade material ausente
mtg2_d92027db24c68fee:plan:5912,5912,OF265004,1P57,Tubo quadrado,50x50x3,,2970.6,3,Serrote Doall Pav.1,Em Produção,2026-08-07T00:00:00,False,qualidade material ausente
mtg2_d92027db24c68fee:plan:5914,5914,OF265004,1P59,Tubo quadrado,50x50x3,,2792.7,3,Serrote Doall Pav.1,Em Produção,2026-08-07T00:00:00,False,qualidade material ausente
mtg2_d92027db24c68fee:plan:5917,5917,OF265004,1P61,Tubo quadrado,50x50x3,,2779,3,Serrote Doall Pav.1,Em Produção,2026-08-07T00:00:00,False,qualidade material ausente
mtg2_d92027db24c68fee:plan:5919,5919,OF265004,1P63,Tubo quadrado,50x50x3,,2793.2,3,Serrote Doall Pav.1,Em Produção,2026-08-07T00:00:00,False,qualidade material ausente
mtg2_d92027db24c68fee:plan:5920,5920,OF265004,1P64,Tubo quadrado,50x50x3,,2968.3,6,Serrote Doall Pav.1,Em Produção,2026-08-07T00:00:00,False,qualidade material ausente
mtg2_d92027db24c68fee:plan:5923,5923,OF265004,1P67,Tubo quadrado,50x50x3,,2777.2,3,Serrote Doall Pav.1,Em Produção,2026-08-07T00:00:00,False,qualidade material ausente
mtg2_d92027db24c68fee:plan:5927,5927,OF265004,1P74,Tubo quadrado,50x50x3,,2772.2,3,Serrote Doall Pav.1,Em Produção,2026-08-07T00:00:00,False,qualidade material ausente
mtg2_d92027db24c68fee:plan:5928,5928,OF265004,1P75,Tubo quadrado,50x50x3,,2838.6,3,Serrote Doall Pav.1,Em Produção,2026-08-07T00:00:00,False,qualidade material ausente
mtg2_d92027db24c68fee:plan:5929,5929,OF265004,1P76,Tubo quadrado,50x50x3,,2924.2,3,Serrote Doall Pav.1,Em Produção,2026-08-07T00:00:00,False,qualidade material ausente
mtg2_d92027db24c68fee:plan:5930,5930,OF265004,1P77,Tubo quadrado,50x50x3,,2884.2,39,Serrote Doall Pav.1,Em Produção,2026-08-07T00:00:00,False,qualidade material ausente
mtg2_d92027db24c68fee:plan:5931,5931,OF265004,1P78,Tubo quadrado,50x50x3,,2878.2,27,Serrote Doall Pav.1,Em Produção,2026-08-07T00:00:00,False,qualidade material ausente
mtg2_d92027db24c68fee:plan:5934,5934,OF265004,1P88,Tubo quadrado,50x50x3,,1256.1,3,Serrote Doall Pav.1,Em Produção,2026-08-07T00:00:00,False,qualidade material ausente
mtg2_d92027db24c68fee:plan:5939,5939,OF265004,1P95,Tubo quadrado,50x50x3,,2849.6,3,Serrote Doall Pav.1,Em Produção,2026-08-07T00:00:00,False,qualidade material ausente
mtg2_d92027db24c68fee:plan:5940,5940,OF265004,1P99,Tubo quadrado,50x50x3,,1211.1,3,Serrote Doall Pav.1,Em Produção,2026-08-07T00:00:00,False,qualidade material ausente
mtg2_d92027db24c68fee:plan:5941,5941,OF265007,5295V010,Tubo retangular,50x40x3,S275JR,3463,4,Serrote Disco pav 1,Em Produção,2026-09-11T00:00:00,True,
mtg2_d92027db24c68fee:plan:5944,5944,OF265007,CR1213A4051,Tubo quadrado,40x40x5,S275JR,933,8,Serrote Disco pav 1,Em Produção,2026-09-11T00:00:00,True,
mtg2_d92027db24c68fee:plan:5945,5945,OF265007,CR1213A4050,Tubo quadrado,40x40x5,S275JR,1900,2,Serrote Disco pav 1,Em Produção,2026-09-11T00:00:00,True,
mtg2_d92027db24c68fee:plan:5946,5946,OF265008,PA3SV2,Tubo redondo,48.3x3,S355J0H,1411,180,Serrote MEBA IS381 Pav 3,Em Produção,2026-09-18T00:00:00,True,
mtg2_d92027db24c68fee:plan:5947,5947,OF265008,PA3SV3,Tubo redondo,60.3x3,S355J0H,1885,135,Serrote MEBA IS381 Pav 3,Em Produção,2026-09-18T00:00:00,True,
mtg2_d92027db24c68fee:plan:5948,5948,OF265008,PA3SV5,Tubo redondo,60.3x3,S355J0H,1928,45,Serrote MEBA IS381 Pav 3,Em Produção,2026-09-18T00:00:00,True,
mtg2_d92027db24c68fee:plan:5949,5949,OF265008,PA3SV6,Tubo redondo,48.3x3,S355J0H,1336,180,Serrote MEBA IS381 Pav 3,Em Produção,2026-09-18T00:00:00,True,
mtg2_d92027db24c68fee:plan:5950,5950,OF265008,PA3SV7,Tubo redondo,76.1x3,S355J0H,1827,35,Serrote MEBA IS381 Pav 3,Em Produção,2026-09-18T00:00:00,True,
mtg2_d92027db24c68fee:plan:5951,5951,OF265008,PA3SV9,Tubo redondo,76.1x3,S355J0H,1767,45,Serrote MEBA IS381 Pav 3,Em Produção,2026-09-18T00:00:00,True,
mtg2_d92027db24c68fee:plan:5952,5952,OF265008,PA3SV10,Tubo redondo,48.3x3,S355J0H,1271,45,Serrote MEBA IS381 Pav 3,Em Produção,2026-09-18T00:00:00,True,
mtg2_d92027db24c68fee:plan:5953,5953,OF265008,PA3SV11,Tubo redondo,76.1x3,S355J0H,2088,45,Serrote MEBA IS381 Pav 3,Em Produção,2026-09-18T00:00:00,True,
mtg2_d92027db24c68fee:plan:5954,5954,OF265008,PA3SV12,Tubo redondo,48.3x3,S355J0H,1367,45,Serrote MEBA IS381 Pav 3,Em Produção,2026-09-18T00:00:00,True,
mtg2_d92027db24c68fee:plan:5955,5955,OF265008,PA3SV13,Tubo redondo,76.1x3,S355J0H,2148,45,Serrote MEBA IS381 Pav 3,Em Produção,2026-09-18T00:00:00,True,
mtg2_d92027db24c68fee:plan:5956,5956,OF265008,PA3SV14,Tubo redondo,48.3x3,S355J0H,1442,45,Serrote MEBA IS381 Pav 3,Em Produção,2026-09-18T00:00:00,True,
mtg2_d92027db24c68fee:plan:5957,5957,OF265008,PA3SV17,Tubo redondo,48.3x3,S355J0H,1489,45,Serrote MEBA IS381 Pav 3,Em Produção,2026-09-18T00:00:00,True,
mtg2_d92027db24c68fee:plan:5958,5958,OF265008,PA3SV18,Tubo redondo,88.9x3,S355J0H,2229,45,Serrote MEBA IS381 Pav 3,Em Produção,2026-09-18T00:00:00,True,
mtg2_d92027db24c68fee:plan:5959,5959,OF265008,PA3SV19,Tubo redondo,48.3x3,S355J0H,1564,90,Serrote MEBA IS381 Pav 3,Em Produção,2026-09-18T00:00:00,True,
mtg2_d92027db24c68fee:plan:5960,5960,OF265008,PA3SV20,Tubo redondo,88.9x3,S355J0H,2293,45,Serrote MEBA IS381 Pav 3,Em Produção,2026-09-18T00:00:00,True,
mtg2_d92027db24c68fee:plan:5961,5961,OF265008,PA3SV21,Tubo redondo,48.3x3,S355J0H,1642,45,Serrote MEBA IS381 Pav 3,Em Produção,2026-09-18T00:00:00,True,
mtg2_d92027db24c68fee:plan:5962,5962,OF265008,PA3SV23,Tubo redondo,88.9x3,S355J0H,2379,45,Serrote MEBA IS381 Pav 3,Em Produção,2026-09-18T00:00:00,True,
mtg2_d92027db24c68fee:plan:5963,5963,OF265008,PA3SV24,Tubo redondo,48.3x3,S355J0H,1710,45,Serrote MEBA IS381 Pav 3,Em Produção,2026-09-18T00:00:00,True,
mtg2_d92027db24c68fee:plan:5964,5964,OF265008,PA3SV25,Tubo redondo,88.9x3,S355J0H,2409,45,Serrote MEBA IS381 Pav 3,Em Produção,2026-09-18T00:00:00,True,
mtg2_d92027db24c68fee:plan:5965,5965,OF265008,PA3SV26,Tubo redondo,48.3x3,S355J0H,1788,45,Serrote MEBA IS381 Pav 3,Em Produção,2026-09-18T00:00:00,True,
mtg2_d92027db24c68fee:plan:5966,5966,OF265008,PA3SV27,Tubo redondo,88.9x3,S355J0H,2474,45,Serrote MEBA IS381 Pav 3,Em Produção,2026-09-18T00:00:00,True,
mtg2_d92027db24c68fee:plan:5967,5967,OF265008,PA3SV28,Tubo redondo,48.3x3,S355J0H,1865,45,Serrote MEBA IS381 Pav 3,Em Produção,2026-09-18T00:00:00,True,
mtg2_d92027db24c68fee:plan:5968,5968,OF265008,PA3SV30,Tubo redondo,88.9x3,S355J0H,2511,30,Serrote MEBA IS381 Pav 3,Em Produção,2026-09-18T00:00:00,True,
mtg2_d92027db24c68fee:plan:5969,5969,OF265008,PA3SV31,Tubo redondo,48.3x3,S355J0H,1940,30,Serrote MEBA IS381 Pav 3,Em Produção,2026-09-18T00:00:00,True,
mtg2_d92027db24c68fee:plan:5970,5970,OF265008,PA3SV32,Tubo redondo,88.9x3,S355J0H,2602,30,Serrote MEBA IS381 Pav 3,Em Produção,2026-09-18T00:00:00,True,
mtg2_d92027db24c68fee:plan:5971,5971,OF265008,PA3SV33,Tubo redondo,48.3x3,S355J0H,2016,30,Serrote MEBA IS381 Pav 3,Em Produção,2026-09-18T00:00:00,True,
mtg2_d92027db24c68fee:plan:5972,5972,OF265008,PA3SV34,Tubo redondo,88.9x3,S355J0H,2668,30,Serrote MEBA IS381 Pav 3,Em Produção,2026-09-18T00:00:00,True,
mtg2_d92027db24c68fee:plan:5973,5973,OF265008,PA3SV35,Tubo redondo,48.3x3,S355J0H,2093,15,Serrote MEBA IS381 Pav 3,Em Produção,2026-09-18T00:00:00,True,
mtg2_d92027db24c68fee:plan:5974,5974,OF265008,PA3SV37,Tubo redondo,88.9x3,S355J0H,2731,15,Serrote MEBA IS381 Pav 3,Em Produção,2026-09-18T00:00:00,True,
mtg2_d92027db24c68fee:plan:5975,5975,OF265008,PA3SV38,Tubo redondo,48.3x3,S355J0H,2137,15,Serrote MEBA IS381 Pav 3,Em Produção,2026-09-18T00:00:00,True,
mtg2_d92027db24c68fee:plan:5976,5976,OF265008,PA3SV39,Tubo redondo,101.6x3,S355J0H,2725,15,Serrote MEBA IS381 Pav 3,Em Produção,2026-09-18T00:00:00,True,
mtg2_d92027db24c68fee:plan:5977,5977,OF265008,PA3SV40,Tubo redondo,48.3x3,S355J0H,2214,15,Serrote MEBA IS381 Pav 3,Em Produção,2026-09-18T00:00:00,True,
mtg2_d92027db24c68fee:plan:5978,5978,OF265008,PA3SV41,Tubo redondo,101.6x3,S355J0H,2792,15,Serrote MEBA IS381 Pav 3,Em Produção,2026-09-18T00:00:00,True,
mtg2_d92027db24c68fee:plan:5979,5979,OF265008,PA3SV42,Tubo redondo,48.3x3,S355J0H,2283,15,Serrote MEBA IS381 Pav 3,Em Produção,2026-09-18T00:00:00,True,
mtg2_d92027db24c68fee:plan:5980,5980,OF265008,PA3SV43,Tubo redondo,88.9x3,S355J0H,3003,15,Serrote MEBA IS381 Pav 3,Em Produção,2026-09-18T00:00:00,True,
mtg2_d92027db24c68fee:plan:5981,5981,OF265008,PA3SV44,Tubo redondo,48.3x3,S355J0H,2090,15,Serrote MEBA IS381 Pav 3,Em Produção,2026-09-18T00:00:00,True,
mtg2_d92027db24c68fee:plan:5982,5982,OF265008,PA3SV47,Tubo redondo,101.6x3,S355J0H,3143,15,Serrote MEBA IS381 Pav 3,Em Produção,2026-09-18T00:00:00,True,
mtg2_d92027db24c68fee:plan:5983,5983,OF265008,PA3SV48,Tubo redondo,88.9x3,S355J0H,2724,15,Serrote MEBA IS381 Pav 3,Em Produção,2026-09-18T00:00:00,True,
mtg2_d92027db24c68fee:plan:5984,5984,OF265009,4788V006,Varão roscado,M10,A2/70,165,2964,,Em Produção,2026-08-11T00:00:00,False,máquina ausente
mtg2_d92027db24c68fee:plan:5985,5985,OF265010,CR1012A4004,Varão redondo,20,S355JR,1200,16,Serrote Disco pav 1,Em Produção,2026-08-21T00:00:00,True,
mtg2_d92027db24c68fee:plan:5988,5988,OF265012,5877T4104,Tubo redondo,114.3x6.3,S355J2,3050,3,Serrote MEBA IS381 Pav 3,Fechada,2026-08-21T00:00:00,True,conflito CPIS fechada vs falta corte
mtg2_d92027db24c68fee:plan:5993,5993,OF265022,6442V001,Tubo redondo,406x10,S355J2,200,1,Serrote MEBA IS381 Pav 3,Em Produção,2026-08-21T00:00:00,True,
mtg2_d92027db24c68fee:plan:5998,5998,OF265033,CI7712A4002,Tubo redondo,60.3x2.9,S235JR,125,14,Serrote Fita Thomas IS639 Pav.1,Fechada,2026-08-21T00:00:00,True,conflito CPIS fechada vs falta corte
mtg2_d92027db24c68fee:plan:6009,6009,OF265061,0641S010,Calha,20x10x1,,1050,16,Serrote Disco pav 1,Em Produção,2026-08-28T00:00:00,False,qualidade material ausente
mtg2_d92027db24c68fee:plan:6010,6010,OF265062,0641S010,Calha,20x10x1,,1050,15,Serrote Disco pav 1,Em Produção,2026-08-28T00:00:00,False,qualidade material ausente
mtg2_d92027db24c68fee:plan:6016,6016,OF265105,CC0111A4619,Calha,20x10x1,,455,8,,Em Produção,2026-09-04T00:00:00,False,máquina ausente | qualidade material ausente
mtg2_d92027db24c68fee:plan:6021,6021,OF265126,6482-S1,Tubo redondo,273x12.5,S355J2H,6405,6,,Fechada,2026-08-21T00:00:00,False,conflito CPIS fechada vs falta corte | máquina ausente
mtg2_d92027db24c68fee:plan:6022,6022,OF265126,6482-S2,Tubo redondo,273x12.5,S355J2H,6290,6,,Fechada,2026-08-21T00:00:00,False,conflito CPIS fechada vs falta corte | máquina ausente
mtg2_d92027db24c68fee:plan:6024,6024,OF265132,PA31M1,Tubo redondo,88.9x3,S355JR,5839,9,Serrote MEBA IS381 Pav 3,Em Produção,2026-10-09T00:00:00,True,
mtg2_d92027db24c68fee:plan:6025,6025,OF265132,PA31M2,Tubo redondo,139.7x4,S355J0H,5841,9,Serrote MEBA IS381 Pav 3,Em Produção,2026-10-09T00:00:00,True,
mtg2_d92027db24c68fee:plan:6026,6026,OF265132,PA31M3,Tubo redondo,177.8x5,S355J0H,5835,6,Serrote MEBA IS381 Pav 3,Em Produção,2026-10-09T00:00:00,True,
mtg2_d92027db24c68fee:plan:6027,6027,OF265132,PA31M16,Tubo redondo,177.8x5,S355J0H,3256,3,Serrote MEBA IS381 Pav 3,Em Produção,2026-10-09T00:00:00,True,
mtg2_d92027db24c68fee:plan:6028,6028,OF265132,PA31M1043,Tubo redondo,193.7x6,S355J0H,385,6,Serrote MEBA IS381 Pav 3,Em Produção,2026-10-09T00:00:00,True,
mtg2_d92027db24c68fee:plan:6034,6034,OF265157,TA0418A4001,Tubo redondo,76.1x3.2,S235JR,1000,2,Serrote Disco pav 1,Em Produção,2026-09-25T00:00:00,True,
mtg2_d92027db24c68fee:plan:6035,6035,OF265157,CA1AO19,Varão redondo,20,S235JR,455,270,Serrote Disco pav 1,Em Produção,2026-09-25T00:00:00,True,
mtg2_d92027db24c68fee:plan:6036,6036,OF265157,PA0107A4300,Tubo redondo,18x2,S235JR,78,5,Serrote Disco pav 1,Em Produção,2026-09-25T00:00:00,True,
mtg2_d92027db24c68fee:plan:6037,6037,OF265157,PA0107A4301,Varão redondo,12,INOX,117,5,Serrote Disco pav 1,Em Produção,2026-09-25T00:00:00,True,
mtg2_d92027db24c68fee:plan:6038,6038,OF265157,CA2397A4001,Varão redondo,12,S235JR,230,2,Serrote Disco pav 1,Em Produção,2026-09-25T00:00:00,True,
mtg2_d92027db24c68fee:plan:6039,6039,OF265157,CA4317A4007,Perfil U,UPN65x42,S275JR,3518,4,Serrote Disco pav 1,Em Produção,2026-09-25T00:00:00,True,
mtg2_d92027db24c68fee:plan:6040,6040,OF265157,CA4317A4008,Tubo redondo,33.7x2.6,S235JR,1190,12,Serrote Disco pav 1,Em Produção,2026-09-25T00:00:00,True,
mtg2_d92027db24c68fee:plan:6041,6041,OF265157,CA4317A4009,Tubo redondo,26.9x2.3,S235JR,3595,4,Serrote Disco pav 1,Em Produção,2026-09-25T00:00:00,True,
mtg2_d92027db24c68fee:plan:6042,6042,OF265157,CA4317A4010,Tubo redondo,33.7x2.6,S235JR,3595,4,Serrote Disco pav 1,Em Produção,2026-09-25T00:00:00,True,
mtg2_d92027db24c68fee:plan:6043,6043,OF265157,CA4317A4011,Perfil U,UPN65x42,S275JR,1860,4,Serrote Disco pav 1,Em Produção,2026-09-25T00:00:00,True,
mtg2_d92027db24c68fee:plan:6044,6044,OF265157,CA4317A4012,Perfil U,UPN65x42,S275JR,600,8,Serrote Disco pav 1,Em Produção,2026-09-25T00:00:00,True,
mtg2_d92027db24c68fee:plan:6045,6045,OF265157,CA4317A4013,Perfil U,UPN65x42,S275JR,684,4,Serrote Disco pav 1,Em Produção,2026-09-25T00:00:00,True,
mtg2_d92027db24c68fee:plan:6046,6046,OF265157,5858P001,Varão redondo,14,S235JR,391,2,Serrote Disco pav 1,Em Produção,2026-09-25T00:00:00,True,
mtg2_d92027db24c68fee:plan:6047,6047,OF265157,CA2098A4006,Tubo redondo,76x3.25,S235JR,1000,4,Serrote Disco pav 1,Em Produção,2026-09-25T00:00:00,True,
mtg2_d92027db24c68fee:plan:6048,6048,OF265157,CA1396A4500,Varão redondo,14.5,S235JR,305,16,Serrote Disco pav 1,Em Produção,2026-09-25T00:00:00,True,
mtg2_d92027db24c68fee:plan:6049,6049,OF265166,CI7712A4034,Tubo redondo,60.3x2.9,S235JR,1152,4,Serrote Fita Thomas IS639 Pav.1,Em Produção,2026-08-28T00:00:00,True,
mtg2_d92027db24c68fee:plan:6050,6050,OF265171,PA31M43,Tubo redondo,48.3x3,S355J0H,1412,36,Serrote Disco pav 1,Em Produção,2026-10-09T00:00:00,True,
mtg2_d92027db24c68fee:plan:6051,6051,OF265171,PA31M44,Tubo redondo,48.3x3,S355J0H,1339,36,Serrote Disco pav 1,Em Produção,2026-10-09T00:00:00,True,
mtg2_d92027db24c68fee:plan:6052,6052,OF265171,PA31M45,Tubo redondo,48.3x3,S355J0H,1275,9,Serrote Disco pav 1,Em Produção,2026-10-09T00:00:00,True,
mtg2_d92027db24c68fee:plan:6053,6053,OF265171,PA31M46,Tubo redondo,48.3x3,S355J0H,1373,6,Serrote Disco pav 1,Em Produção,2026-10-09T00:00:00,True,
mtg2_d92027db24c68fee:plan:6054,6054,OF265171,PA31M47,Tubo redondo,48.3x3,S355J0H,1450,6,Serrote Disco pav 1,Em Produção,2026-10-09T00:00:00,True,
mtg2_d92027db24c68fee:plan:6055,6055,OF265171,PA31M109,Tubo redondo,48.3x3,S355J0H,1354,3,Serrote Disco pav 1,Em Produção,2026-10-09T00:00:00,True,
mtg2_d92027db24c68fee:plan:6056,6056,OF265171,PA31M18,Tubo redondo,60.3x3,S355J0H,1886,27,Serrote Disco pav 1,Em Produção,2026-10-09T00:00:00,True,
mtg2_d92027db24c68fee:plan:6057,6057,OF265171,PA31M19,Tubo redondo,60.3x3,S355J0H,1928,9,Serrote Disco pav 1,Em Produção,2026-10-09T00:00:00,True,
mtg2_d92027db24c68fee:plan:6058,6058,OF265171,PA31M20,Tubo redondo,76.1x3,S355J0H,1827,27,Serrote Disco pav 1,Em Produção,2026-10-09T00:00:00,True,
mtg2_d92027db24c68fee:plan:6059,6059,OF265171,PA31M21,Tubo redondo,76.1x3,S355J0H,1767,9,Serrote Disco pav 1,Em Produção,2026-10-09T00:00:00,True,
mtg2_d92027db24c68fee:plan:6060,6060,OF265171,PA31M22,Tubo redondo,76.1x3,S355J0H,2088,6,Serrote Disco pav 1,Em Produção,2026-10-09T00:00:00,True,
mtg2_d92027db24c68fee:plan:6061,6061,OF265171,PA31M23,Tubo redondo,76.1x3,S355J0H,2148,6,Serrote Disco pav 1,Em Produção,2026-10-09T00:00:00,True,
mtg2_d92027db24c68fee:plan:6062,6062,OF265171,PA31M24,Tubo redondo,76.1x3,S355J0H,2264,6,Serrote Disco pav 1,Em Produção,2026-10-09T00:00:00,True,
mtg2_d92027db24c68fee:plan:6063,6063,OF265171,PA31M72,Tubo redondo,76.1x3,S355J0H,1800,3,Serrote Disco pav 1,Em Produção,2026-10-09T00:00:00,True,
mtg2_d92027db24c68fee:plan:6064,6064,OF265171,PA31M105,Tubo redondo,76.1x3,S355J0H,1849,3,Serrote Disco pav 1,Em Produção,2026-10-09T00:00:00,True,
mtg2_d92027db24c68fee:plan:6065,6065,OF265172,CS0103A4045,Tubo quadrado,100x100x5,S355JR,20,1,Serrote Disco pav 1,Em Produção,2026-10-09T00:00:00,True,
mtg2_d92027db24c68fee:plan:6066,6066,OF265172,CS0103A4064,Varão redondo,20,S275JR,20,1,Serrote Disco pav 1,Em Produção,2026-10-09T00:00:00,True,
mtg2_d92027db24c68fee:plan:6067,6067,OF265172,CS0103A4065,Tubo redondo,42.5x2.65,S275JR,200,1,Serrote Disco pav 1,Em Produção,2026-10-09T00:00:00,True,
mtg2_d92027db24c68fee:plan:6068,6068,OF265173,CS0103A4008,Tubo redondo,26.9x2.35,S235JR,38,9,Serrote Disco pav 1,Em Produção,2026-10-09T00:00:00,True,
mtg2_d92027db24c68fee:plan:6069,6069,OF265173,CS0103A4003,Tubo redondo,48.3x2.9,S235JR,275,3,Serrote Disco pav 1,Em Produção,2026-10-09T00:00:00,True,
mtg2_d92027db24c68fee:plan:6070,6070,OF265173,CS0103A4005,Tubo redondo,48.3x2.9,S235JR,4800,1,Serrote Disco pav 1,Em Produção,2026-10-09T00:00:00,True,
mtg2_d92027db24c68fee:plan:6071,6071,OF265173,CS0103A4006,Tubo redondo,48.3x2.9,S235JR,2700,1,Serrote Disco pav 1,Em Produção,2026-10-09T00:00:00,True,
mtg2_d92027db24c68fee:plan:6072,6072,OF265173,CS0103A4007,Tubo redondo,48.3x2.9,S235JR,315,3,Serrote Disco pav 1,Em Produção,2026-10-09T00:00:00,True,
mtg2_d92027db24c68fee:plan:6073,6073,OF265173,CS0103A4009,Varão redondo,20,INOX,128,6,Serrote Disco pav 1,Em Produção,2026-10-09T00:00:00,True,
mtg2_d92027db24c68fee:plan:6074,6074,OF265173,CS0103A4009,Varão redondo,12,S235JR,117,9,Serrote Disco pav 1,Em Produção,2026-10-09T00:00:00,True,
mtg2_d92027db24c68fee:plan:6075,6075,OF265173,CS0103A4009,Varão redondo,12,S235JR,40,6,Serrote Disco pav 1,Em Produção,2026-10-09T00:00:00,True,
mtg2_d92027db24c68fee:plan:6076,6076,OF265173,CS0103A4009,Varão redondo,25,S235JR,40,3,Serrote Disco pav 1,Em Produção,2026-10-09T00:00:00,True,
mtg2_d92027db24c68fee:plan:6077,6077,OF265173,CS0103A4012,Tubo redondo,70x3,S235JR,260,3,Serrote Disco pav 1,Em Produção,2026-10-09T00:00:00,True,
mtg2_d92027db24c68fee:plan:6078,6078,OF265174,CS0104A4001,Tubo redondo,33x2.6,S235JR,30,3,Serrote Disco pav 1,Em Produção,2026-10-09T00:00:00,True,
mtg2_d92027db24c68fee:plan:6081,6081,OF265174,CS0103A4016,Varão redondo,20,INOX,89,1,Serrote Disco pav 1,Em Produção,2026-10-09T00:00:00,True,
mtg2_d92027db24c68fee:plan:6082,6082,OF265174,CS0106A4023,Tubo redondo,33.7x2.6,S235JR,650,1,Serrote Disco pav 1,Em Produção,2026-10-09T00:00:00,True,
mtg2_d92027db24c68fee:plan:6083,6083,OF265174,CS0103A4033,Perfil U,UPN80x45,S275JR,314,1,Serrote Disco pav 1,Em Produção,2026-10-09T00:00:00,True,
mtg2_d92027db24c68fee:plan:6085,6085,OF265176,CI7812A4002,Tubo redondo,76.1x3.25,S235JR,105,2,Serrote Fita Thomas IS639 Pav.1,Fechada,2026-09-04T00:00:00,True,conflito CPIS fechada vs falta corte
mtg2_d92027db24c68fee:plan:6086,6086,OF265177,CI7712A4002,Tubo redondo,60.3x2.9,S235JR,125,1,Serrote Fita Thomas IS639 Pav.1,Fechada,2026-08-28T00:00:00,True,conflito CPIS fechada vs falta corte
mtg2_d92027db24c68fee:plan:6091,6091,OF265180,CA4A19A4001,Varão roscado,M10,S235JR,42,1,Serrote Disco pav 1,Em Produção,2026-10-02T00:00:00,True,
mtg2_d92027db24c68fee:plan:6110,6110,OF265183,CC0111A4620,Calha,20x10x1,,500,13,,Fechada,2026-08-07T00:00:00,False,conflito CPIS fechada vs falta corte | máquina ausente | qualidade material ausente
mtg2_d92027db24c68fee:plan:6114,6114,OF265208,CR1516A3520,Calha,41x21x2.5,S235JR,1000,3,,Em Produção,2026-10-02T00:00:00,False,máquina ausente
mtg2_d92027db24c68fee:plan:6115,6115,OF265210,6501V001,Tubo redondo,76x2.6,S355J2,3050,2,Serrote MEBA IS381 Pav 3,Em Produção,2026-09-18T00:00:00,True,
mtg2_d92027db24c68fee:plan:6116,6116,OF265210,6501V001,Tubo redondo,89x2.6,S355J2,1650,2,Serrote MEBA IS381 Pav 3,Em Produção,2026-09-18T00:00:00,True,
mtg2_d92027db24c68fee:plan:6117,6117,OF265210,6501V001,Tubo redondo,114x3,S275JR,2900,2,Serrote MEBA IS381 Pav 3,Em Produção,2026-09-18T00:00:00,True,
mtg2_d92027db24c68fee:plan:6118,6118,OF265213,CS0412A4001,Varão redondo,18,S355JR,1000,48,Serrote Disco pav 1,Em Produção,2026-08-21T00:00:00,True,
mtg2_d92027db24c68fee:plan:6119,6119,OF265215,PR_R2,Varão roscado,M10,A2/70,42,3,Serrote Disco pav 1,Em Produção,2026-10-09T00:00:00,True,
mtg2_d92027db24c68fee:plan:6120,6120,OF265215,PR_TU1,Tubo redondo,48.3x2.9,S235JR,500,3,Serrote Disco pav 1,Em Produção,2026-10-09T00:00:00,True,
mtg2_d92027db24c68fee:plan:6124,6124,OF265215,PA1A21A4001,Varão redondo,12,S235JR,200,216,Serrote Disco pav 1,Em Produção,2026-10-09T00:00:00,True,
mtg2_d92027db24c68fee:plan:6127,6127,OF265215,PLT_VR2,Varão redondo,12,S275JR,196,6,Serrote Disco pav 1,Em Produção,2026-10-09T00:00:00,True,
mtg2_d92027db24c68fee:plan:6128,6128,OF265215,PA3117A4814,Varão redondo,10.6,S235JR,326,18,Serrote Disco pav 1,Em Produção,2026-10-09T00:00:00,True,
mtg2_d92027db24c68fee:plan:6130,6130,OF265220,3326V002,Perfil I,IPN100,S355JR,4550,6,,Em Produção,2026-09-07T00:00:00,False,máquina ausente
mtg2_d92027db24c68fee:plan:6133,6133,OF265223,CI7018A4001,Tubo redondo,76x2.6,S355J2,3050,55,Serrote MEBA IS381 Pav 3,Em Produção,2026-10-02T00:00:00,True,
mtg2_d92027db24c68fee:plan:6134,6134,OF265223,CI7018A4001,Tubo redondo,101x3,S355J2,2650,55,Serrote MEBA IS381 Pav 3,Em Produção,2026-10-02T00:00:00,True,
mtg2_d92027db24c68fee:plan:6135,6135,OF265223,CI7018A4001,Tubo redondo,133x3,S355J2,2400,55,Serrote MEBA IS381 Pav 3,Em Produção,2026-10-02T00:00:00,True,
mtg2_d92027db24c68fee:plan:6136,6136,OF265225,CI6518A4001,Tubo redondo,76x2.6,S355J2,3050,20,Serrote MEBA IS381 Pav 3,Em Produção,2026-10-02T00:00:00,True,
mtg2_d92027db24c68fee:plan:6137,6137,OF265225,CI6518A4001,Tubo redondo,89x2.6,S355J2,1650,20,Serrote MEBA IS381 Pav 3,Em Produção,2026-10-02T00:00:00,True,
mtg2_d92027db24c68fee:plan:6138,6138,OF265225,CI6518A4001,Tubo redondo,114x3,S275JR,2400,20,Serrote MEBA IS381 Pav 3,Em Produção,2026-10-02T00:00:00,True,
mtg2_d92027db24c68fee:plan:6139,6139,OF265229,5492V003,Tubo redondo,60.3x2.9,S235JR,1197,23,Serrote Disco pav 1,Em Produção,2026-09-01T00:00:00,True,
mtg2_d92027db24c68fee:plan:6422,6422,OF265424,2CI74,Perfil I,IPE330,,4280,1,Vanguard,Em Produção,2026-09-04T00:00:00,False,qualidade material ausente
mtg2_d92027db24c68fee:plan:6140,6140,OF265229,CI7712A4002,Tubo redondo,60.3x2.9,S235JR,50,1,Serrote Disco pav 1,Em Produção,2026-09-01T00:00:00,True,
mtg2_d92027db24c68fee:plan:6141,6141,OF265229,1009V001,Tubo retangular,70x40x4,S275JR,1400,1,Serrote Disco pav 1,Em Produção,2026-09-01T00:00:00,True,
mtg2_d92027db24c68fee:plan:6142,6142,OF265229,4708N101,Varão redondo,20,S275JR,45,4,Serrote Disco pav 1,Em Produção,2026-09-01T00:00:00,True,
mtg2_d92027db24c68fee:plan:6143,6143,OF265231,6429V001,Tubo quadrado,350x350x10,S355JR,9462,1,Serrote MEBA IS381 Pav 3,Em Produção,2026-09-14T00:00:00,True,
mtg2_d92027db24c68fee:plan:6144,6144,OF265237,9382R002,Tubo redondo,89x3,S275JR,2820,4,Serrote MEBA IS381 Pav 3,Em Produção,2026-09-04T00:00:00,True,
mtg2_d92027db24c68fee:plan:6145,6145,OF265237,2759N001,Tubo redondo,140x3,S275JR,1200,4,Serrote MEBA IS381 Pav 3,Em Produção,2026-09-04T00:00:00,True,
mtg2_d92027db24c68fee:plan:6146,6146,OF265237,CI7712A4002,Tubo redondo,60.3x2.9,S235JR,125,4,Serrote Fita Thomas IS639 Pav.1,Em Produção,2026-09-04T00:00:00,True,
mtg2_d92027db24c68fee:plan:6147,6147,OF265240,2730N001,Tubo redondo,60.3x2.9,S235JR,2482,1,Serrote Fita Thomas IS639 Pav.1,Em Produção,2026-08-28T00:00:00,True,
mtg2_d92027db24c68fee:plan:6152,6152,OF265247,DLS125,Perfil I,IPE180,S355JR,298,4,Serrote Disco pav 1,Em Produção,2026-11-06T00:00:00,True,
mtg2_d92027db24c68fee:plan:6154,6154,OF265248,1675V008,Varão redondo,20,S355JR,375,2,Serrote Disco pav 1,Em Produção,2026-09-14T00:00:00,True,
mtg2_d92027db24c68fee:plan:6155,6155,OF265248,1675V014,Varão redondo,20,S355JR,2856,4,Serrote Disco pav 1,Em Produção,2026-09-14T00:00:00,True,
mtg2_d92027db24c68fee:plan:6156,6156,OF265248,2625P012,Perfil T,T70x70,S355JR,1085,1,Serrote Disco pav 1,Em Produção,2026-09-14T00:00:00,True,
mtg2_d92027db24c68fee:plan:6157,6157,OF265248,2625P014,Perfil T,T70x70,S355JR,950,1,Serrote Disco pav 1,Em Produção,2026-09-14T00:00:00,True,
mtg2_d92027db24c68fee:plan:6158,6158,OF265248,2625P017,Perfil T,T70x70,S355JR,710,1,Serrote Disco pav 1,Em Produção,2026-09-14T00:00:00,True,
mtg2_d92027db24c68fee:plan:6159,6159,OF265248,2625P046,Varão redondo,20,S355JR,500,14,Serrote Disco pav 1,Em Produção,2026-09-14T00:00:00,True,
mtg2_d92027db24c68fee:plan:6160,6160,OF265248,2625P048,Varão redondo,20,S355JR,1706,6,Serrote Disco pav 1,Em Produção,2026-09-14T00:00:00,True,
mtg2_d92027db24c68fee:plan:6161,6161,OF265253,CR0813A4006,Varão redondo,16,S355JR,100,20,Serrote Disco pav 1,Em Produção,2026-10-09T00:00:00,True,
mtg2_d92027db24c68fee:plan:6162,6162,OF265253,CR0813A4007,Varão redondo,16,S355JR,80,40,Serrote Disco pav 1,Em Produção,2026-10-09T00:00:00,True,
mtg2_d92027db24c68fee:plan:6163,6163,OF265254,CC0117A4015,Varão redondo,10.6,S235JR,539,4,Serrote Disco pav 1,Em Produção,2026-10-09T00:00:00,True,
mtg2_d92027db24c68fee:plan:6164,6164,OF265254,CC0117A4017,Varão redondo,10.6,S355JR,1000,12,Serrote Disco pav 1,Em Produção,2026-10-09T00:00:00,True,
mtg2_d92027db24c68fee:plan:6168,6168,OF265256,4836V001,Tubo redondo,76x3,S235JR,2550,1,Serrote MEBA IS381 Pav 3,Em Produção,2026-09-11T00:00:00,True,
mtg2_d92027db24c68fee:plan:6169,6169,OF265256,4836V001,Tubo redondo,108x3.6,S235JR,2550,1,Serrote MEBA IS381 Pav 3,Em Produção,2026-09-11T00:00:00,True,
mtg2_d92027db24c68fee:plan:6170,6170,OF265256,4836V001,Tubo redondo,133x4,S235JR,2500,1,Serrote MEBA IS381 Pav 3,Em Produção,2026-09-11T00:00:00,True,
mtg2_d92027db24c68fee:plan:6171,6171,OF265256,4836V002,Tubo redondo,141x4,S275JR,400,1,Serrote MEBA IS381 Pav 3,Em Produção,2026-09-11T00:00:00,True,
mtg2_d92027db24c68fee:plan:6172,6172,OF265256,4836V003,Tubo redondo,76x3,S235JR,3250,100,Serrote MEBA IS381 Pav 3,Em Produção,2026-09-11T00:00:00,True,
mtg2_d92027db24c68fee:plan:6173,6173,OF265256,4836V003,Tubo redondo,114x3.2,S235JR,2100,100,Serrote MEBA IS381 Pav 3,Em Produção,2026-09-11T00:00:00,True,
mtg2_d92027db24c68fee:plan:6174,6174,OF265256,4836V004,Tubo redondo,76x3,S235JR,2750,100,Serrote MEBA IS381 Pav 3,Em Produção,2026-09-11T00:00:00,True,
mtg2_d92027db24c68fee:plan:6175,6175,OF265256,4836V004,Tubo redondo,88.9x2.9,S235JR,2050,100,Serrote MEBA IS381 Pav 3,Em Produção,2026-09-11T00:00:00,True,
mtg2_d92027db24c68fee:plan:6176,6176,OF265256,4836V004,Tubo redondo,114x3.2,S235JR,2300,100,Serrote MEBA IS381 Pav 3,Em Produção,2026-09-11T00:00:00,True,
mtg2_d92027db24c68fee:plan:6177,6177,OF265258,CS0111A4002,Tubo redondo,42.4x2.6,S235JR,500,4,Serrote Disco pav 1,Fechada,2026-08-28T00:00:00,True,conflito CPIS fechada vs falta corte
mtg2_d92027db24c68fee:plan:6178,6178,OF265259,5504T602,Varão quadrado,25x25,S355J2,1460,8,Serrote Disco pav 1,Em Produção,,False,
mtg2_d92027db24c68fee:plan:6179,6179,OF265259,5504T633,Varão quadrado,25x25,S355JR,760,8,Serrote Disco pav 1,Em Produção,,False,
mtg2_d92027db24c68fee:plan:6180,6180,OF265261,9731Q003,Tubo redondo,108x4,S235JR,2896,3,Serrote MEBA IS381 Pav 3,Em Produção,2026-10-02T00:00:00,True,
mtg2_d92027db24c68fee:plan:6185,6185,OF265272,4083U001,Tubo redondo,60.3x2.9,S235JR,2237,3,Serrote Fita Thomas IS639 Pav.1,Em Produção,2026-08-25T00:00:00,True,
mtg2_d92027db24c68fee:plan:6186,6186,OF265275,CI7712A4002,Tubo redondo,60.3x2.9,S235JR,125,30,,Em Produção,2026-09-04T00:00:00,False,máquina ausente
mtg2_d92027db24c68fee:plan:6187,6187,OF265278,CI2105A4013,Tubo redondo,60x2.9,S235JR,1385,80,Serrote Fita Thomas IS639 Pav.1,Em Produção,2026-09-05T00:00:00,True,
mtg2_d92027db24c68fee:plan:6188,6188,OF265278,CI2105A4010,Tubo redondo,60x2.9,S235JR,904,60,Serrote Fita Thomas IS639 Pav.1,Em Produção,2026-09-05T00:00:00,True,
mtg2_d92027db24c68fee:plan:6189,6189,OF265279,CI7712A4002,Tubo redondo,60.3x2.9,S235JR,530,1,,Fechada,2026-08-28T00:00:00,False,conflito CPIS fechada vs falta corte | máquina ausente
mtg2_d92027db24c68fee:plan:6190,6190,OF265281,CI5422A4001,Calha,20x10x1,,445,28,,Fechada,2026-08-28T00:00:00,False,conflito CPIS fechada vs falta corte | máquina ausente | qualidade material ausente
mtg2_d92027db24c68fee:plan:6192,6192,OF265292,CI7822A4001,Tubo redondo,139.7x4,S275JR,1200,1,Serrote Fita Thomas IS639 Pav.1,Em Produção,2026-08-28T00:00:00,True,
mtg2_d92027db24c68fee:plan:6193,6193,OF265292,0746U002,Tubo redondo,88.9x3,S235JR,835,1,Serrote Fita Thomas IS639 Pav.1,Em Produção,2026-08-28T00:00:00,True,
mtg2_d92027db24c68fee:plan:6196,6196,OF265302,6388V001,Tubo redondo,63x3,S275JR,986,3,Serrote Fita Thomas IS639 Pav.1,Em Produção,2026-08-28T00:00:00,True,
mtg2_d92027db24c68fee:plan:6197,6197,OF265306,5504T603,Barra,40x20,S355J2,1460,6,Serrote Disco pav 1,Em Produção,2026-09-10T00:00:00,True,
mtg2_d92027db24c68fee:plan:6198,6198,OF265306,5504T637,Barra,40x20,S355J2,760,6,Serrote Disco pav 1,Em Produção,2026-09-10T00:00:00,True,
mtg2_d92027db24c68fee:plan:6201,6201,OF265321,CD04T002,Tubo redondo,193.7x6,S355J2,70,1,Serrote Disco pav 1,Em Produção,2026-09-15T00:00:00,True,
mtg2_d92027db24c68fee:plan:6202,6202,OF265321,CD04T003,Varão redondo,24,S355J2,208,29,Serrote Disco pav 1,Em Produção,2026-09-15T00:00:00,True,
mtg2_d92027db24c68fee:plan:6203,6203,OF265321,CD04T004,Varão redondo,24,S355J2,770,6,Serrote Disco pav 1,Em Produção,2026-09-15T00:00:00,True,
mtg2_d92027db24c68fee:plan:6204,6204,OF265321,CD04T007,Tubo quadrado,50x50x3.2,S355J2,460,3,Serrote Disco pav 1,Em Produção,2026-09-15T00:00:00,True,
mtg2_d92027db24c68fee:plan:6205,6205,OF265321,CD04T008,Tubo redondo,21.3x3.2,S355J2,20,8,Serrote Disco pav 1,Em Produção,2026-09-15T00:00:00,True,
mtg2_d92027db24c68fee:plan:6206,6206,OF265321,CD04T520,Chapa,75x45,S355J2,236,8,Serrote Disco pav 1,Em Produção,2026-09-15T00:00:00,True,
mtg2_d92027db24c68fee:plan:6207,6207,OF265322,CI0114A4J01,Tubo redondo,88.9x3,S275JR,3500,5,Serrote MEBA IS381 Pav 3,Em Produção,2026-09-04T00:00:00,True,
mtg2_d92027db24c68fee:plan:6208,6208,OF265322,CI7712A4002,Tubo redondo,60.3x2.9,S235JR,125,5,Serrote Fita Thomas IS639 Pav.1,Em Produção,2026-09-04T00:00:00,True,
mtg2_d92027db24c68fee:plan:6209,6209,OF265333,CD04T005,Varão redondo,12,S355J2,284,3,Serrote Disco pav 1,Em Produção,2026-09-07T00:00:00,True,
mtg2_d92027db24c68fee:plan:6210,6210,OF265333,CD04T006,Tubo redondo,42.4x5,S355J2,625,3,Serrote Disco pav 1,Em Produção,2026-09-07T00:00:00,True,
mtg2_d92027db24c68fee:plan:6211,6211,OF265333,CD04T008,Tubo redondo,21.3x3.2,S355J2,20,2,Serrote Disco pav 1,Em Produção,2026-09-07T00:00:00,True,
mtg2_d92027db24c68fee:plan:6218,6218,OF265336,CC0111A4610,Tubo redondo,76.1x3.25,S235JR,365,8,Serrote Fita Thomas IS639 Pav.1,Em Produção,2026-08-28T00:00:00,True,
mtg2_d92027db24c68fee:plan:6219,6219,OF265357,TA0418A4001,Tubo redondo,76.1x3.2,S235JR,1000,2,Serrote Disco pav 1,Em Produção,2026-10-09T00:00:00,True,
mtg2_d92027db24c68fee:plan:6220,6220,OF265357,CA6319A4127,Tubo redondo,48.3x3.2,S235JR,235,1,Serrote Disco pav 1,Em Produção,2026-10-09T00:00:00,True,
mtg2_d92027db24c68fee:plan:6221,6221,OF265357,CA6319A4128,Tubo redondo,48.3x3.2,S235JR,500,1,Serrote Disco pav 1,Em Produção,2026-10-09T00:00:00,True,
mtg2_d92027db24c68fee:plan:6222,6222,OF265357,CA6319A4129,Tubo redondo,76.1x3.2,S235JR,4000,9,Serrote Disco pav 1,Em Produção,2026-10-09T00:00:00,True,
mtg2_d92027db24c68fee:plan:6223,6223,OF265357,CA6319A4130,Tubo redondo,76.1x3.2,S235JR,2000,4,Serrote Disco pav 1,Em Produção,2026-10-09T00:00:00,True,
mtg2_d92027db24c68fee:plan:6224,6224,OF265357,CA6319A4090,Tubo redondo,42.4x2.6,S235JR,3200,3,Serrote Disco pav 1,Em Produção,2026-10-09T00:00:00,True,
mtg2_d92027db24c68fee:plan:6225,6225,OF265357,CA6319A4051,Varão redondo,12,S235JR,223,2,Serrote Disco pav 1,Em Produção,2026-10-09T00:00:00,True,
mtg2_d92027db24c68fee:plan:6226,6226,OF265357,CA6319A4066,Varão redondo,10.6,S235JR,208,6,Serrote Disco pav 1,Em Produção,2026-10-09T00:00:00,True,
mtg2_d92027db24c68fee:plan:6227,6227,OF265357,CA6319A4067,Varão redondo,10.6,S235JR,175,6,Serrote Disco pav 1,Em Produção,2026-10-09T00:00:00,True,
mtg2_d92027db24c68fee:plan:6228,6228,OF265357,CA6319A4094,Varão redondo,10.6,S235JR,273,26,Serrote Disco pav 1,Em Produção,2026-10-09T00:00:00,True,
mtg2_d92027db24c68fee:plan:6229,6229,OF265357,CA1AO19,Varão redondo,20,S235JR,455,193,Serrote Disco pav 1,Em Produção,2026-10-09T00:00:00,True,
mtg2_d92027db24c68fee:plan:6230,6230,OF265357,PA0107A4300,Tubo redondo,18x2,S235JR,78,3,Serrote Disco pav 1,Em Produção,2026-10-09T00:00:00,True,
mtg2_d92027db24c68fee:plan:6231,6231,OF265357,PA0107A4301,Varão redondo,12,INOX,117,3,Serrote Disco pav 1,Em Produção,2026-10-09T00:00:00,True,
mtg2_d92027db24c68fee:plan:6232,6232,OF265357,CA2397A4001,Varão redondo,12,S235JR,230,1,Serrote Disco pav 1,Em Produção,2026-10-09T00:00:00,True,
mtg2_d92027db24c68fee:plan:6233,6233,OF265358,3567V001,Tubo redondo,76x3.2,S235JR,2910,50,Serrote MEBA IS381 Pav 3,Em Produção,2026-09-11T00:00:00,True,
mtg2_d92027db24c68fee:plan:6234,6234,OF265358,3567V001,Tubo redondo,114.3x3.2,S235JR,2000,50,Serrote MEBA IS381 Pav 3,Em Produção,2026-09-11T00:00:00,True,
mtg2_d92027db24c68fee:plan:6235,6235,OF265358,7312U001,Tubo redondo,76.1x3,S275J0,3910,50,Serrote MEBA IS381 Pav 3,Em Produção,2026-09-11T00:00:00,True,
mtg2_d92027db24c68fee:plan:6236,6236,OF265358,7312U001,Tubo redondo,114.3x3.2,S235JR,2000,50,Serrote MEBA IS381 Pav 3,Em Produção,2026-09-11T00:00:00,True,
mtg2_d92027db24c68fee:plan:6237,6237,OF265358,3567V002,Tubo redondo,88.9x3.2,S235JR,4910,50,Serrote MEBA IS381 Pav 3,Em Produção,2026-09-11T00:00:00,True,
mtg2_d92027db24c68fee:plan:6238,6238,OF265358,3567V002,Tubo redondo,114.3x3.2,S235JR,2000,50,Serrote MEBA IS381 Pav 3,Em Produção,2026-09-11T00:00:00,True,
mtg2_d92027db24c68fee:plan:6239,6239,OF265358,3567V003,Tubo redondo,60.3x2.9,S235JR,2010,30,Serrote MEBA IS381 Pav 3,Em Produção,2026-09-11T00:00:00,True,
mtg2_d92027db24c68fee:plan:6240,6240,OF265358,3567V003,Tubo redondo,88.9x3.2,S235JR,2010,30,Serrote MEBA IS381 Pav 3,Em Produção,2026-09-11T00:00:00,True,
mtg2_d92027db24c68fee:plan:6241,6241,OF265358,3567V003,Tubo redondo,114.3x3.2,S235JR,2010,30,Serrote MEBA IS381 Pav 3,Em Produção,2026-09-11T00:00:00,True,
mtg2_d92027db24c68fee:plan:6242,6242,OF265358,CI7712A4002,Tubo redondo,60.3x2.9,S235JR,126,150,Serrote MEBA IS381 Pav 3,Em Produção,2026-09-11T00:00:00,True,
mtg2_d92027db24c68fee:plan:6243,6243,OF265360,ZE-301,Cantoneira,250x250x25,S355J2,8591,4,,Em Produção,2026-09-11T00:00:00,False,máquina ausente
mtg2_d92027db24c68fee:plan:6244,6244,OF265360,ZE-302,Cantoneira,250x250x25,S355J2,8591,4,,Em Produção,2026-09-11T00:00:00,False,máquina ausente
mtg2_d92027db24c68fee:plan:6245,6245,OF265360,ZE-401,Cantoneira,250x250x25,S355J2,5589,4,,Em Produção,2026-09-11T00:00:00,False,máquina ausente
mtg2_d92027db24c68fee:plan:6246,6246,OF265360,ZE-402,Cantoneira,250x250x25,S355J2,5589,4,,Em Produção,2026-09-11T00:00:00,False,máquina ausente
mtg2_d92027db24c68fee:plan:6247,6247,OF265360,ZE-501,Cantoneira,250x250x25,S355J2,4129,4,,Em Produção,2026-09-11T00:00:00,False,máquina ausente
mtg2_d92027db24c68fee:plan:6248,6248,OF265360,ZE-502,Cantoneira,250x250x25,S355J2,4129,4,,Em Produção,2026-09-11T00:00:00,False,máquina ausente
mtg2_d92027db24c68fee:plan:6249,6249,OF265360,ZE-2201,Cantoneira,250x250x28,S355J2,5868,4,,Em Produção,2026-09-11T00:00:00,False,máquina ausente
mtg2_d92027db24c68fee:plan:6250,6250,OF265360,ZE-616,Perfil U,UKT305x152x49,S355J2,1324,2,,Em Produção,2026-09-11T00:00:00,False,máquina ausente | área calculada zero
mtg2_d92027db24c68fee:plan:6251,6251,OF265360,ZE-688,Perfil U,UKT305x152x49,S355J2,1304,2,,Em Produção,2026-09-11T00:00:00,False,máquina ausente | área calculada zero
mtg2_d92027db24c68fee:plan:6252,6252,OF265360,ZE-700,Perfil U,UKT305x152x49,S355J2,1277,2,,Em Produção,2026-09-11T00:00:00,False,máquina ausente | área calculada zero
mtg2_d92027db24c68fee:plan:6253,6253,OF265360,ZE-794,Perfil U,UKT305x152x49,S355J2,1278,2,,Em Produção,2026-09-11T00:00:00,False,máquina ausente | área calculada zero
mtg2_d92027db24c68fee:plan:6254,6254,OF265360,ZE-869,Perfil U,UKT305x152x49,S355J2,1277,2,,Em Produção,2026-09-11T00:00:00,False,máquina ausente | área calculada zero
mtg2_d92027db24c68fee:plan:6255,6255,OF265360,ZE-869,Perfil U,UKT305x152x49,S355J2,1280,2,,Em Produção,2026-09-11T00:00:00,False,máquina ausente | área calculada zero
mtg2_d92027db24c68fee:plan:6256,6256,OF265362,ZE-1501,Cantoneira,250x250x28,S355J2,3104,4,,Em Produção,2026-08-24T00:00:00,False,máquina ausente
mtg2_d92027db24c68fee:plan:6257,6257,OF265362,ZE-1502,Cantoneira,250x250x28,S355J2,3142,4,,Em Produção,2026-08-24T00:00:00,False,máquina ausente
mtg2_d92027db24c68fee:plan:6258,6258,OF265362,ZE-1810,Cantoneira,250x250x28,S355J2,3506,4,,Em Produção,2026-08-24T00:00:00,False,máquina ausente
mtg2_d92027db24c68fee:plan:6259,6259,OF265362,ZE-1814,Cantoneira,250x250x28,S355J2,5868,4,,Em Produção,2026-08-24T00:00:00,False,máquina ausente
mtg2_d92027db24c68fee:plan:6260,6260,OF265362,ZE-2634,Cantoneira,250x250x28,S355J2,6911,1,,Em Produção,2026-08-24T00:00:00,False,máquina ausente
mtg2_d92027db24c68fee:plan:6261,6261,OF265367,CI7712A4006,Perfil U,UPN65,S275JR,1500,1,Serrote Disco pav 1,Em Produção,2026-09-04T00:00:00,False,área calculada zero
mtg2_d92027db24c68fee:plan:6262,6262,OF265367,CI7712A4002,Tubo redondo,60.3x2.9,S235JR,120,8,Serrote Disco pav 1,Em Produção,2026-09-04T00:00:00,True,
mtg2_d92027db24c68fee:plan:6263,6263,OF265367,CI7912A4002,Tubo redondo,88.9x3.2,S235JR,175,1,Serrote Disco pav 1,Em Produção,2026-09-04T00:00:00,True,
mtg2_d92027db24c68fee:plan:6264,6264,OF265367,CI7912A4002,Tubo redondo,88.9x3.2,S235JR,750,8,Serrote Disco pav 1,Em Produção,2026-09-04T00:00:00,True,
mtg2_d92027db24c68fee:plan:6265,6265,OF265367,CI7912A4002,Tubo redondo,88.9x3.2,S235JR,156,2,Serrote Disco pav 1,Em Produção,2026-09-04T00:00:00,True,
mtg2_d92027db24c68fee:plan:6266,6266,OF265367,CC0111A4610,Tubo redondo,76.1x3.25,S235JR,365,3,Serrote Disco pav 1,Em Produção,2026-09-04T00:00:00,True,
mtg2_d92027db24c68fee:plan:6267,6267,OF265371,7115V001,Perfil I,IPE180,S275JR,5450,2,Vanguard,Fechada,2026-08-13T00:00:00,True,conflito CPIS fechada vs falta corte
mtg2_d92027db24c68fee:plan:6268,6268,OF265371,7115V001,Perfil I,IPE180,S275JR,5110,2,Vanguard,Fechada,2026-08-13T00:00:00,True,conflito CPIS fechada vs falta corte
mtg2_d92027db24c68fee:plan:6273,6273,OF265379,CI5121A4030,Tubo redondo,133x3,S235JR,400,5,Serrote MEBA IS381 Pav 3,Fechada,2026-09-04T00:00:00,True,conflito CPIS fechada vs falta corte
mtg2_d92027db24c68fee:plan:6278,6278,OF265398,CI7712A4EK4,Tubo redondo,60.3x2.9,S235JR,3561,2,Serrote Fita Thomas IS639 Pav.1,Em Produção,2026-09-05T00:00:00,True,
mtg2_d92027db24c68fee:plan:6279,6279,OF265398,CI7712A4EI4,Tubo redondo,60.3x2.9,S235JR,3187,1,Serrote Fita Thomas IS639 Pav.1,Em Produção,2026-09-05T00:00:00,True,
mtg2_d92027db24c68fee:plan:6280,6280,OF265399,3823U300,Perfil U,UPN120,S355J2,755,2,Vanguard,Fechada,2026-08-21T00:00:00,False,conflito CPIS fechada vs falta corte | área calculada zero
mtg2_d92027db24c68fee:plan:6281,6281,OF265399,3823U301,Perfil U,UPN120,S355J2,859,2,Vanguard,Fechada,2026-08-21T00:00:00,False,conflito CPIS fechada vs falta corte | área calculada zero
mtg2_d92027db24c68fee:plan:6282,6282,OF265399,3823U310,Perfil U,UPN80,S355J2,249,2,Vanguard,Fechada,2026-08-21T00:00:00,False,conflito CPIS fechada vs falta corte | área calculada zero
mtg2_d92027db24c68fee:plan:6283,6283,OF265399,3823U311,Perfil U,UPN80,S355J2,221,2,Vanguard,Fechada,2026-08-21T00:00:00,False,conflito CPIS fechada vs falta corte | área calculada zero
mtg2_d92027db24c68fee:plan:6284,6284,OF265399,3823U312,Perfil U,UPN80,S355J2,221,2,Vanguard,Fechada,2026-08-21T00:00:00,False,conflito CPIS fechada vs falta corte | área calculada zero
mtg2_d92027db24c68fee:plan:6285,6285,OF265399,3823U313,Perfil U,UPN80,S355J2,249,2,Vanguard,Fechada,2026-08-21T00:00:00,False,conflito CPIS fechada vs falta corte | área calculada zero
mtg2_d92027db24c68fee:plan:6286,6286,OF265399,3823U320,Perfil U,UPN80,S355J2,320,2,Vanguard,Fechada,2026-08-21T00:00:00,False,conflito CPIS fechada vs falta corte | área calculada zero
mtg2_d92027db24c68fee:plan:6287,6287,OF265399,3823U321,Perfil U,UPN80,S355J2,284,2,Vanguard,Fechada,2026-08-21T00:00:00,False,conflito CPIS fechada vs falta corte | área calculada zero
mtg2_d92027db24c68fee:plan:6288,6288,OF265399,3823U322,Perfil U,UPN80,S355J2,284,2,Vanguard,Fechada,2026-08-21T00:00:00,False,conflito CPIS fechada vs falta corte | área calculada zero
mtg2_d92027db24c68fee:plan:6289,6289,OF265399,3823U323,Perfil U,UPN80,S355J2,320,2,Vanguard,Fechada,2026-08-21T00:00:00,False,conflito CPIS fechada vs falta corte | área calculada zero
mtg2_d92027db24c68fee:plan:6290,6290,OF265403,CI7122A4001,Tubo redondo,177x4,S235JR,1500,1,Serrote Fita Thomas IS639 Pav.1,Em Produção,2026-09-04T00:00:00,True,
mtg2_d92027db24c68fee:plan:6291,6291,OF265404,5815O015,Tubo redondo,88.9x3.2,S275JR,150,4,Serrote Disco pav 1,Em Produção,2026-10-09T00:00:00,True,
mtg2_d92027db24c68fee:plan:6292,6292,OF265404,CA4117A4001,Perfil U,UPN100,S355JR,80,7,Serrote Disco pav 1,Em Produção,2026-10-09T00:00:00,False,área calculada zero
mtg2_d92027db24c68fee:plan:6293,6293,OF265411,CI1920A4005,Tubo redondo,63x3,S275JR,880,16,Serrote Fita Thomas IS639 Pav.1,Em Produção,2026-09-02T00:00:00,True,
mtg2_d92027db24c68fee:plan:6294,6294,OF265411,CI1920A4009,Tubo redondo,63x3,S275JR,1700,22,Serrote Fita Thomas IS639 Pav.1,Em Produção,2026-09-02T00:00:00,True,
mtg2_d92027db24c68fee:plan:6295,6295,OF265411,6009T002,Tubo redondo,63x3,S275JR,1296,3,Serrote Fita Thomas IS639 Pav.1,Em Produção,2026-09-02T00:00:00,True,
mtg2_d92027db24c68fee:plan:6296,6296,OF265411,4279U002,Tubo redondo,63x3,S275JR,1396,4,Serrote Fita Thomas IS639 Pav.1,Em Produção,2026-09-02T00:00:00,True,
mtg2_d92027db24c68fee:plan:6297,6297,OF265412,GGH30-1,Perfil H,HEB300,S355J2+AR,7031,4,Vanguard,Em Produção,2026-10-09T00:00:00,False,área calculada zero
mtg2_d92027db24c68fee:plan:6298,6298,OF265412,GGH30-2,Perfil H,HEB300,S355J2+AR,1827,4,Vanguard,Em Produção,2026-10-09T00:00:00,False,área calculada zero
mtg2_d92027db24c68fee:plan:6303,6303,OF265412,GGR40-6,Tubo quadrado,400x400x12.5,S355J2H,7620,1,Vanguard,Em Produção,2026-10-09T00:00:00,True,
mtg2_d92027db24c68fee:plan:6311,6311,OF265417,4553V001,Calha,41x24x2.5,S235JR,2350,3,Serrote Disco pav 1,Em Produção,2026-10-09T00:00:00,True,
mtg2_d92027db24c68fee:plan:6312,6312,OF265417,CR0813A4001,Varão redondo,12,S235JR,133,3,Serrote Disco pav 1,Em Produção,2026-10-09T00:00:00,True,
mtg2_d92027db24c68fee:plan:6313,6313,OF265417,CR0813A4006,Varão redondo,16,S355JR,100,9,Serrote Disco pav 1,Em Produção,2026-10-09T00:00:00,True,
mtg2_d92027db24c68fee:plan:6314,6314,OF265417,CR0813A4007,Varão redondo,16,S355JR,80,18,Serrote Disco pav 1,Em Produção,2026-10-09T00:00:00,True,
mtg2_d92027db24c68fee:plan:6315,6315,OF265418,CC0117A4016,Varão redondo,10.6,S235JR,716,6,Serrote Disco pav 1,Em Produção,2026-09-11T00:00:00,True,
mtg2_d92027db24c68fee:plan:6316,6316,OF265420,0172V002,Tubo redondo,60x3,S275JR,1000,1,Serrote Disco pav 1,Em Produção,2026-10-09T00:00:00,True,
mtg2_d92027db24c68fee:plan:6317,6317,OF265420,CA4A19A4001,Varão roscado,M10,S235JR,42,1,Serrote Disco pav 1,Em Produção,2026-10-09T00:00:00,True,
mtg2_d92027db24c68fee:plan:6318,6318,OF265420,6690V005,Tubo redondo,76.1x3.2,S235JR,277,3,Serrote Disco pav 1,Em Produção,2026-10-09T00:00:00,True,
mtg2_d92027db24c68fee:plan:6319,6319,OF265420,8136R001,Tubo redondo,76.1x3.2,S235JR,317,3,Serrote Disco pav 1,Em Produção,2026-10-09T00:00:00,True,
mtg2_d92027db24c68fee:plan:6320,6320,OF265420,8136RTU2,Tubo redondo,76.1x3.2,S275JR,3000,3,Serrote Disco pav 1,Em Produção,2026-10-09T00:00:00,True,
mtg2_d92027db24c68fee:plan:6321,6321,OF265420,CA1AO19,Varão redondo,20,S235JR,455,42,Serrote Disco pav 1,Em Produção,2026-10-09T00:00:00,True,
mtg2_d92027db24c68fee:plan:6322,6322,OF265420,CA2397A4001,Varão redondo,12,S235JR,230,1,Serrote Disco pav 1,Em Produção,2026-10-09T00:00:00,True,
mtg2_d92027db24c68fee:plan:6323,6323,OF265420,6265N004,Perfil U,UPN65,S275JR,3286,2,Serrote Disco pav 1,Em Produção,2026-10-09T00:00:00,False,área calculada zero
mtg2_d92027db24c68fee:plan:6324,6324,OF265421,2998U001,Tubo quadrado,400x400x10,S355J2,5946,1,Serrote MEBA IS381 Pav 3,Em Produção,2026-09-25T00:00:00,True,
mtg2_d92027db24c68fee:plan:6325,6325,OF265421,2998U010,Tubo quadrado,400x400x10,S355J2,8992,1,Serrote MEBA IS381 Pav 3,Em Produção,2026-09-25T00:00:00,True,
mtg2_d92027db24c68fee:plan:6326,6326,OF265422,CS0412A4001,Varão redondo,18,S355JR,1000,16,Serrote Disco pav 1,Em Produção,2026-09-01T00:00:00,True,
mtg2_d92027db24c68fee:plan:6327,6327,OF265424,2CH1,Perfil H,HEA240,,4780,1,Vanguard,Em Produção,2026-09-04T00:00:00,False,qualidade material ausente | área calculada zero
mtg2_d92027db24c68fee:plan:6328,6328,OF265424,2CH2,Perfil H,HEA240,,4830,1,Vanguard,Em Produção,2026-09-04T00:00:00,False,qualidade material ausente | área calculada zero
mtg2_d92027db24c68fee:plan:6329,6329,OF265424,2CH3,Perfil H,HEA240,,4780,1,Vanguard,Em Produção,2026-09-04T00:00:00,False,qualidade material ausente | área calculada zero
mtg2_d92027db24c68fee:plan:6330,6330,OF265424,2CH4,Perfil H,HEA240,,4780,1,Vanguard,Em Produção,2026-09-04T00:00:00,False,qualidade material ausente | área calculada zero
mtg2_d92027db24c68fee:plan:6331,6331,OF265424,2CH5,Perfil H,HEA240,,4780,2,Vanguard,Em Produção,2026-09-04T00:00:00,False,qualidade material ausente | área calculada zero
mtg2_d92027db24c68fee:plan:6333,6333,OF265424,2CH7,Perfil H,HEA240,,4780,40,Vanguard,Em Produção,2026-09-04T00:00:00,False,qualidade material ausente | área calculada zero
mtg2_d92027db24c68fee:plan:6334,6334,OF265424,2CH10,Perfil H,HEA240,,4730,2,Vanguard,Em Produção,2026-09-04T00:00:00,False,qualidade material ausente | área calculada zero
mtg2_d92027db24c68fee:plan:6335,6335,OF265424,2CH11,Perfil H,HEA240,,4680,1,Vanguard,Em Produção,2026-09-04T00:00:00,False,qualidade material ausente | área calculada zero
mtg2_d92027db24c68fee:plan:6336,6336,OF265424,2CH12,Perfil H,HEA240,,4630,1,Vanguard,Em Produção,2026-09-04T00:00:00,False,qualidade material ausente | área calculada zero
mtg2_d92027db24c68fee:plan:6337,6337,OF265424,2CH13,Perfil H,HEA240,,4580,1,Vanguard,Em Produção,2026-09-04T00:00:00,False,qualidade material ausente | área calculada zero
mtg2_d92027db24c68fee:plan:6338,6338,OF265424,2CH14,Perfil H,HEA240,,4780,1,Vanguard,Em Produção,2026-09-04T00:00:00,False,qualidade material ausente | área calculada zero
mtg2_d92027db24c68fee:plan:6339,6339,OF265424,2CH15,Perfil H,HEA240,,4830,1,Vanguard,Em Produção,2026-09-04T00:00:00,False,qualidade material ausente | área calculada zero
mtg2_d92027db24c68fee:plan:6340,6340,OF265424,2CH16,Perfil H,HEA240,,4930,1,Vanguard,Em Produção,2026-09-04T00:00:00,False,qualidade material ausente | área calculada zero
mtg2_d92027db24c68fee:plan:6341,6341,OF265424,2CH17,Perfil H,HEA240,,5030,1,Vanguard,Em Produção,2026-09-04T00:00:00,False,qualidade material ausente | área calculada zero
mtg2_d92027db24c68fee:plan:6342,6342,OF265424,2CH18,Perfil H,HEA240,,5130,1,Vanguard,Em Produção,2026-09-04T00:00:00,False,qualidade material ausente | área calculada zero
mtg2_d92027db24c68fee:plan:6343,6343,OF265424,2CH19,Perfil H,HEA240,,5280,1,Vanguard,Em Produção,2026-09-04T00:00:00,False,qualidade material ausente | área calculada zero
mtg2_d92027db24c68fee:plan:6344,6344,OF265424,2CH20,Perfil H,HEA240,,4730,1,Vanguard,Em Produção,2026-09-04T00:00:00,False,qualidade material ausente | área calculada zero
mtg2_d92027db24c68fee:plan:6345,6345,OF265424,2CH21,Perfil H,HEA240,,4880,1,Vanguard,Em Produção,2026-09-04T00:00:00,False,qualidade material ausente | área calculada zero
mtg2_d92027db24c68fee:plan:6346,6346,OF265424,2CH22,Perfil H,HEA240,,5080,1,Vanguard,Em Produção,2026-09-04T00:00:00,False,qualidade material ausente | área calculada zero
mtg2_d92027db24c68fee:plan:6347,6347,OF265424,2CH23,Perfil H,HEA240,,5330,1,Vanguard,Em Produção,2026-09-04T00:00:00,False,qualidade material ausente | área calculada zero
mtg2_d92027db24c68fee:plan:6348,6348,OF265424,2CH24,Perfil H,HEA240,,5580,1,Vanguard,Em Produção,2026-09-04T00:00:00,False,qualidade material ausente | área calculada zero
mtg2_d92027db24c68fee:plan:6349,6349,OF265424,2CH25,Perfil H,HEA240,,5880,1,Vanguard,Em Produção,2026-09-04T00:00:00,False,qualidade material ausente | área calculada zero
mtg2_d92027db24c68fee:plan:6350,6350,OF265424,2CH26,Perfil H,HEA240,,6080,1,Vanguard,Em Produção,2026-09-04T00:00:00,False,qualidade material ausente | área calculada zero
mtg2_d92027db24c68fee:plan:6351,6351,OF265424,2CH27,Perfil H,HEA240,,6380,1,Vanguard,Em Produção,2026-09-04T00:00:00,False,qualidade material ausente | área calculada zero
mtg2_d92027db24c68fee:plan:6352,6352,OF265424,2CI1,Perfil I,IPE330,,4230,1,Vanguard,Em Produção,2026-09-04T00:00:00,False,qualidade material ausente
mtg2_d92027db24c68fee:plan:6356,6356,OF265424,2CI5,Perfil I,IPE330,,4330,4,Vanguard,Em Produção,2026-09-04T00:00:00,False,qualidade material ausente
mtg2_d92027db24c68fee:plan:6357,6357,OF265424,2CI6,Perfil I,IPE330,,4330,1,Vanguard,Em Produção,2026-09-04T00:00:00,False,qualidade material ausente
mtg2_d92027db24c68fee:plan:6358,6358,OF265424,2CI7,Perfil I,IPE330,,4330,1,Vanguard,Em Produção,2026-09-04T00:00:00,False,qualidade material ausente
mtg2_d92027db24c68fee:plan:6359,6359,OF265424,2CI8,Perfil I,IPE330,,4280,16,Vanguard,Em Produção,2026-09-04T00:00:00,False,qualidade material ausente
mtg2_d92027db24c68fee:plan:6360,6360,OF265424,2CI9,Perfil I,IPE330,,4280,1,Vanguard,Em Produção,2026-09-04T00:00:00,False,qualidade material ausente
mtg2_d92027db24c68fee:plan:6361,6361,OF265424,2CI10,Perfil I,IPE330,,4280,14,Vanguard,Em Produção,2026-09-04T00:00:00,False,qualidade material ausente
mtg2_d92027db24c68fee:plan:6362,6362,OF265424,2CI11,Perfil I,IPE330,,4230,5,Vanguard,Em Produção,2026-09-04T00:00:00,False,qualidade material ausente
mtg2_d92027db24c68fee:plan:6363,6363,OF265424,2CI12,Perfil I,IPE330,,4230,2,Vanguard,Em Produção,2026-09-04T00:00:00,False,qualidade material ausente
mtg2_d92027db24c68fee:plan:6364,6364,OF265424,2CI13,Perfil I,IPE330,,4280,315,Vanguard,Em Produção,2026-09-04T00:00:00,False,qualidade material ausente
mtg2_d92027db24c68fee:plan:6365,6365,OF265424,2CI14,Perfil I,IPE330,,4330,1,Vanguard,Em Produção,2026-09-04T00:00:00,False,qualidade material ausente
mtg2_d92027db24c68fee:plan:6366,6366,OF265424,2CI15,Perfil I,IPE330,,4280,30,Vanguard,Em Produção,2026-09-04T00:00:00,False,qualidade material ausente
mtg2_d92027db24c68fee:plan:6367,6367,OF265424,2CI16,Perfil I,IPE330,,4280,5,Vanguard,Em Produção,2026-09-04T00:00:00,False,qualidade material ausente
mtg2_d92027db24c68fee:plan:6368,6368,OF265424,2CI17,Perfil I,IPE330,,4280,2,Vanguard,Em Produção,2026-09-04T00:00:00,False,qualidade material ausente
mtg2_d92027db24c68fee:plan:6369,6369,OF265424,2CI18,Perfil I,IPE330,,4280,5,Vanguard,Em Produção,2026-09-04T00:00:00,False,qualidade material ausente
mtg2_d92027db24c68fee:plan:6370,6370,OF265424,2CI19,Perfil I,IPE330,,4280,7,Vanguard,Em Produção,2026-09-04T00:00:00,False,qualidade material ausente
mtg2_d92027db24c68fee:plan:6371,6371,OF265424,2CI20,Perfil I,IPE330,,4280,11,Vanguard,Em Produção,2026-09-04T00:00:00,False,qualidade material ausente
mtg2_d92027db24c68fee:plan:6372,6372,OF265424,2CI21,Perfil I,IPE330,,4280,1,Vanguard,Em Produção,2026-09-04T00:00:00,False,qualidade material ausente
mtg2_d92027db24c68fee:plan:6373,6373,OF265424,2CI22,Perfil I,IPE330,,4280,1,Vanguard,Em Produção,2026-09-04T00:00:00,False,qualidade material ausente
mtg2_d92027db24c68fee:plan:6374,6374,OF265424,2CI23,Perfil I,IPE330,,4280,3,Vanguard,Em Produção,2026-09-04T00:00:00,False,qualidade material ausente
mtg2_d92027db24c68fee:plan:6375,6375,OF265424,2CI24,Perfil I,IPE330,,4280,46,Vanguard,Em Produção,2026-09-04T00:00:00,False,qualidade material ausente
mtg2_d92027db24c68fee:plan:6376,6376,OF265424,2CI25,Perfil I,IPE330,,4280,12,Vanguard,Em Produção,2026-09-04T00:00:00,False,qualidade material ausente
mtg2_d92027db24c68fee:plan:6377,6377,OF265424,2CI26,Perfil I,IPE330,,4280,4,Vanguard,Em Produção,2026-09-04T00:00:00,False,qualidade material ausente
mtg2_d92027db24c68fee:plan:6378,6378,OF265424,2CI27,Perfil I,IPE330,,4280,3,Vanguard,Em Produção,2026-09-04T00:00:00,False,qualidade material ausente
mtg2_d92027db24c68fee:plan:6379,6379,OF265424,2CI28,Perfil I,IPE330,,4530,1,Vanguard,Em Produção,2026-09-04T00:00:00,False,qualidade material ausente
mtg2_d92027db24c68fee:plan:6380,6380,OF265424,2CI29,Perfil I,IPE330,,4530,1,Vanguard,Em Produção,2026-09-04T00:00:00,False,qualidade material ausente
mtg2_d92027db24c68fee:plan:6381,6381,OF265424,2CI30,Perfil I,IPE330,,4630,1,Vanguard,Em Produção,2026-09-04T00:00:00,False,qualidade material ausente
mtg2_d92027db24c68fee:plan:6382,6382,OF265424,2CI31,Perfil I,IPE330,,4680,1,Vanguard,Em Produção,2026-09-04T00:00:00,False,qualidade material ausente
mtg2_d92027db24c68fee:plan:6383,6383,OF265424,2CI32,Perfil I,IPE330,,4280,20,Vanguard,Em Produção,2026-09-04T00:00:00,False,qualidade material ausente
mtg2_d92027db24c68fee:plan:6384,6384,OF265424,2CI33,Perfil I,IPE330,,4780,1,Vanguard,Em Produção,2026-09-04T00:00:00,False,qualidade material ausente
mtg2_d92027db24c68fee:plan:6385,6385,OF265424,2CI34,Perfil I,IPE330,,4530,1,Vanguard,Em Produção,2026-09-04T00:00:00,False,qualidade material ausente
mtg2_d92027db24c68fee:plan:6386,6386,OF265424,2CI35,Perfil I,IPE330,,4480,1,Vanguard,Em Produção,2026-09-04T00:00:00,False,qualidade material ausente
mtg2_d92027db24c68fee:plan:6387,6387,OF265424,2CI36,Perfil I,IPE330,,4430,1,Vanguard,Em Produção,2026-09-04T00:00:00,False,qualidade material ausente
mtg2_d92027db24c68fee:plan:6389,6389,OF265424,2CI38,Perfil I,IPE330,,4380,1,Vanguard,Em Produção,2026-09-04T00:00:00,False,qualidade material ausente
mtg2_d92027db24c68fee:plan:6390,6390,OF265424,2CI39,Perfil I,IPE330,,4330,2,Vanguard,Em Produção,2026-09-04T00:00:00,False,qualidade material ausente
mtg2_d92027db24c68fee:plan:6391,6391,OF265424,2CI40,Perfil I,IPE330,,4330,20,Vanguard,Em Produção,2026-09-04T00:00:00,False,qualidade material ausente
mtg2_d92027db24c68fee:plan:6392,6392,OF265424,2CI42,Perfil I,IPE330,,4280,6,Vanguard,Em Produção,2026-09-04T00:00:00,False,qualidade material ausente
mtg2_d92027db24c68fee:plan:6394,6394,OF265424,2CI44,Perfil I,IPE330,,4330,2,Vanguard,Em Produção,2026-09-04T00:00:00,False,qualidade material ausente
mtg2_d92027db24c68fee:plan:6395,6395,OF265424,2CI45,Perfil I,IPE330,,4280,2,Vanguard,Em Produção,2026-09-04T00:00:00,False,qualidade material ausente
mtg2_d92027db24c68fee:plan:6396,6396,OF265424,2CI46,Perfil I,IPE330,,4280,7,Vanguard,Em Produção,2026-09-04T00:00:00,False,qualidade material ausente
mtg2_d92027db24c68fee:plan:6397,6397,OF265424,2CI47,Perfil I,IPE330,,4280,5,Vanguard,Em Produção,2026-09-04T00:00:00,False,qualidade material ausente
mtg2_d92027db24c68fee:plan:6399,6399,OF265424,2CI51,Perfil I,IPE330,,4330,5,Vanguard,Em Produção,2026-09-04T00:00:00,False,qualidade material ausente
mtg2_d92027db24c68fee:plan:6400,6400,OF265424,2CI52,Perfil I,IPE330,,4330,2,Vanguard,Em Produção,2026-09-04T00:00:00,False,qualidade material ausente
mtg2_d92027db24c68fee:plan:6401,6401,OF265424,2CI53,Perfil I,IPE330,,4330,1,Vanguard,Em Produção,2026-09-04T00:00:00,False,qualidade material ausente
mtg2_d92027db24c68fee:plan:6402,6402,OF265424,2CI54,Perfil I,IPE330,,4380,4,Vanguard,Em Produção,2026-09-04T00:00:00,False,qualidade material ausente
mtg2_d92027db24c68fee:plan:6403,6403,OF265424,2CI55,Perfil I,IPE330,,4330,3,Vanguard,Em Produção,2026-09-04T00:00:00,False,qualidade material ausente
mtg2_d92027db24c68fee:plan:6404,6404,OF265424,2CI56,Perfil I,IPE330,,4280,1,Vanguard,Em Produção,2026-09-04T00:00:00,False,qualidade material ausente
mtg2_d92027db24c68fee:plan:6405,6405,OF265424,2CI57,Perfil I,IPE330,,4330,4,Vanguard,Em Produção,2026-09-04T00:00:00,False,qualidade material ausente
mtg2_d92027db24c68fee:plan:6406,6406,OF265424,2CI58,Perfil I,IPE330,,4380,4,Vanguard,Em Produção,2026-09-04T00:00:00,False,qualidade material ausente
mtg2_d92027db24c68fee:plan:6423,6423,OF265424,2CI75,Perfil I,IPE330,,4280,1,Vanguard,Em Produção,2026-09-04T00:00:00,False,qualidade material ausente
mtg2_d92027db24c68fee:plan:6424,6424,OF265424,2CI76,Perfil I,IPE330,,4330,1,Vanguard,Em Produção,2026-09-04T00:00:00,False,qualidade material ausente
mtg2_d92027db24c68fee:plan:6425,6425,OF265424,2CI77,Perfil I,IPE330,,4480,4,Vanguard,Em Produção,2026-09-04T00:00:00,False,qualidade material ausente
mtg2_d92027db24c68fee:plan:6426,6426,OF265424,2CI78,Perfil I,IPE330,,4380,1,Vanguard,Em Produção,2026-09-04T00:00:00,False,qualidade material ausente
mtg2_d92027db24c68fee:plan:6427,6427,OF265424,2CI79,Perfil I,IPE330,,4480,1,Vanguard,Em Produção,2026-09-04T00:00:00,False,qualidade material ausente
mtg2_d92027db24c68fee:plan:6428,6428,OF265424,2CI80,Perfil I,IPE330,,4480,1,Vanguard,Em Produção,2026-09-04T00:00:00,False,qualidade material ausente
mtg2_d92027db24c68fee:plan:6429,6429,OF265424,2CI81,Perfil I,IPE330,,4480,4,Vanguard,Em Produção,2026-09-04T00:00:00,False,qualidade material ausente
mtg2_d92027db24c68fee:plan:6430,6430,OF265424,2CI82,Perfil I,IPE330,,4230,1,Vanguard,Em Produção,2026-09-04T00:00:00,False,qualidade material ausente
mtg2_d92027db24c68fee:plan:6431,6431,OF265424,2CI83,Perfil I,IPE330,,4280,11,Vanguard,Em Produção,2026-09-04T00:00:00,False,qualidade material ausente
mtg2_d92027db24c68fee:plan:6432,6432,OF265424,2CI84,Perfil I,IPE330,,4280,4,Vanguard,Em Produção,2026-09-04T00:00:00,False,qualidade material ausente
mtg2_d92027db24c68fee:plan:6433,6433,OF265424,2CI85,Perfil I,IPE330,,4630,1,Vanguard,Em Produção,2026-09-04T00:00:00,False,qualidade material ausente
mtg2_d92027db24c68fee:plan:6434,6434,OF265424,2CI86,Perfil I,IPE330,,4630,1,Vanguard,Em Produção,2026-09-04T00:00:00,False,qualidade material ausente
mtg2_d92027db24c68fee:plan:6435,6435,OF265424,2CI87,Perfil I,IPE330,,4680,1,Vanguard,Em Produção,2026-09-04T00:00:00,False,qualidade material ausente
mtg2_d92027db24c68fee:plan:6436,6436,OF265424,2CI88,Perfil I,IPE330,,4280,2,Vanguard,Em Produção,2026-09-04T00:00:00,False,qualidade material ausente
mtg2_d92027db24c68fee:plan:6437,6437,OF265424,2CI89,Perfil I,IPE330,,4280,1,Vanguard,Em Produção,2026-09-04T00:00:00,False,qualidade material ausente
mtg2_d92027db24c68fee:plan:6438,6438,OF265424,2CI90,Perfil I,IPE330,,4380,4,Vanguard,Em Produção,2026-09-04T00:00:00,False,qualidade material ausente
mtg2_d92027db24c68fee:plan:6439,6439,OF265424,2CI91,Perfil I,IPE330,,4330,7,Vanguard,Em Produção,2026-09-04T00:00:00,False,qualidade material ausente
mtg2_d92027db24c68fee:plan:6440,6440,OF265424,2CI92,Perfil I,IPE330,,4380,1,Vanguard,Em Produção,2026-09-04T00:00:00,False,qualidade material ausente
mtg2_d92027db24c68fee:plan:6441,6441,OF265424,2CI93,Perfil I,IPE330,,4330,4,Vanguard,Em Produção,2026-09-04T00:00:00,False,qualidade material ausente
mtg2_d92027db24c68fee:plan:6442,6442,OF265424,2CI94,Perfil I,IPE330,,4330,3,Vanguard,Em Produção,2026-09-04T00:00:00,False,qualidade material ausente
mtg2_d92027db24c68fee:plan:6443,6443,OF265424,2CI95,Perfil I,IPE330,,4330,1,Vanguard,Em Produção,2026-09-04T00:00:00,False,qualidade material ausente
mtg2_d92027db24c68fee:plan:6444,6444,OF265424,2CI96,Perfil I,IPE330,,4230,1,Vanguard,Em Produção,2026-09-04T00:00:00,False,qualidade material ausente
mtg2_d92027db24c68fee:plan:6445,6445,OF265424,2CI97,Perfil I,IPE330,,4280,1,Vanguard,Em Produção,2026-09-04T00:00:00,False,qualidade material ausente
mtg2_d92027db24c68fee:plan:6446,6446,OF265424,2CI98,Perfil I,IPE330,,4580,1,Vanguard,Em Produção,2026-09-04T00:00:00,False,qualidade material ausente
mtg2_d92027db24c68fee:plan:6447,6447,OF265424,2CI99,Perfil I,IPE330,,4580,1,Vanguard,Em Produção,2026-09-04T00:00:00,False,qualidade material ausente
mtg2_d92027db24c68fee:plan:6448,6448,OF265424,2CI100,Perfil I,IPE330,,4330,1,Vanguard,Em Produção,2026-09-04T00:00:00,False,qualidade material ausente
mtg2_d92027db24c68fee:plan:6449,6449,OF265424,2CI102,Perfil I,IPE330,,4330,1,Vanguard,Em Produção,2026-09-04T00:00:00,False,qualidade material ausente
mtg2_d92027db24c68fee:plan:6450,6450,OF265424,2CI103,Perfil I,IPE330,,4330,1,Vanguard,Em Produção,2026-09-04T00:00:00,False,qualidade material ausente
mtg2_d92027db24c68fee:plan:6452,6452,OF265425,9955T011,Tubo redondo,60.3x2.9,S235JR,490,1,Serrote Fita Thomas IS639 Pav.1,Em Produção,2026-08-25T00:00:00,True,
mtg2_d92027db24c68fee:plan:6458,6458,OF265429,CI7712A4002,Tubo redondo,60.3x2.9,S235JR,325,1,Serrote Fita Thomas IS639 Pav.1,Em Produção,2026-09-04T00:00:00,True,
mtg2_d92027db24c68fee:plan:6459,6459,OF265442,CI7812A4002,Tubo redondo,76.1x3.2,S235JR,365,5,Serrote Fita Thomas IS639 Pav.1,,,False,estado CPIS ausente
mtg2_d92027db24c68fee:plan:6460,6460,OF265444,5492V003,Tubo redondo,60.3x2.9,S235JR,1197,6,Serrote Fita Thomas IS639 Pav.1,Em Produção,2026-09-04T00:00:00,True,
mtg2_d92027db24c68fee:plan:6461,6461,OF265446,CB3314A4J01,Tubo redondo,140x3,S275JR,2000,5,Serrote MEBA IS381 Pav 3,Em Produção,2026-09-11T00:00:00,True,
mtg2_d92027db24c68fee:plan:6462,6462,OF265446,CB3314A4J02,Tubo redondo,89x3,S275JR,2760,5,Serrote MEBA IS381 Pav 3,Em Produção,2026-09-11T00:00:00,True,
mtg2_d92027db24c68fee:plan:6463,6463,OF265451,PLT_VR1,Varão redondo,12,S275JR,213,16,Serrote Disco pav 1,Fechada,2026-08-21T00:00:00,True,conflito CPIS fechada vs falta corte
mtg2_d92027db24c68fee:plan:6466,6466,OF265452,2998U011,Perfil I,IPN80,S355JR,3175,4,Serrote Disco pav 1,Em Produção,2026-09-18T00:00:00,True,
mtg2_d92027db24c68fee:plan:6467,6467,OF265453,6481V001,Tubo redondo,89x3,S235JR,3249,40,Serrote Fita Thomas IS639 Pav.1,Em Produção,2026-09-04T00:00:00,True,
mtg2_d92027db24c68fee:plan:6468,6468,OF265456,CD04T002,Tubo redondo,193.7x6,S355J2,70,20,Serrote Disco pav 1,Em Produção,2026-10-13T00:00:00,True,
mtg2_d92027db24c68fee:plan:6469,6469,OF265456,CD04T003,Varão redondo,24,S355J2,208,500,Serrote Disco pav 1,Em Produção,2026-10-13T00:00:00,True,
mtg2_d92027db24c68fee:plan:6470,6470,OF265456,CD04T004,Varão redondo,24,S355J2,770,120,Serrote Disco pav 1,Em Produção,2026-10-13T00:00:00,True,
mtg2_d92027db24c68fee:plan:6471,6471,OF265456,CD04T007,Tubo quadrado,50x50x3.2,S355J2,460,60,Serrote Disco pav 1,Em Produção,2026-10-13T00:00:00,True,
mtg2_d92027db24c68fee:plan:6472,6472,OF265456,CD04T008,Tubo redondo,21.3x3.2,S355J2,20,160,Serrote Disco pav 1,Em Produção,2026-10-13T00:00:00,True,
mtg2_d92027db24c68fee:plan:6473,6473,OF265456,CD04T520,Chapa,75x45,S355J2,236,160,Serrote Disco pav 1,Em Produção,2026-10-13T00:00:00,True,
mtg2_d92027db24c68fee:plan:6474,6474,OF265462,CD04T001,Perfil U,UPN65x42,S355J2,200,40,Serrote Disco pav 1,Em Produção,2026-10-13T00:00:00,True,
mtg2_d92027db24c68fee:plan:6475,6475,OF265462,CD04T005,Varão redondo,12,S355J2,284,60,Serrote Disco pav 1,Em Produção,2026-10-13T00:00:00,True,
mtg2_d92027db24c68fee:plan:6476,6476,OF265462,CD04T006,Tubo redondo,42.4x5,S355J2,625,60,Serrote Disco pav 1,Em Produção,2026-10-13T00:00:00,True,
mtg2_d92027db24c68fee:plan:6477,6477,OF265462,CD04T008,Tubo redondo,21.3x3.2,S355J2,20,40,Serrote Disco pav 1,Em Produção,2026-10-13T00:00:00,True,
mtg2_d92027db24c68fee:plan:6478,6478,OF265465,7067V002,Tubo redondo,140x3,S275JR,1200,1,Serrote Fita Thomas IS639 Pav.1,Em Produção,2026-09-04T00:00:00,True,operação abocardar a representar separadamente
mtg2_d92027db24c68fee:plan:6479,6479,OF265465,7067V001,Tubo redondo,89x3,S275JR,6850,1,Serrote Fita Thomas IS639 Pav.1,Em Produção,2026-09-04T00:00:00,True,
mtg2_d92027db24c68fee:plan:6480,6480,OF265466,CI7712A4002,Tubo redondo,60.3x2.9,S235JR,125,12,Serrote Fita Thomas IS639 Pav.1,Em Produção,2026-09-04T00:00:00,True,
mtg2_d92027db24c68fee:plan:6481,6481,OF265466,CI0114A4J01,Tubo redondo,88.9x3,S275JR,3500,12,Serrote MEBA IS381 Pav 3,Em Produção,2026-09-04T00:00:00,True,
mtg2_d92027db24c68fee:plan:6483,6483,OF265467,9955T011,Tubo redondo,60.3x2.9,S235JR,490,3,Serrote Fita Thomas IS639 Pav.1,Em Produção,2026-08-25T00:00:00,True,
mtg2_d92027db24c68fee:plan:6484,6484,OF265467,9955T012,Tubo redondo,76.1x3.2,S235JR,490,1,Serrote Fita Thomas IS639 Pav.1,Em Produção,2026-08-25T00:00:00,True,
mtg2_d92027db24c68fee:plan:6485,6485,OF265479,CA1012A4003,Varão quadrado,16x16,S275JR,40,58,Serrote Disco pav 1,Em Produção,2026-09-18T00:00:00,True,
mtg2_d92027db24c68fee:plan:6486,6486,OF265479,CA1012A4001,Perfil U,UPN100,S275JR,60,53,Serrote Disco pav 1,Em Produção,2026-09-18T00:00:00,False,área calculada zero
mtg2_d92027db24c68fee:plan:6487,6487,OF265479,CA1012A4028,Varão redondo,10,S275JR,277,1,Serrote Disco pav 1,Em Produção,2026-09-18T00:00:00,True,
mtg2_d92027db24c68fee:plan:6488,6488,OF265479,CA1012A4029,Tubo redondo,21.3x2.6,S235JR,22,1,Serrote Disco pav 1,Em Produção,2026-09-18T00:00:00,True,
mtg2_d92027db24c68fee:plan:6489,6489,OF265487,CA2219A4213,Perfil U,UPN80,S275JR,88,1,Serrote Disco pav 1,Em Produção,2026-09-18T00:00:00,False,área calculada zero
mtg2_d92027db24c68fee:plan:6490,6490,OF265487,CA2219A4214,Perfil U,UPN80,S275JR,107,1,Serrote Disco pav 1,Em Produção,2026-09-18T00:00:00,False,área calculada zero
mtg2_d92027db24c68fee:plan:6491,6491,OF265487,CA2219A4215,Perfil U,UPN80,S275JR,126,1,Serrote Disco pav 1,Em Produção,2026-09-18T00:00:00,False,área calculada zero
mtg2_d92027db24c68fee:plan:6492,6492,OF265487,CA2219A4216,Perfil U,UPN80,S275JR,144,1,Serrote Disco pav 1,Em Produção,2026-09-18T00:00:00,False,área calculada zero
mtg2_d92027db24c68fee:plan:6493,6493,OF265487,CA2219A4217,Perfil U,UPN80,S275JR,163,1,Serrote Disco pav 1,Em Produção,2026-09-18T00:00:00,False,área calculada zero
mtg2_d92027db24c68fee:plan:6494,6494,OF265487,CA2219A4218,Perfil U,UPN80,S275JR,182,1,Serrote Disco pav 1,Em Produção,2026-09-18T00:00:00,False,área calculada zero
mtg2_d92027db24c68fee:plan:6495,6495,OF265487,CA2219A4219,Perfil U,UPN80,S275JR,201,1,Serrote Disco pav 1,Em Produção,2026-09-18T00:00:00,False,área calculada zero
mtg2_d92027db24c68fee:plan:6496,6496,OF265487,CA2219A4220,Perfil U,UPN80,S275JR,220,1,Serrote Disco pav 1,Em Produção,2026-09-18T00:00:00,False,área calculada zero
mtg2_d92027db24c68fee:plan:6497,6497,OF265487,CA2219A4TU3,Tubo redondo,76.1x3.2,S275JR,10250,1,Serrote Disco pav 1,Em Produção,2026-09-18T00:00:00,True,
mtg2_d92027db24c68fee:plan:6498,6498,OF265487,CA2219A4161,Varão redondo,10.6,S235JR,300,8,Serrote Disco pav 1,Em Produção,2026-09-18T00:00:00,True,
mtg2_d92027db24c68fee:plan:6500,6500,OF265488,9955T011,Tubo redondo,60.3x2.9,S235JR,490,1,Serrote Fita Thomas IS639 Pav.1,Em Produção,2026-08-25T00:00:00,True,
mtg2_d92027db24c68fee:plan:6502,6502,OF265489,9955T011,Tubo redondo,60.3x2.9,S235JR,490,2,Serrote Fita Thomas IS639 Pav.1,Em Produção,2026-08-25T00:00:00,True,
mtg2_d92027db24c68fee:plan:6504,6504,OF265490,9955T011,Tubo redondo,60.3x2.9,S235JR,490,2,Serrote Fita Thomas IS639 Pav.1,Em Produção,2026-08-25T00:00:00,True,
mtg2_d92027db24c68fee:plan:6505,6505,OF265506,CI5422A4001,Calha,20x10x1,,445,750,,Em Produção,2026-09-11T00:00:00,False,máquina ausente | qualidade material ausente
mtg2_d92027db24c68fee:plan:6506,6506,OF265507,9955T011,Tubo redondo,60.3x2.9,S235JR,490,1,Serrote Fita Thomas IS639 Pav.1,Em Produção,2026-08-25T00:00:00,True,
mtg2_d92027db24c68fee:plan:6508,6508,OF265509,XZ211501,Cantoneira,200x200x26,S355J2,10058,2,,Em Produção,2026-09-25T00:00:00,False,máquina ausente
mtg2_d92027db24c68fee:plan:6509,6509,OF265509,XZ211502,Cantoneira,200x200x26,S355J2,10058,2,,Em Produção,2026-09-25T00:00:00,False,máquina ausente
mtg2_d92027db24c68fee:plan:6510,6510,OF265509,XZ251007,Cantoneira,200x200x26,S355J2,6300,2,,Em Produção,2026-09-25T00:00:00,False,máquina ausente
mtg2_d92027db24c68fee:plan:6511,6511,OF265509,XZ262003,Cantoneira,200x200x26,S355J2,870,2,,Em Produção,2026-09-25T00:00:00,False,máquina ausente
mtg2_d92027db24c68fee:plan:6512,6512,OF265509,XZ262004,Cantoneira,200x200x26,S355J2,870,2,,Em Produção,2026-09-25T00:00:00,False,máquina ausente
mtg2_d92027db24c68fee:plan:6513,6513,OF265509,XZ343005,Cantoneira,200x200x26,S355J2,710,4,,Em Produção,2026-09-25T00:00:00,False,máquina ausente
mtg2_d92027db24c68fee:plan:6514,6514,OF265509,XZ343006,Cantoneira,200x200x26,S355J2,710,4,,Em Produção,2026-09-25T00:00:00,False,máquina ausente
mtg2_d92027db24c68fee:plan:6515,6515,OF265509,XZ262012,Cantoneira,200x200x28,S355J2,7310,2,,Em Produção,2026-09-25T00:00:00,False,máquina ausente
mtg2_d92027db24c68fee:plan:6516,6516,OF265509,XZ387005,Cantoneira,250x250x22,S355J2,1120,8,,Em Produção,2026-09-25T00:00:00,False,máquina ausente
mtg2_d92027db24c68fee:plan:6517,6517,OF265509,XZ398005,Cantoneira,250x250x22,S355J2,1120,8,,Em Produção,2026-09-25T00:00:00,False,máquina ausente
mtg2_d92027db24c68fee:plan:6518,6518,OF265509,XZ354005,Cantoneira,250x250x24,S355J2,1290,8,,Em Produção,2026-09-25T00:00:00,False,máquina ausente
mtg2_d92027db24c68fee:plan:6519,6519,OF265509,XZ354038,Cantoneira,250x250x24,S355J2,1290,8,,Em Produção,2026-09-25T00:00:00,False,máquina ausente
mtg2_d92027db24c68fee:plan:6520,6520,OF265509,XZ365005,Cantoneira,250x250x24,S355J2,1290,8,,Em Produção,2026-09-25T00:00:00,False,máquina ausente
mtg2_d92027db24c68fee:plan:6521,6521,OF265509,XZ365024,Cantoneira,250x250x24,S355J2,1290,8,,Em Produção,2026-09-25T00:00:00,False,máquina ausente
mtg2_d92027db24c68fee:plan:6522,6522,OF265509,XZ343001,Cantoneira,250x250x25,S355J2,7502,2,,Em Produção,2026-09-25T00:00:00,False,máquina ausente
mtg2_d92027db24c68fee:plan:6523,6523,OF265509,XZ343002,Cantoneira,250x250x25,S355J2,7502,2,,Em Produção,2026-09-25T00:00:00,False,máquina ausente
mtg2_d92027db24c68fee:plan:6524,6524,OF265509,XZ343003,Cantoneira,250x250x25,S355J2,7502,2,,Em Produção,2026-09-25T00:00:00,False,máquina ausente
mtg2_d92027db24c68fee:plan:6525,6525,OF265509,XZ343004,Cantoneira,250x250x25,S355J2,7502,2,,Em Produção,2026-09-25T00:00:00,False,máquina ausente
mtg2_d92027db24c68fee:plan:6526,6526,OF265509,XZ262039,Cantoneira,250x250x26,S355J2,350,4,,Em Produção,2026-09-25T00:00:00,False,máquina ausente
mtg2_d92027db24c68fee:plan:6527,6527,OF265509,XZ262040,Cantoneira,250x250x26,S355J2,350,4,,Em Produção,2026-09-25T00:00:00,False,máquina ausente
mtg2_d92027db24c68fee:plan:6528,6528,OF265509,XZ262001,Cantoneira,250x250x35,S355J2,8698,2,,Em Produção,2026-09-25T00:00:00,False,máquina ausente
mtg2_d92027db24c68fee:plan:6529,6529,OF265509,XZ262002,Cantoneira,250x250x35,S355J2,8698,2,,Em Produção,2026-09-25T00:00:00,False,máquina ausente
mtg2_d92027db24c68fee:plan:6530,6530,OF265509,XZ354001,Cantoneira,250x250x35,S355J2,7001,2,,Em Produção,2026-09-25T00:00:00,False,máquina ausente
mtg2_d92027db24c68fee:plan:6531,6531,OF265509,XZ354002,Cantoneira,250x250x35,S355J2,7001,2,,Em Produção,2026-09-25T00:00:00,False,máquina ausente
mtg2_d92027db24c68fee:plan:6532,6532,OF265509,XZ354003,Cantoneira,250x250x35,S355J2,7001,2,,Em Produção,2026-09-25T00:00:00,False,máquina ausente
mtg2_d92027db24c68fee:plan:6533,6533,OF265509,XZ354004,Cantoneira,250x250x35,S355J2,7001,2,,Em Produção,2026-09-25T00:00:00,False,máquina ausente
mtg2_d92027db24c68fee:plan:6534,6534,OF265509,XZ365001,Cantoneira,250x250x35,S355J2,5990,2,,Em Produção,2026-09-25T00:00:00,False,máquina ausente
mtg2_d92027db24c68fee:plan:6535,6535,OF265509,XZ365002,Cantoneira,250x250x35,S355J2,5990,2,,Em Produção,2026-09-25T00:00:00,False,máquina ausente
mtg2_d92027db24c68fee:plan:6536,6536,OF265509,XZ365003,Cantoneira,250x250x35,S355J2,5990,2,,Em Produção,2026-09-25T00:00:00,False,máquina ausente
mtg2_d92027db24c68fee:plan:6537,6537,OF265509,XZ365004,Cantoneira,250x250x35,S355J2,5990,2,,Em Produção,2026-09-25T00:00:00,False,máquina ausente
mtg2_d92027db24c68fee:plan:6538,6538,OF265509,XZ376001,Cantoneira,250x250x35,S355J2,5056,2,,Em Produção,2026-09-25T00:00:00,False,máquina ausente
mtg2_d92027db24c68fee:plan:6539,6539,OF265509,XZ376002,Cantoneira,250x250x35,S355J2,5056,2,,Em Produção,2026-09-25T00:00:00,False,máquina ausente
mtg2_d92027db24c68fee:plan:6540,6540,OF265509,XZ376003,Cantoneira,250x250x35,S355J2,5056,2,,Em Produção,2026-09-25T00:00:00,False,máquina ausente
mtg2_d92027db24c68fee:plan:6541,6541,OF265509,XZ376004,Cantoneira,250x250x35,S355J2,5056,2,,Em Produção,2026-09-25T00:00:00,False,máquina ausente
mtg2_d92027db24c68fee:plan:6542,6542,OF265509,XZ387001,Cantoneira,250x250x35,S355J2,8475,2,,Em Produção,2026-09-25T00:00:00,False,máquina ausente
mtg2_d92027db24c68fee:plan:6543,6543,OF265509,XZ387002,Cantoneira,250x250x35,S355J2,8475,1,,Em Produção,2026-09-25T00:00:00,False,máquina ausente
mtg2_d92027db24c68fee:plan:6544,6544,OF265509,XZ387003,Cantoneira,250x250x35,S355J2,8475,2,,Em Produção,2026-09-25T00:00:00,False,máquina ausente
mtg2_d92027db24c68fee:plan:6545,6545,OF265509,XZ387004,Cantoneira,250x250x35,S355J2,8475,2,,Em Produção,2026-09-25T00:00:00,False,máquina ausente
mtg2_d92027db24c68fee:plan:6546,6546,OF265509,XZ398001,Cantoneira,250x250x35,S355J2,9701,2,,Em Produção,2026-09-25T00:00:00,False,máquina ausente
mtg2_d92027db24c68fee:plan:6547,6547,OF265509,XZ398002,Cantoneira,250x250x35,S355J2,9701,2,,Em Produção,2026-09-25T00:00:00,False,máquina ausente
mtg2_d92027db24c68fee:plan:6548,6548,OF265509,XZ398003,Cantoneira,250x250x35,S355J2,9701,2,,Em Produção,2026-09-25T00:00:00,False,máquina ausente
mtg2_d92027db24c68fee:plan:6549,6549,OF265509,XZ398004,Cantoneira,250x250x35,S355J2,9701,2,,Em Produção,2026-09-25T00:00:00,False,máquina ausente
mtg2_d92027db24c68fee:plan:6550,6550,OF265525,CI7812A4011,Tubo redondo,76.1x3.25,S235JR,3277,23,Serrote Fita Thomas IS639 Pav.1,Em Produção,2026-09-11T00:00:00,True,
mtg2_d92027db24c68fee:plan:6551,6551,OF265525,CI7812A4034,Tubo redondo,76.1x3.25,S235JR,2330,11,Serrote Fita Thomas IS639 Pav.1,Em Produção,2026-09-11T00:00:00,True,
mtg2_d92027db24c68fee:plan:6552,6552,OF265525,CC0111A4618,Tubo redondo,60x2.9,S235JR,110,46,Serrote Fita Thomas IS639 Pav.1,Em Produção,2026-09-11T00:00:00,True,
mtg2_d92027db24c68fee:plan:6553,6553,OF265525,CI1106A4015,Tubo redondo,60x3,S275JR,884,116,Serrote Fita Thomas IS639 Pav.1,Em Produção,2026-09-11T00:00:00,True,
mtg2_d92027db24c68fee:plan:6554,6554,OF265528,1232,Tubo quadrado,50x50x3,,1232,3,Serrote Doall Pav.1,Em Produção,2026-09-04T00:00:00,False,qualidade material ausente
mtg2_d92027db24c68fee:plan:6557,6557,OF265528,1284,Tubo quadrado,50x50x3,,1284,3,Serrote Doall Pav.1,Em Produção,2026-09-04T00:00:00,False,qualidade material ausente
mtg2_d92027db24c68fee:plan:6559,6559,OF265528,1303,Tubo quadrado,50x50x3,,1303,3,Serrote Doall Pav.1,Em Produção,2026-09-04T00:00:00,False,qualidade material ausente
mtg2_d92027db24c68fee:plan:6560,6560,OF265528,1307,Tubo quadrado,50x50x3,,1307,6,Serrote Doall Pav.1,Em Produção,2026-09-04T00:00:00,False,qualidade material ausente
mtg2_d92027db24c68fee:plan:6571,6571,OF265528,1383,Tubo quadrado,50x50x3,,1383,6,Serrote Doall Pav.1,Em Produção,2026-09-04T00:00:00,False,qualidade material ausente
mtg2_d92027db24c68fee:plan:6572,6572,OF265528,1387,Tubo quadrado,50x50x3,,1387,6,Serrote Doall Pav.1,Em Produção,2026-09-04T00:00:00,False,qualidade material ausente
mtg2_d92027db24c68fee:plan:6573,6573,OF265528,1453,Tubo quadrado,50x50x3,,1453,3,Serrote Doall Pav.1,Em Produção,2026-09-04T00:00:00,False,qualidade material ausente
mtg2_d92027db24c68fee:plan:6575,6575,OF265528,1529,Tubo quadrado,50x50x3,,1529,3,Serrote Doall Pav.1,Em Produção,2026-09-04T00:00:00,False,qualidade material ausente
mtg2_d92027db24c68fee:plan:6576,6576,OF265528,1557,Tubo quadrado,50x50x3,,1557,3,Serrote Doall Pav.1,Em Produção,2026-09-04T00:00:00,False,qualidade material ausente
mtg2_d92027db24c68fee:plan:6578,6578,OF265528,1661,Tubo quadrado,50x50x3,,1661,3,Serrote Doall Pav.1,Em Produção,2026-09-04T00:00:00,False,qualidade material ausente
mtg2_d92027db24c68fee:plan:6579,6579,OF265528,1675,Tubo quadrado,50x50x3,,1675,3,Serrote Doall Pav.1,Em Produção,2026-09-04T00:00:00,False,qualidade material ausente
mtg2_d92027db24c68fee:plan:6580,6580,OF265528,1722,Tubo quadrado,50x50x3,,1722,12,Serrote Doall Pav.1,Em Produção,2026-09-04T00:00:00,False,qualidade material ausente
mtg2_d92027db24c68fee:plan:6581,6581,OF265528,1774,Tubo quadrado,50x50x3,,1774,6,Serrote Doall Pav.1,Em Produção,2026-09-04T00:00:00,False,qualidade material ausente
mtg2_d92027db24c68fee:plan:6582,6582,OF265528,1840,Tubo quadrado,50x50x3,,1840,6,Serrote Doall Pav.1,Em Produção,2026-09-04T00:00:00,False,qualidade material ausente
mtg2_d92027db24c68fee:plan:6583,6583,OF265528,1849,Tubo quadrado,50x50x3,,1849,3,Serrote Doall Pav.1,Em Produção,2026-09-04T00:00:00,False,qualidade material ausente
mtg2_d92027db24c68fee:plan:6584,6584,OF265528,1858,Tubo quadrado,50x50x3,,1858,12,Serrote Doall Pav.1,Em Produção,2026-09-04T00:00:00,False,qualidade material ausente
mtg2_d92027db24c68fee:plan:6585,6585,OF265528,1868,Tubo quadrado,50x50x3,,1868,9,Serrote Doall Pav.1,Em Produção,2026-09-04T00:00:00,False,qualidade material ausente
mtg2_d92027db24c68fee:plan:6586,6586,OF265528,1877,Tubo quadrado,50x50x3,,1877,6,Serrote Doall Pav.1,Em Produção,2026-09-04T00:00:00,False,qualidade material ausente
mtg2_d92027db24c68fee:plan:6587,6587,OF265528,1887,Tubo quadrado,50x50x3,,1887,6,Serrote Doall Pav.1,Em Produção,2026-09-04T00:00:00,False,qualidade material ausente
mtg2_d92027db24c68fee:plan:6588,6588,OF265528,1901,Tubo quadrado,50x50x3,,1901,3,Serrote Doall Pav.1,Em Produção,2026-09-04T00:00:00,False,qualidade material ausente
mtg2_d92027db24c68fee:plan:6589,6589,OF265528,1905,Tubo quadrado,50x50x3,,1905,3,Serrote Doall Pav.1,Em Produção,2026-09-04T00:00:00,False,qualidade material ausente
mtg2_d92027db24c68fee:plan:6590,6590,OF265528,1915,Tubo quadrado,50x50x3,,1915,6,Serrote Doall Pav.1,Em Produção,2026-09-04T00:00:00,False,qualidade material ausente
mtg2_d92027db24c68fee:plan:6591,6591,OF265528,1924,Tubo quadrado,50x50x3,,1924,15,Serrote Doall Pav.1,Em Produção,2026-09-04T00:00:00,False,qualidade material ausente
mtg2_d92027db24c68fee:plan:6592,6592,OF265528,1934,Tubo quadrado,50x50x3,,1934,6,Serrote Doall Pav.1,Em Produção,2026-09-04T00:00:00,False,qualidade material ausente
mtg2_d92027db24c68fee:plan:6593,6593,OF265528,1938,Tubo quadrado,50x50x3,,1938,3,Serrote Doall Pav.1,Em Produção,2026-09-04T00:00:00,False,qualidade material ausente
mtg2_d92027db24c68fee:plan:6594,6594,OF265528,1943,Tubo quadrado,50x50x3,,1943,6,Serrote Doall Pav.1,Em Produção,2026-09-04T00:00:00,False,qualidade material ausente
mtg2_d92027db24c68fee:plan:6595,6595,OF265528,1953,Tubo quadrado,50x50x3,,1953,6,Serrote Doall Pav.1,Em Produção,2026-09-04T00:00:00,False,qualidade material ausente
mtg2_d92027db24c68fee:plan:6596,6596,OF265528,1957,Tubo quadrado,50x50x3,,1957,3,Serrote Doall Pav.1,Em Produção,2026-09-04T00:00:00,False,qualidade material ausente
mtg2_d92027db24c68fee:plan:6597,6597,OF265528,1967,Tubo quadrado,50x50x3,,1967,3,Serrote Doall Pav.1,Em Produção,2026-09-04T00:00:00,False,qualidade material ausente
mtg2_d92027db24c68fee:plan:6598,6598,OF265528,1981,Tubo quadrado,50x50x3,,1981,3,Serrote Doall Pav.1,Em Produção,2026-09-04T00:00:00,False,qualidade material ausente
mtg2_d92027db24c68fee:plan:6599,6599,OF265528,1986,Tubo quadrado,50x50x3,,1986,3,Serrote Doall Pav.1,Em Produção,2026-09-04T00:00:00,False,qualidade material ausente
mtg2_d92027db24c68fee:plan:6601,6601,OF265528,1995,Tubo quadrado,50x50x3,,1995,3,Serrote Doall Pav.1,Em Produção,2026-09-04T00:00:00,False,qualidade material ausente
mtg2_d92027db24c68fee:plan:6602,6602,OF265528,2014,Tubo quadrado,50x50x3,,2014,3,Serrote Doall Pav.1,Em Produção,2026-09-04T00:00:00,False,qualidade material ausente
mtg2_d92027db24c68fee:plan:6603,6603,OF265528,2023,Tubo quadrado,50x50x3,,2023,6,Serrote Doall Pav.1,Em Produção,2026-09-04T00:00:00,False,qualidade material ausente
mtg2_d92027db24c68fee:plan:6604,6604,OF265528,2033,Tubo quadrado,50x50x3,,2033,3,Serrote Doall Pav.1,Em Produção,2026-09-04T00:00:00,False,qualidade material ausente
mtg2_d92027db24c68fee:plan:6606,6606,OF265528,2047,Tubo quadrado,50x50x3,,2047,3,Serrote Doall Pav.1,Em Produção,2026-09-04T00:00:00,False,qualidade material ausente
mtg2_d92027db24c68fee:plan:6607,6607,OF265528,2066,Tubo quadrado,50x50x3,,2066,3,Serrote Doall Pav.1,Em Produção,2026-09-04T00:00:00,False,qualidade material ausente
mtg2_d92027db24c68fee:plan:6609,6609,OF265528,2089,Tubo quadrado,50x50x3,,2089,3,Serrote Doall Pav.1,Em Produção,2026-09-04T00:00:00,False,qualidade material ausente
mtg2_d92027db24c68fee:plan:6610,6610,OF265528,2113,Tubo quadrado,50x50x3,,2113,9,Serrote Doall Pav.1,Em Produção,2026-09-04T00:00:00,False,qualidade material ausente
mtg2_d92027db24c68fee:plan:6611,6611,OF265528,2117,Tubo quadrado,50x50x3,,2117,6,Serrote Doall Pav.1,Em Produção,2026-09-04T00:00:00,False,qualidade material ausente
mtg2_d92027db24c68fee:plan:6612,6612,OF265528,2136,Tubo quadrado,50x50x3,,2136,3,Serrote Doall Pav.1,Em Produção,2026-09-04T00:00:00,False,qualidade material ausente
mtg2_d92027db24c68fee:plan:6614,6614,OF265528,2188,Tubo quadrado,50x50x3,,2188,6,Serrote Doall Pav.1,Em Produção,2026-09-04T00:00:00,False,qualidade material ausente
mtg2_d92027db24c68fee:plan:6615,6615,OF265528,2193,Tubo quadrado,50x50x3,,2193,24,Serrote Doall Pav.1,Em Produção,2026-09-04T00:00:00,False,qualidade material ausente
mtg2_d92027db24c68fee:plan:6616,6616,OF265528,2212,Tubo quadrado,50x50x3,,2212,12,Serrote Doall Pav.1,Em Produção,2026-09-04T00:00:00,False,qualidade material ausente
mtg2_d92027db24c68fee:plan:6617,6617,OF265528,2226,Tubo quadrado,50x50x3,,2226,6,Serrote Doall Pav.1,Em Produção,2026-09-04T00:00:00,False,qualidade material ausente
mtg2_d92027db24c68fee:plan:6618,6618,OF265528,2240,Tubo quadrado,50x50x3,,2240,3,Serrote Doall Pav.1,Em Produção,2026-09-04T00:00:00,False,qualidade material ausente
mtg2_d92027db24c68fee:plan:6619,6619,OF265528,2249,Tubo quadrado,50x50x3,,2249,3,Serrote Doall Pav.1,Em Produção,2026-09-04T00:00:00,False,qualidade material ausente
mtg2_d92027db24c68fee:plan:6620,6620,OF265528,2282,Tubo quadrado,50x50x3,,2282,12,Serrote Doall Pav.1,Em Produção,2026-09-04T00:00:00,False,qualidade material ausente
mtg2_d92027db24c68fee:plan:6621,6621,OF265528,2292,Tubo quadrado,50x50x3,,2292,12,Serrote Doall Pav.1,Em Produção,2026-09-04T00:00:00,False,qualidade material ausente
mtg2_d92027db24c68fee:plan:6622,6622,OF265528,2315,Tubo quadrado,50x50x3,,2315,3,Serrote Doall Pav.1,Em Produção,2026-09-04T00:00:00,False,qualidade material ausente
mtg2_d92027db24c68fee:plan:6623,6623,OF265528,2320,Tubo quadrado,50x50x3,,2320,3,Serrote Doall Pav.1,Em Produção,2026-09-04T00:00:00,False,qualidade material ausente
mtg2_d92027db24c68fee:plan:6624,6624,OF265528,2334,Tubo quadrado,50x50x3,,2334,6,Serrote Doall Pav.1,Em Produção,2026-09-04T00:00:00,False,qualidade material ausente
mtg2_d92027db24c68fee:plan:6625,6625,OF265528,2348,Tubo quadrado,50x50x3,,2348,3,Serrote Doall Pav.1,Em Produção,2026-09-04T00:00:00,False,qualidade material ausente
mtg2_d92027db24c68fee:plan:6638,6638,OF265528,2541,Tubo quadrado,50x50x3,,2541,3,Serrote Doall Pav.1,Em Produção,2026-09-04T00:00:00,False,qualidade material ausente
mtg2_d92027db24c68fee:plan:6639,6639,OF265528,2546,Tubo quadrado,50x50x3,,2546,9,Serrote Doall Pav.1,Em Produção,2026-09-04T00:00:00,False,qualidade material ausente
mtg2_d92027db24c68fee:plan:6662,6662,OF265528,2786,Tubo quadrado,50x50x3,,2786,30,Serrote Doall Pav.1,Em Produção,2026-09-04T00:00:00,False,qualidade material ausente
mtg2_d92027db24c68fee:plan:6665,6665,OF265528,2805,Tubo quadrado,50x50x3,,2805,3,Serrote Doall Pav.1,Em Produção,2026-09-04T00:00:00,False,qualidade material ausente
mtg2_d92027db24c68fee:plan:6666,6666,OF265528,2810,Tubo quadrado,50x50x3,,2810,6,Serrote Doall Pav.1,Em Produção,2026-09-04T00:00:00,False,qualidade material ausente
mtg2_d92027db24c68fee:plan:6670,6670,OF265528,2829,Tubo quadrado,50x50x3,,2829,12,Serrote Doall Pav.1,Em Produção,2026-09-04T00:00:00,False,qualidade material ausente
mtg2_d92027db24c68fee:plan:6671,6671,OF265528,2833,Tubo quadrado,50x50x3,,2833,21,Serrote Doall Pav.1,Em Produção,2026-09-04T00:00:00,False,qualidade material ausente
mtg2_d92027db24c68fee:plan:6672,6672,OF265528,2838,Tubo quadrado,50x50x3,,2838,18,Serrote Doall Pav.1,Em Produção,2026-09-04T00:00:00,False,qualidade material ausente
mtg2_d92027db24c68fee:plan:6673,6673,OF265528,2843,Tubo quadrado,50x50x3,,2843,27,Serrote Doall Pav.1,Em Produção,2026-09-04T00:00:00,False,qualidade material ausente
mtg2_d92027db24c68fee:plan:6674,6674,OF265528,2843,Tubo quadrado,50x50x3,,2843,3,Serrote Doall Pav.1,Em Produção,2026-09-04T00:00:00,False,qualidade material ausente
mtg2_d92027db24c68fee:plan:6675,6675,OF265528,2847,Tubo quadrado,50x50x3,,2847,36,Serrote Doall Pav.1,Em Produção,2026-09-04T00:00:00,False,qualidade material ausente
mtg2_d92027db24c68fee:plan:6676,6676,OF265528,2852,Tubo quadrado,50x50x3,,2852,27,Serrote Doall Pav.1,Em Produção,2026-09-04T00:00:00,False,qualidade material ausente
mtg2_d92027db24c68fee:plan:6680,6680,OF265528,2871,Tubo quadrado,50x50x3,,2871,21,Serrote Doall Pav.1,Em Produção,2026-09-04T00:00:00,False,qualidade material ausente
mtg2_d92027db24c68fee:plan:6681,6681,OF265528,2876,Tubo quadrado,50x50x3,,2876,51,Serrote Doall Pav.1,Em Produção,2026-09-04T00:00:00,False,qualidade material ausente
mtg2_d92027db24c68fee:plan:6682,6682,OF265528,2880,Tubo quadrado,50x50x3,,2880,12,Serrote Doall Pav.1,Em Produção,2026-09-04T00:00:00,False,qualidade material ausente
mtg2_d92027db24c68fee:plan:6683,6683,OF265528,2885,Tubo quadrado,50x50x3,,2885,399,Serrote Doall Pav.1,Em Produção,2026-09-04T00:00:00,False,qualidade material ausente
mtg2_d92027db24c68fee:plan:6684,6684,OF265528,2890,Tubo quadrado,50x50x3,,2890,12,Serrote Doall Pav.1,Em Produção,2026-09-04T00:00:00,False,qualidade material ausente
mtg2_d92027db24c68fee:plan:6685,6685,OF265528,2895,Tubo quadrado,50x50x3,,2895,9,Serrote Doall Pav.1,Em Produção,2026-09-04T00:00:00,False,qualidade material ausente
mtg2_d92027db24c68fee:plan:6686,6686,OF265528,2899,Tubo quadrado,50x50x3,,2899,3,Serrote Doall Pav.1,Em Produção,2026-09-04T00:00:00,False,qualidade material ausente
mtg2_d92027db24c68fee:plan:6687,6687,OF265528,2904,Tubo quadrado,50x50x3,,2904,12,Serrote Doall Pav.1,Em Produção,2026-09-04T00:00:00,False,qualidade material ausente
mtg2_d92027db24c68fee:plan:6688,6688,OF265528,2909,Tubo quadrado,50x50x3,,2909,6,Serrote Doall Pav.1,Em Produção,2026-09-04T00:00:00,False,qualidade material ausente
mtg2_d92027db24c68fee:plan:6689,6689,OF265528,2918,Tubo quadrado,50x50x3,,2918,12,Serrote Doall Pav.1,Em Produção,2026-09-04T00:00:00,False,qualidade material ausente
mtg2_d92027db24c68fee:plan:6690,6690,OF265528,2923,Tubo quadrado,50x50x3,,2923,9,Serrote Doall Pav.1,Em Produção,2026-09-04T00:00:00,False,qualidade material ausente
mtg2_d92027db24c68fee:plan:6691,6691,OF265528,2928,Tubo quadrado,50x50x3,,2928,3,Serrote Doall Pav.1,Em Produção,2026-09-04T00:00:00,False,qualidade material ausente
mtg2_d92027db24c68fee:plan:6692,6692,OF265528,2932,Tubo quadrado,50x50x3,,2932,6,Serrote Doall Pav.1,Em Produção,2026-09-04T00:00:00,False,qualidade material ausente
mtg2_d92027db24c68fee:plan:6693,6693,OF265528,2C1,Barra,30x8,,869,8212,Serrote Doall Pav.1,Em Produção,2026-09-04T00:00:00,False,qualidade material ausente
mtg2_d92027db24c68fee:plan:6694,6694,OF265529,CI7712A4034,Tubo redondo,60.3x2.9,S235JR,1152,45,Serrote Fita Thomas IS639 Pav.1,Em Produção,2026-09-11T00:00:00,True,
mtg2_d92027db24c68fee:plan:6695,6695,OF265529,CI7712A4118,Tubo redondo,60x3,S235JR,1500,20,Serrote Fita Thomas IS639 Pav.1,Em Produção,2026-09-11T00:00:00,True,
mtg2_d92027db24c68fee:plan:6696,6696,OF265529,CI7712A4118,Tubo redondo,60x3,S235JR,804,10,Serrote Fita Thomas IS639 Pav.1,Em Produção,2026-09-11T00:00:00,True,
mtg2_d92027db24c68fee:plan:6697,6697,OF265538,CI1106A4017,Tubo redondo,60x3,S275JR,1387,250,Serrote Fita Thomas IS639 Pav.1,Em Produção,2026-09-18T00:00:00,True,
mtg2_d92027db24c68fee:plan:6699,6699,OF265539,9955T011,Tubo redondo,60.3x2.9,S235JR,490,1,Serrote Fita Thomas IS639 Pav.1,Em Produção,2026-09-08T00:00:00,True,
mtg2_d92027db24c68fee:plan:6700,6700,OF265541,CI1822A4001,Tubo redondo,139.7x4,S275JR,1200,1,Serrote Fita Thomas IS639 Pav.1,Em Produção,2026-09-11T00:00:00,True,
mtg2_d92027db24c68fee:plan:6701,6701,OF265541,CI1822A4002,Tubo redondo,88.9x3,S235JR,1735,1,Serrote Fita Thomas IS639 Pav.1,Em Produção,2026-09-11T00:00:00,True,
mtg2_d92027db24c68fee:plan:6702,6702,OF265542,3684P001,Tubo redondo,63x3,S275JR,1386,12,Serrote Fita Thomas IS639 Pav.1,Fechada,2026-09-11T00:00:00,True,conflito CPIS fechada vs falta corte
mtg2_d92027db24c68fee:plan:6703,6703,OF265543,9271U000,Tubo retangular,50x40x3,S275JR,3935,6,Serrote Disco pav 1,Em Produção,2026-10-02T00:00:00,True,
mtg2_d92027db24c68fee:plan:6704,6704,OF265543,9271U001,Tubo retangular,50x40x3,S275JR,3935,6,Serrote Disco pav 1,Em Produção,2026-10-02T00:00:00,True,
mtg2_d92027db24c68fee:plan:6705,6705,OF265543,9271U002,Tubo quadrado,40x40x5,S275JR,2199,6,Serrote Disco pav 1,Em Produção,2026-10-02T00:00:00,True,
mtg2_d92027db24c68fee:plan:6706,6706,OF265543,9271U003,Tubo quadrado,40x40x5,S275JR,1081,24,Serrote Disco pav 1,Em Produção,2026-10-02T00:00:00,True,
mtg2_d92027db24c68fee:plan:6707,6707,OF265543,9271U006,Tubo quadrado,40x40x3,S275JR,400,6,Serrote Disco pav 1,Em Produção,2026-10-02T00:00:00,True,
mtg2_d92027db24c68fee:plan:6708,6708,OF265543,9271U007,Tubo redondo,48.3x2.9,S235JR,200,6,Serrote Disco pav 1,Em Produção,2026-10-02T00:00:00,True,
mtg2_d92027db24c68fee:plan:6709,6709,OF265543,9271U005,Tubo redondo,200x5,S275JR,100,6,Serrote Disco pav 1,Em Produção,2026-10-02T00:00:00,True,
mtg2_d92027db24c68fee:plan:6710,6710,OF265543,5848V001,Tubo redondo,48.3x2.9,S235JR,990,6,Serrote Disco pav 1,Em Produção,2026-10-02T00:00:00,True,
mtg2_d92027db24c68fee:plan:6711,6711,OF265544,CR1516A3520,Calha,41x21x2.5,S235JR,1000,6,Serrote Disco pav 1,Em Produção,2026-10-09T00:00:00,True,
mtg2_d92027db24c68fee:plan:6712,6712,OF265549,4716S020,Varão redondo,20,S275JR,410,25,Serrote Disco pav 1,Em Produção,2026-10-02T00:00:00,True,
mtg2_d92027db24c68fee:plan:6713,6713,OF265549,4716S031,Tubo quadrado,40x40x3,S275JR,806,3,Serrote Disco pav 1,Em Produção,2026-10-02T00:00:00,True,
mtg2_d92027db24c68fee:plan:6714,6714,OF265549,6133V015,Tubo quadrado,40x40x3,S275JR,3700,6,Serrote Disco pav 1,Em Produção,2026-10-02T00:00:00,True,
mtg2_d92027db24c68fee:plan:6715,6715,OF265549,6133V016,Tubo quadrado,30x30x3,S275JR,1180,36,Serrote Disco pav 1,Em Produção,2026-10-02T00:00:00,True,
mtg2_d92027db24c68fee:plan:6716,6716,OF265549,6133V017,Tubo quadrado,40x40x3,S275JR,2600,1,Serrote Disco pav 1,Em Produção,2026-10-02T00:00:00,True,
mtg2_d92027db24c68fee:plan:6717,6717,OF265549,6133V018,Tubo quadrado,30x30x3,S275JR,1240,4,Serrote Disco pav 1,Em Produção,2026-10-02T00:00:00,True,
mtg2_d92027db24c68fee:plan:6718,6718,OF265549,6133V020,Tubo quadrado,40x40x3,S275JR,2140,1,Serrote Disco pav 1,Em Produção,2026-10-02T00:00:00,True,
mtg2_d92027db24c68fee:plan:6719,6719,OF265549,6133V021,Tubo quadrado,30x30x3,S275JR,2060,2,Serrote Disco pav 1,Em Produção,2026-10-02T00:00:00,True,
mtg2_d92027db24c68fee:plan:6720,6720,OF265549,6133V022,Tubo quadrado,30x30x3,S275JR,1293,6,Serrote Disco pav 1,Em Produção,2026-10-02T00:00:00,True,
mtg2_d92027db24c68fee:plan:6721,6721,OF265549,6133V023,Tubo quadrado,40x40x3,S275JR,3653,1,Serrote Disco pav 1,Em Produção,2026-10-02T00:00:00,True,
mtg2_d92027db24c68fee:plan:6722,6722,OF265549,6133V024,Tubo quadrado,30x30x3,S275JR,863,8,Serrote Disco pav 1,Em Produção,2026-10-02T00:00:00,True,
mtg2_d92027db24c68fee:plan:6723,6723,OF265549,6133V025,Tubo quadrado,40x40x3,S275JR,4040,1,Serrote Disco pav 1,Em Produção,2026-10-02T00:00:00,True,
mtg2_d92027db24c68fee:plan:6724,6724,OF265549,D212T032,Tubo quadrado,40x40x3,S275JR,275,1,Serrote Disco pav 1,Em Produção,2026-10-02T00:00:00,True,
mtg2_d92027db24c68fee:plan:6725,6725,OF265549,D212T033,Tubo quadrado,40x40x3,S275JR,198,6,Serrote Disco pav 1,Em Produção,2026-10-02T00:00:00,True,
mtg2_d92027db24c68fee:plan:6726,6726,OF265549,D212T034,Tubo quadrado,40x40x3,S275JR,275,1,Serrote Disco pav 1,Em Produção,2026-10-02T00:00:00,True,
mtg2_d92027db24c68fee:plan:6727,6727,OF265549,D212T035,Tubo quadrado,40x40x3,S275JR,235,4,Serrote Disco pav 1,Em Produção,2026-10-02T00:00:00,True,
mtg2_d92027db24c68fee:plan:6728,6728,OF265562,A570R008,Tubo redondo,63x3,S275JR,884,2,Serrote Fita Thomas IS639 Pav.1,Em Produção,2026-09-11T00:00:00,True,
mtg2_d92027db24c68fee:plan:6729,6729,OF265564,CIC115A4002,Tubo redondo,60.3x2.9,S235JR,1989,1,Serrote Fita Thomas IS639 Pav.1,Em Produção,2026-09-18T00:00:00,True,
mtg2_d92027db24c68fee:plan:6730,6730,OF265564,CIC115A4007,Tubo redondo,60.3x2.9,S275JR,427,1,Serrote Fita Thomas IS639 Pav.1,Em Produção,2026-09-18T00:00:00,True,
mtg2_d92027db24c68fee:plan:6731,6731,OF265566,CR0813A4006,Varão redondo,16,S355JR,100,24,,Em Produção,2026-10-02T00:00:00,False,máquina ausente
mtg2_d92027db24c68fee:plan:6732,6732,OF265566,CR0813A4007,Varão redondo,16,S355JR,80,48,,Em Produção,2026-10-02T00:00:00,False,máquina ausente
mtg2_d92027db24c68fee:plan:6733,6733,OF265566,CR0106A4005,Varão redondo,12,S275JR,192,6,,Em Produção,2026-10-02T00:00:00,False,máquina ausente
mtg2_d92027db24c68fee:plan:6734,6734,OF265567,CR1012A4011,Varão roscado,M16,S275JR,89,48,Serrote Disco pav 1,Em Produção,2026-10-02T00:00:00,True,
mtg2_d92027db24c68fee:plan:6735,6735,OF265567,CR1012A4010,Varão redondo,16,S275JR,150,24,Serrote Disco pav 1,Em Produção,2026-10-02T00:00:00,True,
mtg2_d92027db24c68fee:plan:6736,6736,OF265576,CI0799A4001,Varão redondo,6,S235JR,54,2,,Em Produção,2026-09-11T00:00:00,False,máquina ausente
mtg2_d92027db24c68fee:plan:6737,6737,OF265580,CI7716A4005,Tubo redondo,60.3x4,S355JR,1101,1,Serrote Fita Thomas IS639 Pav.1,Em Produção,2026-09-11T00:00:00,True,
mtg2_d92027db24c68fee:plan:6738,6738,OF265580,CI7716A4005,Tubo redondo,60.3x4,S355JR,1902,11,Serrote Fita Thomas IS639 Pav.1,Em Produção,2026-09-11T00:00:00,True,
mtg2_d92027db24c68fee:plan:6739,6739,OF265693,TZ429801,Perfil U,UPN280x95,S355J2,3689,1,,Em Produção,2026-09-15T00:00:00,False,máquina ausente
mtg2_d92027db24c68fee:plan:6740,6740,OF265693,W2149003,Perfil U,UPN280x95,,2728,1,,Em Produção,2026-09-15T00:00:00,False,máquina ausente | qualidade material ausente
mtg2_d92027db24c68fee:plan:6741,6741,OF265693,W2209004,Perfil U,UPN280x95,S355J2,2728,1,,Em Produção,2026-09-15T00:00:00,False,máquina ausente
mtg2_d92027db24c68fee:plan:6742,6742,OF265706,CA4117A4001,Perfil U,UPN100x50,S355JR,80,37,,Em Produção,2026-10-30T00:00:00,False,máquina ausente
mtg2_d92027db24c68fee:plan:6743,6743,OF265706,CA1497A4502,Varão redondo,10,S235JR,104,2,,Em Produção,2026-10-30T00:00:00,False,máquina ausente
mtg2_d92027db24c68fee:plan:6744,6744,OF265799,BA1225A4001,Tubo retangular,80x60x3,S275J0,4000,19,,Em Produção,,False,máquina ausente
mtg2_d92027db24c68fee:plan:6747,6747,OF265739,CA4117A4001,Perfil U,UPN100x50,S355JR,80,2,,Em Produção,2026-09-04T00:00:00,False,máquina ausente
mtg2_d92027db24c68fee:plan:6748,6748,OF265739,1304U001,Varão roscado,M8,A4/70,170,8,,Em Produção,2026-09-04T00:00:00,False,máquina ausente
mtg2_d92027db24c68fee:plan:6749,6749,OF265727,6377V012,Varão redondo,16,S235JR,660,824,,Em Produção,2026-08-31T00:00:00,False,máquina ausente
mtg2_d92027db24c68fee:plan:6750,6750,OF265727,6377V013,Varão redondo,22,S235JR,860,120,,Em Produção,2026-08-31T00:00:00,False,máquina ausente
mtg2_d92027db24c68fee:plan:6751,6751,OF265695,5096V003,Varão redondo,8,S235JR,1088,15,,Em Produção,2026-09-15T00:00:00,False,máquina ausente
mtg2_d92027db24c68fee:plan:6752,6752,OF265695,5096V001,Varão redondo,60.3,S235JR,2.9,15,,Em Produção,2026-09-15T00:00:00,False,máquina ausente
mtg2_d92027db24c68fee:plan:6753,6753,OF265695,5096V002,Varão redondo,60.3,S235JR,2.9,15,,Em Produção,2026-09-15T00:00:00,False,máquina ausente
mtg2_d92027db24c68fee:plan:6754,6754,OF265812,7429V001,Varão roscado,M20,8.8,200,352,,Em Produção,2026-09-11T00:00:00,False,máquina ausente
mtg2_d92027db24c68fee:plan:6755,6755,OF265846,CA6319A4094,Varão redondo,10.6,S235JR,273,8,,Em Produção,2026-09-11T00:00:00,False,máquina ausente
mtg2_d92027db24c68fee:plan:6756,6756,OF265846,CA6319A4069,Tubo redondo,42.4x2.6,S235JR,148,18,,Em Produção,2026-09-11T00:00:00,False,máquina ausente
mtg2_d92027db24c68fee:plan:6757,6757,OF265846,CA6319A4070,Varão redondo,10.6,S235JR,228,36,,Em Produção,2026-09-11T00:00:00,False,máquina ausente
mtg2_d92027db24c68fee:plan:6758,6758,OF265846,CA6319A4071,Varão redondo,10.6,S235JR,305,36,,Em Produção,2026-09-11T00:00:00,False,máquina ausente
mtg2_d92027db24c68fee:plan:6759,6759,OF265846,CA6319A4130,Tubo redondo,76.1x3.2,S235JR,2000,13,,Em Produção,2026-09-11T00:00:00,False,máquina ausente
mtg2_d92027db24c68fee:plan:6760,6760,OF265741,7545K001,Tubo redondo,60.3x2.9,S235JR,2830,16,,Em Produção,2026-09-11T00:00:00,False,máquina ausente
mtg2_d92027db24c68fee:plan:6761,6761,OF265741,6105V002,Tubo redondo,60.3x2.9,S235JR,1768,5,,Em Produção,2026-09-11T00:00:00,False,máquina ausente
mtg2_d92027db24c68fee:plan:6762,6762,OF265683,CI7712A4002,Tubo redondo,60.3x2.9,S235JR,510,1,,,,False,estado CPIS ausente | máquina ausente
mtg2_d92027db24c68fee:plan:6763,6763,OF265692,0528P001,Tubo redondo,60.3x2.9,S235JR,1350,2,,Em Aberto,2026-09-15T00:00:00,False,máquina ausente
mtg2_d92027db24c68fee:plan:6764,6764,OF265705,2812O001,Tubo redondo,60.3x2.9,S235JR,1748,1,,Em Produção,2026-09-15T00:00:00,False,máquina ausente
mtg2_d92027db24c68fee:plan:6765,6765,OF265744,6607V001,Tubo redondo,60.3x2.9,S235JR,526,8,,Em Produção,2026-09-15T00:00:00,False,máquina ausente
mtg2_d92027db24c68fee:plan:6766,6766,OF265654,CI3408A4004,Tubo redondo,63x3,S275JR,1402,12,,Em Produção,2026-09-18T00:00:00,False,máquina ausente
mtg2_d92027db24c68fee:plan:6767,6767,OF265651,B046T002,Tubo redondo,89x3,S275JR,241,33,,Em Produção,2026-09-11T00:00:00,False,máquina ausente
mtg2_d92027db24c68fee:plan:6768,6768,OF265651,B046T003,Tubo redondo,26.9x2.65,S235JR,9,33,,Em Produção,2026-09-11T00:00:00,False,máquina ausente
mtg2_d92027db24c68fee:plan:6769,6769,OF265651,CI7712A4002,Tubo redondo,60.3x2.9,S235JR,130,33,,Em Produção,2026-09-11T00:00:00,False,máquina ausente
mtg2_d92027db24c68fee:plan:6770,6770,OF265643,3826K002,Tubo redondo,60.3x2.9,S235JR,2700,1,,Em Produção,2026-09-11T00:00:00,False,máquina ausente
mtg2_d92027db24c68fee:plan:6771,6771,OF265643,4236V015,Varão roscado,M10,A2,180,4,,Em Produção,2026-09-11T00:00:00,False,máquina ausente
mtg2_d92027db24c68fee:plan:6772,6772,OF265643,3826K001,Tubo redondo,48.3x2.9,S235JR,95,3,,Em Produção,2026-09-11T00:00:00,False,máquina ausente
mtg2_d92027db24c68fee:plan:6773,6773,OF265796,3677V002,Varão roscado,M36,8.8,1325,16,,Em Produção,2026-09-09T00:00:00,False,máquina ausente
mtg2_d92027db24c68fee:plan:6774,6774,OF265788,7258V003,Tubo retangular,60x40x4,S235JR,2900,4,,Em Produção,2026-09-14T00:00:00,False,máquina ausente
mtg2_d92027db24c68fee:plan:6775,6775,OF265724,108H4AS,Perfil U,UPN80x45,S235JR,5390,2,,Em Produção,2026-09-11T00:00:00,False,máquina ausente
mtg2_d92027db24c68fee:plan:6776,6776,OF265724,109H4AS,Perfil U,UPN80x45,S235JR,5390,2,,Em Produção,2026-09-11T00:00:00,False,máquina ausente
mtg2_d92027db24c68fee:plan:6777,6777,OF265724,115H4AS,Perfil U,UPN80x45,S235JR,5477,2,,Em Produção,2026-09-11T00:00:00,False,máquina ausente
mtg2_d92027db24c68fee:plan:6778,6778,OF265724,116H4AS,Perfil U,UPN80x45,S235JR,5476.3,2,,Em Produção,2026-09-11T00:00:00,False,máquina ausente
mtg2_d92027db24c68fee:plan:6779,6779,OF265724,126H4AS,Tubo quadrado,40x40x3.2,S235JR,1830,12,,Em Produção,2026-09-11T00:00:00,False,máquina ausente
mtg2_d92027db24c68fee:plan:6780,6780,OF265724,127H4AS,Varão redondo,12,S235JR,200,24,,Em Produção,2026-09-11T00:00:00,False,máquina ausente
mtg2_d92027db24c68fee:plan:6781,6781,OF265702,CC0117A4015,Varão redondo,10.6,S235JR,539,12,,Em Produção,2026-09-18T00:00:00,False,máquina ausente
mtg2_d92027db24c68fee:plan:6782,6782,OF265702,5440V002,Perfil U,UPN100x50,S355JR,2500,6,,Em Produção,2026-09-18T00:00:00,False,máquina ausente
mtg2_d92027db24c68fee:plan:6783,6783,OF265686,CI8106A4003,Tubo redondo,63x3,S275JR,1130,3,,Em Produção,2026-09-18T00:00:00,False,máquina ausente
mtg2_d92027db24c68fee:plan:6784,6784,OF265679,CI8106A4008,Perfil U,UPN65x42,S275JR,1000,6,,Em Produção,2026-09-18T00:00:00,False,máquina ausente
mtg2_d92027db24c68fee:plan:6785,6785,OF265770,CI7712A4002,Tubo redondo,60.3x2.9,S235JR,1319,9,,Em Produção,2026-09-22T00:00:00,False,máquina ausente
mtg2_d92027db24c68fee:plan:6786,6786,OF265770,CI7712A4002,Tubo redondo,60.3x2.9,S235JR,319,2,,Em Produção,2026-09-22T00:00:00,False,máquina ausente
mtg2_d92027db24c68fee:plan:6787,6787,OF265708,CI7712A4102,Tubo redondo,60.3x2.9,S235JR,400,1,,Em Produção,2026-09-18T00:00:00,False,máquina ausente
mtg2_d92027db24c68fee:plan:6788,6788,OF265708,CI7712A4102,Tubo redondo,60.3x2.9,S235JR,804,1,,Em Produção,2026-09-18T00:00:00,False,máquina ausente
mtg2_d92027db24c68fee:plan:6789,6789,OF265813,PA31M913,Perfil U,UPN80x45,S275JR,2723,9,,Em Produção,2026-09-25T00:00:00,False,máquina ausente
mtg2_d92027db24c68fee:plan:6790,6790,OF265813,PA31M918,Perfil U,UPN80x45,S275JR,2981,33,,Em Produção,2026-09-25T00:00:00,False,máquina ausente
mtg2_d92027db24c68fee:plan:6791,6791,OF265813,PA31M1034,Perfil U,UPN80x45,S275JR,3228,36,,Em Produção,2026-09-25T00:00:00,False,máquina ausente
mtg2_d92027db24c68fee:plan:6792,6792,OF265813,PA3SV51,Perfil U,UPN80x45,S275JR,2488,6,,Em Produção,2026-09-25T00:00:00,False,máquina ausente
mtg2_d92027db24c68fee:plan:6793,6793,OF265813,PLTVR1,Varão redondo,12,S275JR,213,84,,Em Produção,2026-09-25T00:00:00,False,máquina ausente
mtg2_d92027db24c68fee:plan:6794,6794,OF265823,CA6319A4069,Tubo redondo,42.4x2.6,S235JR,148,12,,Em Produção,2026-09-18T00:00:00,False,máquina ausente
mtg2_d92027db24c68fee:plan:6795,6795,OF265823,CA6319A4070,Varão redondo,10.6,S235JR,228,24,,Em Produção,2026-09-18T00:00:00,False,máquina ausente
mtg2_d92027db24c68fee:plan:6796,6796,OF265823,CA6319A4071,Varão redondo,10.6,S235JR,305,30,,Em Produção,2026-09-18T00:00:00,False,máquina ausente
mtg2_d92027db24c68fee:plan:6797,6797,OF265823,CA6319A4087,Varão redondo,10.6,S235JR,271,12,,Em Produção,2026-09-18T00:00:00,False,máquina ausente
mtg2_d92027db24c68fee:plan:6798,6798,OF265551,CC0117A4016,Varão redondo,10.6,S235JR,716,1,,Em Produção,2026-10-02T00:00:00,False,máquina ausente
mtg2_d92027db24c68fee:plan:6799,6799,OF265551,6836V000,Tubo quadrado,60x60x4,S235JR,2000,4,,Em Produção,2026-10-02T00:00:00,False,máquina ausente
mtg2_d92027db24c68fee:plan:6800,6800,OF265787,7033V001,Tubo quadrado,80x80x5,S235JR,2750,1,,Em Produção,2026-10-02T00:00:00,False,máquina ausente
mtg2_d92027db24c68fee:plan:6801,6801,OF265843,PA5SV1,Perfil U,UPN80x45,S275JR,3491,6,,Em Produção,2026-09-25T00:00:00,False,máquina ausente
mtg2_d92027db24c68fee:plan:6802,6802,OF265843,PLTVR1,Varão redondo,12,S275JR,213,6,,Em Produção,2026-09-25T00:00:00,False,máquina ausente
mtg2_d92027db24c68fee:plan:6803,6803,OF265632,CR0912A4004,Perfil U,UPN140x60,S355JR,2000,1,,Em Produção,2026-10-16T00:00:00,False,máquina ausente
mtg2_d92027db24c68fee:plan:6804,6804,OF265786,CR0813A4001,Varão redondo,12,S235JR,133,1,,Em Produção,2026-10-30T00:00:00,False,máquina ausente
mtg2_d92027db24c68fee:plan:6805,6805,OF265760,6647V013,Tubo redondo,76.1x3.2,S235JR,1000,2,,Em Produção,2026-10-30T00:00:00,False,máquina ausente
mtg2_d92027db24c68fee:plan:6806,6806,OF265760,CA4A19A4001,Varão roscado,M10,S235JR,42,2,,Em Produção,2026-10-30T00:00:00,False,máquina ausente
mtg2_d92027db24c68fee:plan:6807,6807,OF265760,6647V009,Perfil U,UPN65x42,S275JR,3940,8,,Em Produção,2026-10-30T00:00:00,False,máquina ausente
mtg2_d92027db24c68fee:plan:6808,6808,OF265760,6647V010,Perfil U,UPN50x38,S275JR,1687,4,,Em Produção,2026-10-30T00:00:00,False,máquina ausente
mtg2_d92027db24c68fee:plan:6809,6809,OF265760,6647V011,Perfil U,UPN50x38,S275JR,1704,2,,Em Produção,2026-10-30T00:00:00,False,máquina ausente
mtg2_d92027db24c68fee:plan:6810,6810,OF265760,6647V012,Perfil U,UPN50x38,S275JR,1704,1,,Em Produção,2026-10-30T00:00:00,False,máquina ausente
mtg2_d92027db24c68fee:plan:6811,6811,OF265760,CA4317A4007,Perfil U,UPN65x42,S275JR,3518,4,,Em Produção,2026-10-30T00:00:00,False,máquina ausente
mtg2_d92027db24c68fee:plan:6812,6812,OF265760,CA4317A4009,Tubo redondo,26.9x2.3,S235JR,3595,4,,Em Produção,2026-10-30T00:00:00,False,máquina ausente
mtg2_d92027db24c68fee:plan:6813,6813,OF265760,CA4317A4010,Tubo redondo,33.7x2.6,S235JR,3595,4,,Em Produção,2026-10-30T00:00:00,False,máquina ausente
mtg2_d92027db24c68fee:plan:6814,6814,OF265760,CA4317A4014,Varão redondo,14,S235JR,380,2,,Em Produção,2026-10-30T00:00:00,False,máquina ausente
mtg2_d92027db24c68fee:plan:6815,6815,OF265760,CA1396A4500,Varão redondo,14.5,ST37.2K,305,24,,Em Produção,2026-10-30T00:00:00,False,máquina ausente
mtg2_d92027db24c68fee:plan:6816,6816,OF265760,CA2098A4500,Varão redondo,14.5,ST37.2K,145,24,,Em Produção,2026-10-30T00:00:00,False,máquina ausente
mtg2_d92027db24c68fee:plan:6817,6817,OF265760,7355VTU1,Tubo redondo,76.1x3.2,S235JR,3500,18,,Em Produção,2026-10-30T00:00:00,False,máquina ausente
mtg2_d92027db24c68fee:plan:6818,6818,OF265760,CA1AO19,Varão redondo,20,S235JR,455,252,,Em Produção,2026-10-30T00:00:00,False,máquina ausente
mtg2_d92027db24c68fee:plan:6819,6819,OF265760,CA2397A4001,Varão redondo,12,ST37.2K,230,2,,Em Produção,2026-10-30T00:00:00,False,máquina ausente
mtg2_d92027db24c68fee:plan:6820,6820,OF265760,PA2312A4026,Tubo redondo,18x2,S235JR,78,5,,Em Produção,2026-10-30T00:00:00,False,máquina ausente
mtg2_d92027db24c68fee:plan:6821,6821,OF265760,PA0107A4301,Varão redondo,12,INOX,117,5,,Em Produção,2026-10-30T00:00:00,False,máquina ausente
mtg2_d92027db24c68fee:plan:6822,6822,OF265760,PA6319A4127,Tubo redondo,48.3x3.2,S235JR,235,2,,Em Produção,2026-10-30T00:00:00,False,máquina ausente
mtg2_d92027db24c68fee:plan:6823,6823,OF265760,CA6319A4128,Tubo redondo,48.3x3.2,S235JR,500,2,,Em Produção,2026-10-30T00:00:00,False,máquina ausente
mtg2_d92027db24c68fee:plan:6824,6824,OF265561,CIB318A4020,Tubo redondo,60.3x2.9,S235JR,2050,50,,Em Produção,2026-11-06T00:00:00,False,máquina ausente
mtg2_d92027db24c68fee:plan:6825,6825,OF265561,CIB318A4021,Tubo redondo,60.3x2.9,S235JR,250,100,,Em Produção,2026-11-06T00:00:00,False,máquina ausente
mtg2_d92027db24c68fee:plan:6826,6826,OF265561,CIB418A4003,Perfil U,UPN80x45,S275JR,800,250,,Em Produção,2026-11-06T00:00:00,False,máquina ausente
mtg2_d92027db24c68fee:plan:6827,6827,OF265766,0641S011,Tubo redondo,60.3x2.9,S235JR,125,100,,Em Produção,2026-10-02T00:00:00,False,máquina ausente
mtg2_d92027db24c68fee:plan:6828,6828,OF265766,0641S012,Tubo redondo,60.3x2.9,S235JR,125,200,,Em Produção,2026-10-02T00:00:00,False,máquina ausente
mtg2_d92027db24c68fee:plan:6830,6830,OF265447,ZG4001S2,Cantoneira,250x250x35,S355J2,2720,4,,Em Produção,2026-08-28T00:00:00,False,máquina ausente
mtg2_d92027db24c68fee:plan:6833,6833,OF265676,CI2625A4002,Tubo redondo,168x3,S275JR,2570,13,,Em Produção,2026-09-11T00:00:00,False,máquina ausente
mtg2_d92027db24c68fee:plan:6834,6834,OF265676,CC0111A4613,Calha,20x10x1,,550,13,,Em Produção,2026-09-11T00:00:00,False,máquina ausente | qualidade material ausente
mtg2_d92027db24c68fee:plan:6835,6835,OF265650,CI2125A4001,Tubo redondo,114x2.6,S235JR,2000,60,,Em Produção,2026-09-11T00:00:00,False,máquina ausente
mtg2_d92027db24c68fee:plan:6836,6836,OF265650,CC0111A4620,Calha,20x10x1,,500,60,,Em Produção,2026-09-11T00:00:00,False,máquina ausente | qualidade material ausente
mtg2_d92027db24c68fee:plan:6837,6837,OF265629,CI7712A4002,Tubo redondo,60.3x2.9,S235JR,125,1,,Em Produção,2026-09-11T00:00:00,False,máquina ausente
mtg2_d92027db24c68fee:plan:6838,6838,OF265570,5611V006,Tubo redondo,60.3x2.9,S275JR,1506,1,,Em Produção,2026-09-15T00:00:00,False,máquina ausente
mtg2_d92027db24c68fee:plan:6839,6839,OF265736,CI3425A4J01,Tubo redondo,140x3,S275JR,2500,2,,Em Produção,2026-09-04T00:00:00,False,máquina ausente
mtg2_d92027db24c68fee:plan:6840,6840,OF265736,CI3425A4J02,Tubo redondo,76x3,S275JR,3460,2,,Em Produção,2026-09-04T00:00:00,False,máquina ausente
mtg2_d92027db24c68fee:plan:6841,6841,OF265710,6568J004,Tubo redondo,60x3,S275J2,1450,100,,Em Produção,2026-09-16T00:00:00,False,máquina ausente
mtg2_d92027db24c68fee:plan:6842,6842,OF265710,6568J004,Tubo redondo,89x3,S275J2,1450,100,,Em Produção,2026-09-16T00:00:00,False,máquina ausente | operação abocardar a representar separadamente
mtg2_d92027db24c68fee:plan:6843,6843,OF265710,6568J004,Tubo redondo,139.7x3,S275J2,2200,100,,Em Produção,2026-09-16T00:00:00,False,máquina ausente | operação abocardar a representar separadamente
mtg2_d92027db24c68fee:plan:6844,6844,OF265511,6309U001,Tubo redondo,76x4,S355J2,2950,313,,Em Produção,2026-09-18T00:00:00,False,máquina ausente
mtg2_d92027db24c68fee:plan:6845,6845,OF265511,6309U001,Tubo redondo,133x4,S275J0,2400,313,,Em Produção,2026-09-18T00:00:00,False,máquina ausente | operação abocardar a representar separadamente
mtg2_d92027db24c68fee:plan:6846,6846,OF265511,6309U002,Tubo redondo,150x4,S275J0,400,313,,Em Produção,2026-09-18T00:00:00,False,máquina ausente | operação abocardar a representar separadamente
mtg2_d92027db24c68fee:plan:6847,6847,OF265716,CI7712A4002,Tubo redondo,60.3x2.9,S235JR,325,1,,Em Produção,2026-09-18T00:00:00,False,máquina ausente
mtg2_d92027db24c68fee:plan:6848,6848,OF265740,CI7982001,Varão roscado,M16,ST44.2,40,2,,Em Produção,2026-09-18T00:00:00,False,máquina ausente
mtg2_d92027db24c68fee:plan:6849,6849,OF265740,3319I001,Tubo redondo,100x4,S235JR,50,1,,Em Produção,2026-09-18T00:00:00,False,máquina ausente
mtg2_d92027db24c68fee:plan:6850,6850,OF265723,5862Q005,Tubo redondo,168.3x4,S275JR,5000,1,,Em Produção,2026-09-18T00:00:00,False,máquina ausente
mtg2_d92027db24c68fee:plan:6851,6851,OF265723,3491N006,Tubo redondo,114.3x3,S275JR,3300,1,,Em Produção,2026-09-18T00:00:00,False,máquina ausente
mtg2_d92027db24c68fee:plan:6852,6852,OF265723,5862Q006,Tubo redondo,88.9x3,S275JR,2300,1,,Em Produção,2026-09-18T00:00:00,False,máquina ausente
mtg2_d92027db24c68fee:plan:6853,6853,OF265723,CI7712A4002,Tubo redondo,60.3x2.9,S235JR,125,1,,Em Produção,2026-09-18T00:00:00,False,máquina ausente
mtg2_d92027db24c68fee:plan:6854,6854,OF265698,7063VJ01,Tubo redondo,101.6x3,S275JR,4500,1,,Em Produção,2026-09-18T00:00:00,False,máquina ausente
mtg2_d92027db24c68fee:plan:6855,6855,OF265698,CI7812A4002,Tubo redondo,76.1x3.2,S235JR,125,1,,Em Produção,2026-09-18T00:00:00,False,máquina ausente
mtg2_d92027db24c68fee:plan:6856,6856,OF265696,5416TJ01,Tubo redondo,114x3,S275JR,2500,2,,Em Produção,2026-09-18T00:00:00,False,máquina ausente
mtg2_d92027db24c68fee:plan:6857,6857,OF265696,5416TJ02,Tubo redondo,76x3,S275JR,3460,2,,Em Produção,2026-09-18T00:00:00,False,máquina ausente
mtg2_d92027db24c68fee:plan:6858,6858,OF265688,CC0111A4620,Calha,20x10x1,,500,1,,Em Produção,2026-09-18T00:00:00,False,máquina ausente | qualidade material ausente
mtg2_d92027db24c68fee:plan:6859,6859,OF265583,CI6518A4001,Tubo redondo,76x2.6,S355J2,3050,100,,Em Produção,2026-09-18T00:00:00,False,máquina ausente
mtg2_d92027db24c68fee:plan:6860,6860,OF265583,CI6518A4001,Tubo redondo,89x2.6,S355J2,1650,100,,Em Produção,2026-09-18T00:00:00,False,máquina ausente | operação abocardar a representar separadamente
mtg2_d92027db24c68fee:plan:6861,6861,OF265583,CI6518A4001,Tubo redondo,114x3,S275JR,2400,100,,Em Produção,2026-09-18T00:00:00,False,máquina ausente | operação abocardar a representar separadamente
mtg2_d92027db24c68fee:plan:6862,6862,OF265587,CI5618A4001,Tubo redondo,76x2.6,S355J2,2850,100,,Em Produção,2026-09-18T00:00:00,False,máquina ausente
mtg2_d92027db24c68fee:plan:6863,6863,OF265587,CI5618A4001,Tubo redondo,114x3,S275JR,2000,100,,Em Produção,2026-09-18T00:00:00,False,máquina ausente | operação abocardar a representar separadamente
mtg2_d92027db24c68fee:plan:6864,6864,OF265590,CI5618A4001,Tubo redondo,76x2.6,S355J2,2050,30,,Em Produção,2026-09-18T00:00:00,False,máquina ausente
mtg2_d92027db24c68fee:plan:6865,6865,OF265590,CI5618A4001,Tubo redondo,114x3,S275JR,1700,30,,Em Produção,2026-09-18T00:00:00,False,máquina ausente | operação abocardar a representar separadamente
mtg2_d92027db24c68fee:plan:6866,6866,OF265589,CI5118A4001,Tubo redondo,60x2.6,S355J2,2550,25,,Em Produção,2026-09-18T00:00:00,False,máquina ausente
mtg2_d92027db24c68fee:plan:6867,6867,OF265589,CI5118A4001,Tubo redondo,108x3,S275JR,1700,25,,Em Produção,2026-09-18T00:00:00,False,máquina ausente | operação abocardar a representar separadamente
mtg2_d92027db24c68fee:plan:6868,6868,OF265588,CI5118A4001,Tubo redondo,60x2.6,S355J2,2050,25,,Em Produção,2026-09-18T00:00:00,False,máquina ausente
mtg2_d92027db24c68fee:plan:6869,6869,OF265588,CI5118A4001,Tubo redondo,108x3,S275JR,1700,25,,Em Produção,2026-09-18T00:00:00,False,máquina ausente | operação abocardar a representar separadamente
mtg2_d92027db24c68fee:plan:6870,6870,OF265585,CI5618A4001,Tubo redondo,76x2.6,S355J2,2550,30,,Em Produção,2026-09-18T00:00:00,False,máquina ausente
mtg2_d92027db24c68fee:plan:6871,6871,OF265585,CI5618A4001,Tubo redondo,114x3,S275JR,1700,30,,Em Produção,2026-09-18T00:00:00,False,máquina ausente | operação abocardar a representar separadamente
mtg2_d92027db24c68fee:plan:6872,6872,OF265584,CI5118A4001,Tubo redondo,60x2.6,S355J2,2850,40,,Em Produção,2026-09-18T00:00:00,False,máquina ausente
mtg2_d92027db24c68fee:plan:6873,6873,OF265584,CI5118A4001,Tubo redondo,108x3,S275JR,2000,40,,Em Produção,2026-09-18T00:00:00,False,máquina ausente | operação abocardar a representar separadamente
mtg2_d92027db24c68fee:plan:6874,6874,OF265591,CI5619A4530,Tubo redondo,122x3,S275JR,400,20,,Em Produção,2026-09-18T00:00:00,False,máquina ausente
mtg2_d92027db24c68fee:plan:6875,6875,OF265591,CI5618A4001,Tubo redondo,76x2.6,S355J2,3350,20,,Em Produção,2026-09-18T00:00:00,False,máquina ausente
mtg2_d92027db24c68fee:plan:6876,6876,OF265591,CI5618A4001,Tubo redondo,114x3,S275JR,2000,20,,Em Produção,2026-09-18T00:00:00,False,máquina ausente | operação abocardar a representar separadamente
mtg2_d92027db24c68fee:plan:6877,6877,OF265769,CI7712A4002,Tubo redondo,60.3x2.9,S235JR,260,7,,Em Produção,2026-09-18T00:00:00,False,máquina ausente
mtg2_d92027db24c68fee:plan:6878,6878,OF265738,CI7712A4002,Tubo redondo,60.3x2.9,S235JR,125,9,,Em Produção,2026-09-18T00:00:00,False,máquina ausente
mtg2_d92027db24c68fee:plan:6879,6879,OF265932,CA1AO19,Varão redondo,20,S235JR,455,21,,Em Produção,2026-09-11T00:00:00,False,máquina ausente
mtg2_d92027db24c68fee:plan:6880,6880,OF265771,PR3,Varão redondo,80,S355J2,529,52,,Em Produção,,False,máquina ausente
mtg2_d92027db24c68fee:plan:6881,6881,OF265771,PR4,Perfil H,HEB320B,S355J2,12450,26,,Em Produção,,False,máquina ausente
mtg2_d92027db24c68fee:plan:6882,6882,OF265771,PR5,Perfil H,HEB320B,S355J2,12450,26,,Em Produção,,False,máquina ausente
mtg2_d92027db24c68fee:plan:6883,6883,OF265771,PR8,Perfil H,HEB320B,S355J2,13450,26,,Em Produção,,False,máquina ausente
mtg2_d92027db24c68fee:plan:6884,6884,OF265771,PR9,Perfil H,HEB320B,S355J2,13450,26,,Em Produção,,False,máquina ausente
mtg2_d92027db24c68fee:plan:6885,6885,OF265930,5504T065,Tubo redondo,60.3x3,S275JR,200,6,,Em Produção,2026-09-29T00:00:00,False,máquina ausente
mtg2_d92027db24c68fee:plan:6886,6886,OF265930,5504T637,Barra,40x20,S355J2,760,6,,Em Produção,2026-09-29T00:00:00,False,máquina ausente
mtg2_d92027db24c68fee:plan:6887,6887,OF265929,5504T602,Barra,25x25,S355J2,1460,6,,Em Produção,2026-09-29T00:00:00,False,máquina ausente
mtg2_d92027db24c68fee:plan:6888,6888,OF265929,5504T635,Barra,25x25,S355J2,760,6,,Em Produção,2026-09-29T00:00:00,False,máquina ausente
mtg2_d92027db24c68fee:plan:6889,6889,OF265876,CS0412A4001,Varão redondo,18,S355JR,1000,32,,Em Produção,2026-09-23T00:00:00,False,máquina ausente
mtg2_d92027db24c68fee:plan:6890,6890,OF265699,5440V003,Calha,41x21x2.5,S235JR,800,6,,Em Produção,2026-09-25T00:00:00,False,máquina ausente
mtg2_d92027db24c68fee:plan:6891,6891,OF265864,CI7712A4002,Tubo redondo,60.3x2.9,S235JR,125,10,,Em Produção,2026-09-25T00:00:00,False,máquina ausente
mtg2_d92027db24c68fee:plan:6892,6892,OF265865,CI7712A4002,Tubo redondo,60.3x2.9,S235JR,125,43,,Em Produção,2026-09-25T00:00:00,False,máquina ausente
mtg2_d92027db24c68fee:plan:6893,6893,OF265850,CA1012A4001,Perfil U,UPN100x50,S275JR,60,35,,Em Produção,2026-10-02T00:00:00,False,máquina ausente
mtg2_d92027db24c68fee:plan:6894,6894,OF265850,CA1012A4003,Varão quadrado,16x16,S275JR,40,24,,Em Produção,2026-10-02T00:00:00,False,máquina ausente
mtg2_d92027db24c68fee:plan:6895,6895,OF265850,CA1012A4028,Varão redondo,10,S275JR,277,1,,Em Produção,2026-10-02T00:00:00,False,máquina ausente
mtg2_d92027db24c68fee:plan:6896,6896,OF265850,CA1012A4029,Tubo redondo,21.3x2.6,S235JR,22,1,,Em Produção,2026-10-02T00:00:00,False,máquina ausente
mtg2_d92027db24c68fee:plan:6897,6897,OF265919,CA2219A4161,Varão redondo,10.6,"ST37,2K",300,6,,Em Produção,2026-09-16T00:00:00,False,máquina ausente
mtg2_d92027db24c68fee:plan:6898,6898,OF265919,CA1012A4076,Tubo redondo,76.1x5,S275JR,2200,3,,Em Produção,2026-09-16T00:00:00,False,máquina ausente
mtg2_d92027db24c68fee:plan:6899,6899,OF265936,PR4,Perfil H,HEB320B,S355J2,12450,26,,Em Produção,2026-10-02T00:00:00,False,máquina ausente
mtg2_d92027db24c68fee:plan:6900,6900,OF265936,PR5,Perfil H,HEB320B,S355J2,12450,26,,Em Produção,2026-10-02T00:00:00,False,máquina ausente
mtg2_d92027db24c68fee:plan:6901,6901,OF265936,PR7,Perfil H,HEB260B,S355J2,1750,26,,Em Produção,2026-10-02T00:00:00,False,máquina ausente
mtg2_d92027db24c68fee:plan:6902,6902,OF265936,PR8,Perfil H,HEB320B,S355J2,13450,26,,Em Produção,2026-10-02T00:00:00,False,máquina ausente
mtg2_d92027db24c68fee:plan:6903,6903,OF265936,PR9,Perfil H,HEB320B,S355J2,13450,26,,Em Produção,2026-10-02T00:00:00,False,máquina ausente
mtg2_d92027db24c68fee:plan:6904,6904,OF265936,PR13,Perfil H,HEM320M,S355J2,2050,2,,Em Produção,2026-10-02T00:00:00,False,máquina ausente
mtg2_d92027db24c68fee:plan:6905,6905,OF265936,PR3,Varão redondo,80,S355J2,539,52,,Em Produção,2026-10-02T00:00:00,False,máquina ausente
mtg2_d92027db24c68fee:plan:6906,6906,OF265763,0641S008,Tubo redondo,76x4,S235JR,150,50,,Em Produção,2026-10-02T00:00:00,False,máquina ausente
mtg2_d92027db24c68fee:plan:6907,6907,OF265765,0641S008,Tubo redondo,76x4,S235JR,150,20,,Em Produção,2026-10-02T00:00:00,False,máquina ausente
mtg2_d92027db24c68fee:plan:6908,6908,OF265764,0641S008,Tubo redondo,76x4,S235JR,150,30,,Em Produção,2026-10-02T00:00:00,False,máquina ausente
mtg2_d92027db24c68fee:plan:6909,6909,OF265691,3344V001,Tubo redondo,177.8x6,S355J2,400,10,,Em Produção,2026-10-02T00:00:00,False,máquina ausente | operação abocardar a representar separadamente
mtg2_d92027db24c68fee:plan:6910,6910,OF265689,CC0111A4606,Calha,20x8x0.75,,450,100,,Em Produção,2026-10-02T00:00:00,False,máquina ausente | qualidade material ausente
mtg2_d92027db24c68fee:plan:6911,6911,OF265818,3614TJ01,Tubo redondo,101.6x3,S235JR,4000,4,,Em Produção,2026-10-02T00:00:00,False,máquina ausente
mtg2_d92027db24c68fee:plan:6912,6912,OF265818,CI7812A4002,Tubo redondo,76.1x3.2,S235JR,175,4,,Em Produção,2026-10-02T00:00:00,False,máquina ausente
mtg2_d92027db24c68fee:plan:6913,6913,OF265902,6121V002,Tubo redondo,60.3x2.9,S235JR,2545,30,,Em Produção,2026-09-25T00:00:00,False,máquina ausente
mtg2_d92027db24c68fee:plan:6914,6914,OF265722,9731Q001,Tubo redondo,133x4,S235JR,3745,30,,Em Produção,2026-10-02T00:00:00,False,máquina ausente
mtg2_d92027db24c68fee:plan:6915,6915,OF265722,9731Q001,Tubo redondo,168x4.5,S235JR,1540,30,,Em Produção,2026-10-02T00:00:00,False,máquina ausente | operação abocardar a representar separadamente
mtg2_d92027db24c68fee:plan:6916,6916,OF265782,CI7712A4002,Tubo redondo,60.3x2.9,S235JR,205,200,,Em Produção,2026-10-02T00:00:00,False,máquina ausente
mtg2_d92027db24c68fee:plan:6917,6917,OF265782,CI7712A4002,Tubo redondo,60.3x2.9,S235JR,600,250,,Em Produção,2026-10-02T00:00:00,False,máquina ausente
mtg2_d92027db24c68fee:plan:6918,6918,OF265649,CC0111A4616,Calha,20x10x1,,965,1,,Em Produção,2026-10-09T00:00:00,False,máquina ausente | qualidade material ausente
mtg2_d92027db24c68fee:plan:6919,6919,OF265571,7761O001,Tubo redondo,42.4x2.65,S235JR,125,2,,Em Produção,2026-10-09T00:00:00,False,máquina ausente
mtg2_d92027db24c68fee:plan:6920,6920,OF265717,6996V001,Tubo redondo,108x4,S235JR,2175,30,,Em Produção,2026-10-09T00:00:00,False,máquina ausente
mtg2_d92027db24c68fee:plan:6921,6921,OF265717,6996V001,Tubo redondo,168x5,S235JR,2650,30,,Em Produção,2026-10-09T00:00:00,False,máquina ausente | operação abocardar a representar separadamente
mtg2_d92027db24c68fee:plan:6922,6922,OF265703,5852UJ01,Tubo retangular,400x300x6,S275JR,2900,56,,Em Produção,2026-10-09T00:00:00,False,máquina ausente
mtg2_d92027db24c68fee:plan:6923,6923,OF265703,5852UJ02,Tubo redondo,193.7x4,S275JR,3135,56,,Em Produção,2026-10-09T00:00:00,False,máquina ausente
mtg2_d92027db24c68fee:plan:6924,6924,OF265757,7012V004,Tubo redondo,76x2.6,S235JR,2750,50,,Em Produção,2026-10-16T00:00:00,False,máquina ausente
mtg2_d92027db24c68fee:plan:6925,6925,OF265757,7012V004,Tubo redondo,89x2.9,S235JR,2050,50,,Em Produção,2026-10-16T00:00:00,False,máquina ausente | operação abocardar a representar separadamente
mtg2_d92027db24c68fee:plan:6926,6926,OF265757,7012V004,Tubo redondo,114.3x3.2,S235JR,3300,50,,Em Produção,2026-10-16T00:00:00,False,máquina ausente | operação abocardar a representar separadamente
mtg2_d92027db24c68fee:plan:6927,6927,OF265757,7012V005,Tubo redondo,133x4,S275JR,400,50,,Em Produção,2026-10-16T00:00:00,False,máquina ausente | operação abocardar a representar separadamente
mtg2_d92027db24c68fee:plan:6928,6928,OF265758,7012V001,Tubo redondo,76.1x3.2,S235JR,1915,10,,Em Produção,2026-10-16T00:00:00,False,máquina ausente
mtg2_d92027db24c68fee:plan:6929,6929,OF265758,7012V001,Tubo redondo,133x4,S235JR,1890,10,,Em Produção,2026-10-16T00:00:00,False,máquina ausente
mtg2_d92027db24c68fee:plan:6930,6930,OF265758,7012V002,Tubo redondo,141x3,S235JR,400,10,,Em Produção,2026-10-16T00:00:00,False,máquina ausente
mtg2_d92027db24c68fee:plan:6931,6931,OF265758,7012V003,Varão redondo,25,S275JR,400,10,,Em Produção,2026-10-16T00:00:00,False,máquina ausente
mtg2_d92027db24c68fee:plan:6932,6932,OF265941,PR3,Varão redondo,80,S355J2,539,52,,Em Produção,2026-10-29T00:00:00,False,máquina ausente
mtg2_d92027db24c68fee:plan:6933,6933,OF265941,PR4,Perfil H,HEB320B,S355J2,12450,26,,Em Produção,2026-10-29T00:00:00,False,máquina ausente
mtg2_d92027db24c68fee:plan:6934,6934,OF265941,PR5,Perfil H,HEB320B,S355J2,12450,26,,Em Produção,2026-10-29T00:00:00,False,máquina ausente
mtg2_d92027db24c68fee:plan:6939,6939,OF265878,CC0117A4016,Varão redondo,10.6,S235JR,716,4,,Em Produção,2026-10-30T00:00:00,False,máquina ausente
mtg2_d92027db24c68fee:plan:6940,6940,OF265878,3349V000,Perfil U,UPN140x60,S275JR,1000,2,,Em Produção,2026-10-30T00:00:00,False,máquina ausente
mtg2_d92027db24c68fee:plan:6941,6941,OF265728,CI3920A4001,Tubo redondo,140x3,S235JR,1134,80,,Em Produção,2026-10-30T00:00:00,False,máquina ausente | operação abocardar a representar separadamente
mtg2_d92027db24c68fee:plan:6942,6942,OF265728,CI3920A4002,Tubo redondo,88.9x3,S235JR,2616,80,,Em Produção,2026-10-30T00:00:00,False,máquina ausente
mtg2_d92027db24c68fee:plan:6943,6943,OF265875,1186U002,Perfil U,UPN120x55,S355JR,50,18,,Em Produção,2026-11-06T00:00:00,False,máquina ausente
mtg2_d92027db24c68fee:plan:6944,6944,OF265875,1186U012,Perfil U,UPN100x50,S355JR,60,15,,Em Produção,2026-11-06T00:00:00,False,máquina ausente
mtg2_d92027db24c68fee:plan:6945,6945,OF265793,6309U001,Tubo redondo,76x4,S355J2,2950,90,,Em Produção,2026-11-06T00:00:00,False,máquina ausente
mtg2_d92027db24c68fee:plan:6946,6946,OF265793,6309U001,Tubo redondo,133x4,S275J0,2400,90,,Em Produção,2026-11-06T00:00:00,False,máquina ausente | operação abocardar a representar separadamente
mtg2_d92027db24c68fee:plan:6947,6947,OF265793,6309U002,Tubo redondo,150x4,S275J0,400,90,,Em Produção,2026-11-06T00:00:00,False,máquina ausente | operação abocardar a representar separadamente
mtg2_d92027db24c68fee:plan:6948,6948,OF265793,B708S001,Tubo redondo,76x2.9,S235JR,3450,160,,Em Produção,2026-11-06T00:00:00,False,máquina ausente
mtg2_d92027db24c68fee:plan:6949,6949,OF265793,B708S001,Tubo redondo,108x3.2,S235JR,1600,160,,Em Produção,2026-11-06T00:00:00,False,máquina ausente | operação abocardar a representar separadamente
mtg2_d92027db24c68fee:plan:6950,6950,OF265877,CR0813A4001,Varão redondo,12,S235JR,133,2,,Em Produção,2026-11-06T00:00:00,False,máquina ausente
mtg2_d92027db24c68fee:plan:6951,6951,OF265877,CR0813A4006,Varão redondo,16,S355JR,100,6,,Em Produção,2026-11-06T00:00:00,False,máquina ausente
mtg2_d92027db24c68fee:plan:6952,6952,OF265877,CR0813A4007,Varão redondo,16,S355JR,80,12,,Em Produção,2026-11-06T00:00:00,False,máquina ausente
mtg2_d92027db24c68fee:plan:6953,6953,OF265937,CIC415A4001,Perfil U,UPN120x55,S275JR,260,1,,Em Produção,2026-09-11T00:00:00,False,máquina ausente
mtg2_d92027db24c68fee:plan:6954,6954,OF265937,CI7712A4002,Tubo redondo,60.3x2.9,S235JR,215,1,,Em Produção,2026-09-11T00:00:00,False,máquina ausente
mtg2_d92027db24c68fee:plan:6959,6959,OF265929,5504T065,Tubo redondo,60.3x3,S275JR,200,6,,Em Produção,2026-09-29T00:00:00,False,máquina ausente
mtg2_d92027db24c68fee:plan:6960,6960,OF265979,CI7712A4002,Tubo redondo,60.3x2.9,S235JR,125,1,,Em Produção,2026-10-02T00:00:00,False,máquina ausente
mtg2_d92027db24c68fee:plan:6961,6961,OF265978,CI7712A4002,Tubo redondo,60.3x2.9,S235JR,125,1,,Em Produção,2026-10-02T00:00:00,False,máquina ausente
mtg2_d92027db24c68fee:plan:6962,6962,OF265953,CI7712A4002,Tubo redondo,60.3x2.9,S235JR,125,500,,Em Produção,2026-10-09T00:00:00,False,máquina ausente
mtg2_d92027db24c68fee:plan:6963,6963,OF263785,1234T120,Perfil U,UPN80x45,S355J2,480,36,,Em Produção,2027-01-15T00:00:00,False,máquina ausente
mtg2_d92027db24c68fee:plan:6964,6964,OF263785,1234T121,Perfil U,UPN80x45,S355J2,346,36,,Em Produção,2027-01-15T00:00:00,False,máquina ausente
mtg2_d92027db24c68fee:plan:6965,6965,OF263785,1234T122,Perfil U,UPN80x45,S355J2,500,36,,Em Produção,2027-01-15T00:00:00,False,máquina ausente
mtg2_d92027db24c68fee:plan:6966,6966,OF265900,5877T267,Calha,40x22x2,S235JR,400,12,,Em Produção,2026-09-25T00:00:00,False,máquina ausente
mtg2_d92027db24c68fee:plan:6967,6967,OF265900,5877T374,Calha,40x22x2,S235JR,400,8,,Em Produção,2026-09-25T00:00:00,False,máquina ausente
mtg2_d92027db24c68fee:plan:6968,6968,OF265924,5877T1103,Perfil U,UPN80x45,S355J2,2000,10,,Em Produção,2026-10-23T00:00:00,False,máquina ausente
mtg2_d92027db24c68fee:plan:6969,6969,OF265924,5877T1104,Perfil U,UPN80x45,S355J2,2000,10,,Em Produção,2026-10-23T00:00:00,False,máquina ausente
mtg2_d92027db24c68fee:plan:6970,6970,OF265924,5877T1106,Perfil U,UPN80x45,S355J2,1860,10,,Em Produção,2026-10-23T00:00:00,False,máquina ausente
mtg2_d92027db24c68fee:plan:6971,6971,OF265924,5877T1107,Perfil U,UPN80x45,S355J2,780,10,,Em Produção,2026-10-23T00:00:00,False,máquina ausente
mtg2_d92027db24c68fee:plan:6972,6972,OF265924,5877T12,Perfil U,UPN80x45,S355J2,2000,10,,Em Produção,2026-10-23T00:00:00,False,máquina ausente
mtg2_d92027db24c68fee:plan:6973,6973,OF265924,5877T1204,Perfil U,UPN80x45,S355J2,2000,10,,Em Produção,2026-10-23T00:00:00,False,máquina ausente
mtg2_d92027db24c68fee:plan:6974,6974,OF265924,5877T1205,Perfil U,UPN80x45,S355J2,2000,10,,Em Produção,2026-10-23T00:00:00,False,máquina ausente
mtg2_d92027db24c68fee:plan:6975,6975,OF265924,5877T1207,Perfil U,UPN80x45,S355J2,2000,5,,Em Produção,2026-10-23T00:00:00,False,máquina ausente
mtg2_d92027db24c68fee:plan:6976,6976,OF265924,5877T1209,Perfil U,UPN80x45,S355J2,1860,10,,Em Produção,2026-10-23T00:00:00,False,máquina ausente
mtg2_d92027db24c68fee:plan:6977,6977,OF265924,5877T1228,Perfil U,UPN80x45,S355J2,780,5,,Em Produção,2026-10-23T00:00:00,False,máquina ausente
mtg2_d92027db24c68fee:plan:6978,6978,OF265924,5877T13,Perfil U,UPN80x45,S355J2,2000,10,,Em Produção,2026-10-23T00:00:00,False,máquina ausente
mtg2_d92027db24c68fee:plan:6979,6979,OF265924,5877T18,Perfil U,UPN80x45,S355J2,1860,10,,Em Produção,2026-10-23T00:00:00,False,máquina ausente
mtg2_d92027db24c68fee:plan:6980,6980,OF265924,5877T34,Perfil U,UPN80x45,S355J2,2000,10,,Em Produção,2026-10-23T00:00:00,False,máquina ausente
mtg2_d92027db24c68fee:plan:6981,6981,OF265924,5877T39,Perfil U,UPN80x45,S355J2,2000,5,,Em Produção,2026-10-23T00:00:00,False,máquina ausente
mtg2_d92027db24c68fee:plan:6982,6982,OF265924,5877T98,Perfil U,UPN80x45,S355J2,1720,20,,Em Produção,2026-10-23T00:00:00,False,máquina ausente
mtg2_d92027db24c68fee:plan:6983,6983,OF265924,5877T169,Calha,40x22x2,,400,120,,Em Produção,2026-10-23T00:00:00,False,máquina ausente | qualidade material ausente
mtg2_d92027db24c68fee:plan:6984,6984,OF265924,5877T259,Calha,40x22x2,,400,100,,Em Produção,2026-10-23T00:00:00,False,máquina ausente | qualidade material ausente
mtg2_d92027db24c68fee:plan:6985,6985,OF265924,5877T260,Calha,40x22x2,,400,120,,Em Produção,2026-10-23T00:00:00,False,máquina ausente | qualidade material ausente
mtg2_d92027db24c68fee:plan:6986,6986,OF265924,5877T261,Calha,40x22x2,,400,130,,Em Produção,2026-10-23T00:00:00,False,máquina ausente | qualidade material ausente
mtg2_d92027db24c68fee:plan:6987,6987,OF265924,5877T262,Calha,40x22x2,,400,110,,Em Produção,2026-10-23T00:00:00,False,máquina ausente | qualidade material ausente
mtg2_d92027db24c68fee:plan:6988,6988,OF265924,5877T263,Calha,40x22x2,,400,100,,Em Produção,2026-10-23T00:00:00,False,máquina ausente | qualidade material ausente
mtg2_d92027db24c68fee:plan:6989,6989,OF265924,5877T264,Calha,40x22x2,,400,100,,Em Produção,2026-10-23T00:00:00,False,máquina ausente | qualidade material ausente
mtg2_d92027db24c68fee:plan:6990,6990,OF265924,5877T265,Calha,40x22x2,,400,40,,Em Produção,2026-10-23T00:00:00,False,máquina ausente | qualidade material ausente
mtg2_d92027db24c68fee:plan:6991,6991,OF265924,5877T301,Calha,40x22x2,,400,40,,Em Produção,2026-10-23T00:00:00,False,máquina ausente | qualidade material ausente
mtg2_d92027db24c68fee:plan:6992,6992,OF265924,5877T6103,Varão quadrado,12x12,S355J2,80,4,,Em Produção,2026-10-23T00:00:00,False,máquina ausente
mtg2_d92027db24c68fee:plan:6993,6993,OF265924,5877T1203,Varão quadrado,12x12,S355J2,80,10,,Em Produção,2026-10-23T00:00:00,False,máquina ausente
mtg2_d92027db24c68fee:plan:6994,6994,OF265924,5877T1303,Varão quadrado,12x12,S355J2,80,10,,Em Produção,2026-10-23T00:00:00,False,máquina ausente
mtg2_d92027db24c68fee:plan:6995,6995,OF265924,5877T1402,Varão quadrado,12x12,S355J2,80,20,,Em Produção,2026-10-23T00:00:00,False,máquina ausente
mtg2_d92027db24c68fee:plan:6996,6996,OF265924,5877T1503,Varão quadrado,12x12,S355J2,80,10,,Em Produção,2026-10-23T00:00:00,False,máquina ausente
mtg2_d92027db24c68fee:plan:6997,6997,OF265924,5877T1603,Varão quadrado,12x12,S355J2,80,10,,Em Produção,2026-10-23T00:00:00,False,máquina ausente
mtg2_d92027db24c68fee:plan:6998,6998,OF265924,5877T1703,Varão quadrado,12x12,S355J2,80,10,,Em Produção,2026-10-23T00:00:00,False,máquina ausente
mtg2_d92027db24c68fee:plan:6999,6999,OF265924,5877T1803,Varão quadrado,12x12,S355J2,80,4,,Em Produção,2026-10-23T00:00:00,False,máquina ausente
