sku,familia_candidata,regra,linhas,ofs,designacao_exemplo,perfil_exemplo,tipo_material
0020UJ01,0020,codigo_numerico_candidato_a_projeto,5,5,COLUNAS CIB8_V FF 4M DRT (6UN),114x3,Tubo redondo
0020UJ02,0020,codigo_numerico_candidato_a_projeto,5,5,COLUNAS CIB8_V FF 4M DRT (6UN),76x3,Tubo redondo
0055V001,0055,codigo_numerico_candidato_a_projeto,1,1,PERFIS IPN + CALHA BSBCA098G + CALHA W CONVEXA + TERMINAL CAUDA CARPA 300MM - 43UN,IPN100,Perfil I
0055V002,0055,codigo_numerico_candidato_a_projeto,1,1,PERFIS IPN + CALHA BSBCA098G + CALHA W CONVEXA + TERMINAL CAUDA CARPA 300MM - 43UN,IPN120,Perfil I
0055V003,0055,codigo_numerico_candidato_a_projeto,1,1,PERFIS IPN + CALHA BSBCA098G + CALHA W CONVEXA + TERMINAL CAUDA CARPA 300MM - 43UN,IPN140,Perfil I
0105VJ01,0105,codigo_numerico_candidato_a_projeto,1,1,COLUNAS CIB8_V 4M FF DRT (3UN),114x3,Tubo redondo
0105VJ02,0105,codigo_numerico_candidato_a_projeto,1,1,COLUNAS CIB8_V 4M FF DRT (3UN),76x3,Tubo redondo
0105VJ03,0105,codigo_numerico_candidato_a_projeto,1,1,COLUNA CIB2_V 5M FF DRT (1UN),140x3,Tubo redondo
0105VJ04,0105,codigo_numerico_candidato_a_projeto,2,2,COLUNAS CIB2_V 5M FF DRT (5UN),76x3,Tubo redondo
0128V001,0128,codigo_numerico_candidato_a_projeto,2,2,BRAÇOS P/FACHADA 0.5M 2ºINC | 3UN,60.3x2.9,Tubo redondo
0134V001,0134,codigo_numerico_candidato_a_projeto,3,3,BRAÇOS P/FACHADA 1M 2º |6UN,100x100x4,Tubo quadrado
0134V003,0134,codigo_numerico_candidato_a_projeto,2,2,BRAÇOS P/FACHADA 1M 2º |6UN,60.3x2.9,Tubo redondo
0153V000,0153,codigo_numerico_candidato_a_projeto,4,1,STEPPED POLES 36038765 - 4.8M + 36038766_N165490 - 5.8M (70UN),76x3,Tubo redondo
0168V001,0168,codigo_numerico_candidato_a_projeto,1,1,COLUNAS CSS2_V 9M FE DRT (4UN),194x4,Tubo redondo
0168V002,0168,codigo_numerico_candidato_a_projeto,1,1,COLUNAS CSS2_V 9M FE DRT (4UN),120x4,Tubo redondo
0172V001,0172,codigo_numerico_candidato_a_projeto,1,1,ACESSÓRIOS MONOPOLE 12M (2X),76.1x3.2,Tubo redondo
0172V002,0172,codigo_numerico_candidato_a_projeto,3,3,ACESSÓRIOS MONOPOLE 12M (2X),60x3,Tubo redondo
0273U001,0273,codigo_numerico_candidato_a_projeto,2,1,BRAÇOS SIMPLES LORMONT 1.5M 5º |1UN,60.3x2.9,Tubo redondo
0273U002,0273,codigo_numerico_candidato_a_projeto,2,1,BRAÇOS SIMPLES LORMONT 1.5M 5º |1UN,60.3x2.9,Tubo redondo
0323V001,0323,codigo_numerico_candidato_a_projeto,1,1,--- COLUNAS ESPECIAIS 12M - TROÇOS (3UN),41x21x2.5,Calha
0386V001,0386,codigo_numerico_candidato_a_projeto,1,1,TRAVESSA CIRCULAR 1M | 1UN,40x50x4,Tubo retangular
0386V003,0386,codigo_numerico_candidato_a_projeto,1,1,TRAVESSA CIRCULAR 1M | 1UN,10,Varão redondo
0388Q-60,,sem_padrao,2,1,"GALVANIZAÇÃO MINIMA 150MICRONS_x000D_
END TOWER - PROJECT: HOJOSV CONSULTAR PIE E OBSERVAÇÕES DA OF EM ANEXO",HEB140B,Perfil H
0388V005,0388,codigo_numerico_candidato_a_projeto,1,1,"BRAÇOS ""KC""SIMPLES 0.5M 5º + BRAÇO AMOVIVIES 0.5M 5º |98UN",60.3x2.9,Tubo redondo
0453N003,0453,codigo_numerico_candidato_a_projeto,1,1,ACESSÓRIOS TORRE TUBULAR 30M - (1UN),76.1x3.2,Tubo redondo
0453O002,0453,codigo_numerico_candidato_a_projeto,1,1,ACESSÓRIOS TORRE TUBULAR 30M - (1UN),60.3x2.9,Tubo redondo
0453O004,0453,codigo_numerico_candidato_a_projeto,1,1,ACESSÓRIOS TORRE TUBULAR 30M - (1UN),76.1x3.2,Tubo redondo
0453O005,0453,codigo_numerico_candidato_a_projeto,1,1,ACESSÓRIOS TORRE TUBULAR 30M - (1UN),76.1x3.2,Tubo redondo
0453O009,0453,codigo_numerico_candidato_a_projeto,1,1,ACESSÓRIOS TORRE TUBULAR 30M - (1UN),48.3x2.6,Tubo redondo
0462TJ01,0462,codigo_numerico_candidato_a_projeto,1,1,COLUNAS CIL4_V 1.5M FF DRT C/ REDUÇÃO Ø60X100 (5UN),88.9x3,Tubo redondo
0502Q001,0502,codigo_numerico_candidato_a_projeto,1,1,BRAÇOS JADE 1M + PRAIA 0.5M 5º (3UN),10,Varão redondo
0510K001,0510,codigo_numerico_candidato_a_projeto,2,1,COLUNAS CIB5_V 6M FF DRT (1UN),140x3,Tubo redondo
0528P001,0528,codigo_numerico_candidato_a_projeto,2,2,"BRAÇOS ""ANAC_I"" Ø60 SIMPLES 1M 5º + BRAÇOS ""ANAC_II"" Ø60 DUPLOS 1M 5º |15UN",60.3x2.9,Tubo redondo
0528P002,0528,codigo_numerico_candidato_a_projeto,3,2,"BRAÇOS ""ANAC_I"" Ø60 SIMPLES 1M 5º + BRAÇOS ""ANAC_II"" Ø60 DUPLOS 1M 5º |15UN",60.3x2.9,Tubo redondo
0547VJ01,0547,codigo_numerico_candidato_a_projeto,2,2,COLUNAS CIQ1_V 4M FF DRT (4UN),140x100x4,Tubo retangular
0559F001,0559,codigo_numerico_candidato_a_projeto,1,1,--- CTSL_V 10M - SUPORTE GUINCHO + CONTRA-PESO + LISTAS | 4UN,10.6,Varão redondo
0591V002,0591,codigo_numerico_candidato_a_projeto,1,1,ACESSÓRIOS TORRE TUBULAR 26M,76.1x3.2,Tubo redondo
0591V003,0591,codigo_numerico_candidato_a_projeto,1,1,ACESSÓRIOS TORRE TUBULAR 26M,76.1x3.2,Tubo redondo
0591V004,0591,codigo_numerico_candidato_a_projeto,1,1,ACESSÓRIOS TORRE TUBULAR 26M,76.1x3.2,Tubo redondo
0591V005,0591,codigo_numerico_candidato_a_projeto,1,1,ACESSÓRIOS TORRE TUBULAR 26M,76.1x3.2,Tubo redondo
0591V006,0591,codigo_numerico_candidato_a_projeto,1,1,ACESSÓRIOS TORRE TUBULAR 26M,76.1x3.2,Tubo redondo
0591V007,0591,codigo_numerico_candidato_a_projeto,1,1,ACESSÓRIOS TORRE TUBULAR 26M,114.3x5,Tubo redondo
0618V002,0618,codigo_numerico_candidato_a_projeto,1,1,BRAÇOS DUPLOS Ø60 1.5M 5º |1UN,60.3x2.9,Tubo redondo
0641S001,0641,codigo_numerico_candidato_a_projeto,1,1,BRAÇOS CON-OVL-014 36044612 | 800UN,88.9x3.25,Tubo redondo
0641S008,0641,codigo_numerico_candidato_a_projeto,10,10,COLUNAS CON-OVL-008 36044606 (150UN),76x4,Tubo redondo
0641S010,0641,codigo_numerico_candidato_a_projeto,14,14,COLUNAS CON-OVL-008 36044606 (150UN),20x10x1,Calha
0641S011,0641,codigo_numerico_candidato_a_projeto,1,1,BRAÇOS CON-OVL-014/CON-OVL-015 | 250UN,60.3x2.9,Tubo redondo
0641S012,0641,codigo_numerico_candidato_a_projeto,1,1,BRAÇOS CON-OVL-014/CON-OVL-015 | 250UN,60.3x2.9,Tubo redondo
0667R001,0667,codigo_numerico_candidato_a_projeto,1,1,CHUMBADOUROS M24X600 |4UN,22,Varão redondo
0684O001,0684,codigo_numerico_candidato_a_projeto,1,1,"BRAÇOS SIMPLES ""MOD OHM"" 1M 5ºINC | 12UN",60.3x2.9,Tubo redondo
0684O002,0684,codigo_numerico_candidato_a_projeto,2,2,BRAÇOS Ø60 SIMPLES OHM 1M 5º |18UN,12,Varão redondo
0687U001,0687,codigo_numerico_candidato_a_projeto,1,1,PETITJEAN | ÉCHELÒNS CARRÉ 12X12 = 24900X,12x12,Varão quadrado
0731V001,0731,codigo_numerico_candidato_a_projeto,1,1,COLUNAS CIL4_V 2M FF DRT (12UN),88.9x3,Tubo redondo
0746U002,0746,codigo_numerico_candidato_a_projeto,2,2,COLUNAS CIBB_V 2M/2.9M FF DRT (53UN),88.9x3,Tubo redondo
0771N003,0771,codigo_numerico_candidato_a_projeto,1,1,--- CRS ESPECIAL 30M - SUPORTE PROJETORES | 112UN,10.6,Varão redondo
0793V002,0793,codigo_numerico_candidato_a_projeto,1,1,TRAVESSAS 0.5M | 32UN,10,Varão redondo
0793V004,0793,codigo_numerico_candidato_a_projeto,1,1,TRAVESSAS 0.5M | 32UN,UPN140x60,Perfil U
0825SJ02,0825,codigo_numerico_candidato_a_projeto,2,2,COLUNAS CIL6_V 6M FF DRT (2UN),139.7x3.6,Tubo redondo
0847U001,0847,codigo_numerico_candidato_a_projeto,1,1,COLUNAS MTR2_V 11M FF DRT (3UN),219.1x4,Tubo redondo
0853P002,0853,codigo_numerico_candidato_a_projeto,1,1,"BRAÇOS SIMPLES/DUPLOS ""TRAMWAY"" 2.4M 2ºINC  | 9UN",76.1x3.25,Tubo redondo
0876V000,0876,codigo_numerico_candidato_a_projeto,1,1,"--- CAS5_V 20M - CABEÇA + TAMPA C/PONT. FRAN. + COROA 2,1M + SUP. PROJ. + SUP. BAL. | 6UN",30x4,Tubo redondo
0932K006,0932,codigo_numerico_candidato_a_projeto,1,1,--- CAS6_V 25M - TROÇOS (3UN),48.3x2.9,Tubo redondo
0949V000,0949,codigo_numerico_candidato_a_projeto,8,1,STEPPED POLES 4.4M 6.8M 4.8M 5M (95UN),76x3,Tubo redondo
0949V001,0949,codigo_numerico_candidato_a_projeto,3,2,STEPPED POLES 4.4M 6.8M 4.8M 5M (95UN),121x3.2,Tubo redondo
0979T002,0979,codigo_numerico_candidato_a_projeto,3,3,CATENÁRIA - C2H3  (1 UN),20,Varão redondo
0979T003,0979,codigo_numerico_candidato_a_projeto,1,1,CATENÁRIAS ROUND CONICAL | LYON - BHNS | C4H4 = 3X,42.4x4,Tubo redondo
0979T005,0979,codigo_numerico_candidato_a_projeto,8,8,CATENÁRIAS ROUND CONICAL | TSO- LYON T9 | C6H2 - 5UN,76.1x8,Tubo redondo
0979T527,0979,codigo_numerico_candidato_a_projeto,2,2,CATENÁRIAS ROUND CONICAL | LYON - BHNS | C3H4 = 6X,100x14,Barra
0979T534,0979,codigo_numerico_candidato_a_projeto,1,1,CATENÁRIAS ROUND CONICAL | LYON - BHNS | C6H4 = 4X,100x22,Barra
0CH1,0,codigo_numerico_candidato_a_projeto,1,1,ALSTOM | MONORAIL | EMERGENCY WALKWAY | LOT#1 = PROTÓTIPO,HEA240A,Perfil H
1009V001,1009,codigo_numerico_candidato_a_projeto,2,2,"BRAÇOS SIMPLES PALIO Ø76 1.5M 0º + BRAÇOS ""KC"" SIMPLES Ø76 0.5M 5º |29UN",70x40,Varão retangular
1009V003,1009,codigo_numerico_candidato_a_projeto,1,1,"BRAÇOS SIMPLES PALIO Ø76 1.5M 0º + BRAÇOS ""KC"" SIMPLES Ø76 0.5M 5º |29UN",60x2.9,Tubo redondo
1015V000,1015,codigo_numerico_candidato_a_projeto,1,1,--- COLUNAS CTS 6M 9M 20M (76UN),76x3,Tubo redondo
1015V001,1015,codigo_numerico_candidato_a_projeto,2,2,--- COLUNAS CTS 6M 9M 20M (76UN),30,Varão redondo
1015V002,1015,codigo_numerico_candidato_a_projeto,1,1,--- CTSL_V 20M - TROÇOS (2UN),20x10x1,Calha
1015V003,1015,codigo_numerico_candidato_a_projeto,1,1,--- COLUNAS CTS 6M 9M 20M (76UN),UPN100x50,Perfil U
1015V004,1015,codigo_numerico_candidato_a_projeto,1,1,--- COLUNAS CTS 6M 9M 20M (76UN),16,Varão redondo
1028N001,1028,codigo_numerico_candidato_a_projeto,1,1,LIGHTPOLE 25M 2 LAYER - TELENET (1UN),323.9x5,Tubo redondo
1030J001,1030,codigo_numerico_candidato_a_projeto,2,2,COLUNAS CÓNICAS 4.8M CCTV2000.48.01.16_B (10UN),88.9x3.25,Tubo redondo
1066V003,1066,codigo_numerico_candidato_a_projeto,1,1,ACESSÓRIOS EXTRA PINHEIRO,76.1x3.2,Tubo redondo
1066V004,1066,codigo_numerico_candidato_a_projeto,2,2,ACESSÓRIOS EXTRA PINHEIRO,76.1x3.2,Tubo redondo
1066VTU1,1066,codigo_numerico_candidato_a_projeto,1,1,ACESSÓRIOS EXTRA PINHEIRO,76.3x3.2,Tubo redondo
1078U002,1078,codigo_numerico_candidato_a_projeto,1,1,"BRAÇOS ""MOD LORMONT"" SIMPLES/DUPLOS 1M 5º INC | 24UN",60.3x2.9,Tubo redondo
108H4AS,108,codigo_numerico_candidato_a_projeto,1,1,RTE | CAPOT ANTI-VANDALISME,UPN80x45,Perfil U
1090V001,1090,codigo_numerico_candidato_a_projeto,1,1,BRAÇOS CAO3 SIMPLES/DUPLOS 1.5M 5º |28UN,63x3,Tubo redondo
1090V014,1090,codigo_numerico_candidato_a_projeto,1,1,BRAÇOS CAO3 SIMPLES/DUPLOS 1.5M 5º |28UN,63x3,Tubo redondo
109H4AS,109,codigo_numerico_candidato_a_projeto,1,1,RTE | CAPOT ANTI-VANDALISME,UPN80x45,Perfil U
1104V001,1104,codigo_numerico_candidato_a_projeto,9,2,COLUNAS TECPOLES 4.1M/6.5M N4001812A + N4002407A FE DRT (87UN),76x3,Tubo redondo
1107V200,1107,codigo_numerico_candidato_a_projeto,1,1,ENEL | 2026 |CONTRACTO 2024-2026 | POSTE | S1 (5UN) | R2 (2UN),355.6x6,Tubo redondo
1107V201,1107,codigo_numerico_candidato_a_projeto,1,1,ENEL | 2026 |CONTRACTO 2024-2026 | POSTE | S1 (5UN) | R2 (2UN),355.6x6,Tubo redondo
1107V202,1107,codigo_numerico_candidato_a_projeto,1,1,ENEL | 2026 |CONTRACTO 2024-2026 | POSTE | S1 (5UN) | R2 (2UN),355.6x6,Tubo redondo
1107V203,1107,codigo_numerico_candidato_a_projeto,3,3,ENEL | 2026 |CONTRACTO 2024-2026 | POSTE | S1 (5UN) | R2 (2UN),323.9x6,Tubo redondo
1107V204,1107,codigo_numerico_candidato_a_projeto,3,3,ENEL | 2026 |CONTRACTO 2024-2026 | POSTE | S1 (5UN) | R2 (2UN),323.9x6,Tubo redondo
1107V205,1107,codigo_numerico_candidato_a_projeto,3,3,ENEL | 2026 |CONTRACTO 2024-2026 | POSTE | S1 (5UN) | R2 (2UN),323.9x6,Tubo redondo
1107V300,1107,codigo_numerico_candidato_a_projeto,1,1,ENEL | 2026 |CONTRACTO 2024-2026 | POSTE | S1 (13UN),T50x50,Perfil T
1107V302,1107,codigo_numerico_candidato_a_projeto,1,1,ENEL | 2026 |CONTRACTO 2024-2026 | ACESSÓRIOS | S1 (5UN) | R2 (2UN),355.6x6,Tubo redondo
1107V303,1107,codigo_numerico_candidato_a_projeto,1,1,ENEL | 2026 |CONTRACTO 2024-2026 | ACESSÓRIOS | S1 (5UN) | R2 (2UN),355.6x6,Tubo redondo
1107V305,1107,codigo_numerico_candidato_a_projeto,3,3,ENEL | 2026 |CONTRACTO 2024-2026 | ACESSÓRIOS | S1 (5UN) | R2 (2UN),323.9x6,Tubo redondo
1107V401,1107,codigo_numerico_candidato_a_projeto,3,3,ENEL | 2026 |CONTRACTO 2024-2026 | ACESSÓRIOS | S1 (5UN) | R2 (2UN),18,Varão redondo
1115V100,1115,codigo_numerico_candidato_a_projeto,1,1,ENEL| 2026 |CONTRACTO 2024-2026 | ACESSÓRIOS,168.3x4,Tubo redondo
1115V101,1115,codigo_numerico_candidato_a_projeto,1,1,ENEL| 2026 |CONTRACTO 2024-2026 | ACESSÓRIOS,323.9x6,Tubo redondo
1115V103,1115,codigo_numerico_candidato_a_projeto,1,1,ENEL| 2026 |CONTRACTO 2024-2026 | ACESSÓRIOS,323.9x6,Tubo redondo
1115V104,1115,codigo_numerico_candidato_a_projeto,1,1,ENEL| 2026 |CONTRACTO 2024-2026 | POSTE,323.9x6,Tubo redondo
1115V105,1115,codigo_numerico_candidato_a_projeto,1,1,ENEL| 2026 |CONTRACTO 2024-2026 | POSTE,323.9x6,Tubo redondo
1115V106,1115,codigo_numerico_candidato_a_projeto,1,1,ENEL| 2026 |CONTRACTO 2024-2026 | POSTE,323.9x6,Tubo redondo
1115V107,1115,codigo_numerico_candidato_a_projeto,1,1,ENEL| 2026 |CONTRACTO 2024-2026 | ACESSÓRIOS,168.3x4,Tubo redondo
1115V300,1115,codigo_numerico_candidato_a_projeto,1,1,ENEL| 2026 |CONTRACTO 2024-2026 | POSTE,T50x50,Perfil T
115H4AS,115,codigo_numerico_candidato_a_projeto,1,1,RTE | CAPOT ANTI-VANDALISME,UPN80x45,Perfil U
116H4AS,116,codigo_numerico_candidato_a_projeto,1,1,RTE | CAPOT ANTI-VANDALISME,UPN80x45,Perfil U
1182U001,1182,codigo_numerico_candidato_a_projeto,1,1,ACESSÓRIOS P/ TORRE TUBULAR 18M (1X) E 20M (2X),50x50x5,Tubo quadrado
1182U004,1182,codigo_numerico_candidato_a_projeto,1,1,ACESSÓRIOS P/ TORRE TUBULAR 18M (1X) E 20M (2X),50x50x5,Tubo quadrado
1182U007,1182,codigo_numerico_candidato_a_projeto,2,2,TORRE TUBULAR 18M (1X) E 20M (2X),100x100x10,Tubo quadrado
1186U002,1186,codigo_numerico_candidato_a_projeto,2,2,TORRE TUBULAR 20M GREENTOWER - 1UN,UPN120x55,Perfil U
1186U005,1186,codigo_numerico_candidato_a_projeto,1,1,ACESSÓRIOS MONOPOLE 20M,101.6x5,Tubo redondo
1186U012,1186,codigo_numerico_candidato_a_projeto,2,2,TORRE TUBULAR 20M (1X),UPN100x50,Perfil U
1221L001,1221,codigo_numerico_candidato_a_projeto,5,5,TRAVESSAS 1M Ø76 UPN140 | 8UN,UPN140x60,Perfil U
1232,,sem_padrao,1,1,ALSTOM | MONORAIL | MODELO 2 | VARANDINS ESQ / DIR = 648X,50x50x3,Tubo quadrado
1234T052,1234,codigo_numerico_candidato_a_projeto,6,6,MCA | ACESSÓRIOS | SEMANA DE ENTREGA W36 | TDA20 (9UN) | TDA40 (27UN) | TDA5 (27UN) | TDDE (27UN) | TDS0 (14UN) | TSA40 (46UN) | TSAN90 (35UN) | TSATH (15UN),UPN140x60,Perfil U
1234T120,1234,codigo_numerico_candidato_a_projeto,8,8,MCA | ACESSÓRIOS| SEMANA DE ENTREGA W31 |  TSDE_22M (3UN) | TSDE_16M (44UN) | TSDE_18M (53UN) | TSDE_20M (5UN),UPN80x45,Perfil U
1234T121,1234,codigo_numerico_candidato_a_projeto,8,8,MCA | ACESSÓRIOS| SEMANA DE ENTREGA W31 |  TSDE_22M (3UN) | TSDE_16M (44UN) | TSDE_18M (53UN) | TSDE_20M (5UN),UPN80x45,Perfil U
1234T122,1234,codigo_numerico_candidato_a_projeto,8,8,MCA | ACESSÓRIOS| SEMANA DE ENTREGA W31 |  TSDE_22M (3UN) | TSDE_16M (44UN) | TSDE_18M (53UN) | TSDE_20M (5UN),UPN80x45,Perfil U
1234T400,1234,codigo_numerico_candidato_a_projeto,2,2,"MCA | ACESSÓRIOS| TSA20 -16M(39X),M18(66X),20M(15X)",M16,Varão roscado
1234T401,1234,codigo_numerico_candidato_a_projeto,2,2,"MCA | ACESSÓRIOS| TSA20 -16M(39X),M18(66X),20M(15X)",M20,Varão roscado
1234T402,1234,codigo_numerico_candidato_a_projeto,1,1,MCA | ACESSÓRIOS | SEMANA DE ENTREGA W24 | TSA40_16M_(5UN) | TSAN90_16M_(2UN) | TSAN90_22M_(1UN) | TSAN90_24M_(1UN) | TSDE_16M_(9UN) | TSATH_18M_(5UN),M20,Varão roscado
1234T413,1234,codigo_numerico_candidato_a_projeto,1,1,"MCA | ACESSÓRIOS | TSDE - 16M(47X), 18M(70X), 20M(24X), 22M(6X), 24M(2X),",M12,Varão roscado
1234T414,1234,codigo_numerico_candidato_a_projeto,1,1,"MCA | ACESSÓRIOS | TSDE - 16M(47X), 18M(70X), 20M(24X), 22M(6X), 24M(2X),",M16,Varão roscado
1251,,sem_padrao,1,1,ALSTOM | MONORAIL | MODELO 2 | VARANDINS ESQ / DIR = 648X,50x50x3,Tubo quadrado
1265,,sem_padrao,1,1,ALSTOM | MONORAIL | MODELO 2 | VARANDINS ESQ / DIR = 648X,50x50x3,Tubo quadrado
126H4AS,126,codigo_numerico_candidato_a_projeto,1,1,RTE | CAPOT ANTI-VANDALISME,40x40x3.2,Tubo quadrado
1271V001,1271,codigo_numerico_candidato_a_projeto,2,2,COLUNAS CGC2_V 4M FE DRT C/STEEL SLEEVE (20UN),139.7x5,Tubo redondo
1273N002,1273,codigo_numerico_candidato_a_projeto,1,1,ARCO PROTEÇÃO 1.3M C/ 3 PÉS |5UN,48.3x2.9,Tubo redondo
127H4AS,127,codigo_numerico_candidato_a_projeto,1,1,RTE | CAPOT ANTI-VANDALISME,12,Varão redondo
1283V001,1283,codigo_numerico_candidato_a_projeto,5,5,GUARDA-CORPOS INTERMÉDIOS - 474UN,90x40x4,Tubo retangular
1283V004,1283,codigo_numerico_candidato_a_projeto,4,3,GUARDA-CORPOS INTERMÉDIOS - 474UN,40x8,Barra
1283V006,1283,codigo_numerico_candidato_a_projeto,1,1,GUARDA-CORPOS INTERMÉDIOS 1.5º + 2.6º - 96UN,90x40x3,Tubo retangular
1283V007,1283,codigo_numerico_candidato_a_projeto,6,6,GUARDA-CORPOS INTERMÉDIOS - 474UN,50x30x3,Tubo retangular
1283V008,1283,codigo_numerico_candidato_a_projeto,4,4,GUARDA-CORPOS INTERMÉDIOS - 474UN,M12,Varão roscado
1283V010,1283,codigo_numerico_candidato_a_projeto,2,2,GUARDA-CORPOS INTERMÉDIOS 1.5º + 2.6º - 96UN,90x40x4,Tubo retangular
1283V014,1283,codigo_numerico_candidato_a_projeto,2,2,GUARDA-CORPOS INTERMÉDIOS 1.5º + 2.6º - 96UN,90x40x4,Tubo retangular
1283V022,1283,codigo_numerico_candidato_a_projeto,1,1,FECHOS OA E1 + E2 - 8UN,50x40x4,Tubo retangular
1283V028,1283,codigo_numerico_candidato_a_projeto,1,1,FECHOS OA E1 + E2 - 8UN,50x40x4,Tubo retangular
1283V038,1283,codigo_numerico_candidato_a_projeto,2,2,GUARDA-CORPOS LADO NORTE + LADO SUL - 96UN,90x40x3,Tubo retangular
1283V041,1283,codigo_numerico_candidato_a_projeto,2,2,GUARDA-CORPOS LADO NORTE + LADO SUL - 96UN,90x40x3,Tubo retangular
1283V044,1283,codigo_numerico_candidato_a_projeto,2,2,GUARDA-CORPOS LADO NORTE + LADO SUL - 96UN,90x40x3,Tubo retangular
1283V051,1283,codigo_numerico_candidato_a_projeto,2,2,GUARDA-CORPOS LADO NORTE + LADO SUL - 96UN,50x30x3,Tubo retangular
1283V052,1283,codigo_numerico_candidato_a_projeto,2,2,GUARDA-CORPOS LADO NORTE + LADO SUL - 96UN,50x30x3,Tubo retangular
1283V053,1283,codigo_numerico_candidato_a_projeto,2,2,GUARDA-CORPOS LADO NORTE + LADO SUL - 96UN,50x30x3,Tubo retangular
1283V054,1283,codigo_numerico_candidato_a_projeto,2,2,GUARDA-CORPOS LADO NORTE + LADO SUL - 96UN,50x30x3,Tubo retangular
1283V056,1283,codigo_numerico_candidato_a_projeto,2,2,GUARDA-CORPOS LADO NORTE + LADO SUL - 96UN,50x30x3,Tubo retangular
1283V057,1283,codigo_numerico_candidato_a_projeto,2,2,GUARDA-CORPOS LADO NORTE + LADO SUL - 96UN,50x30x3,Tubo retangular
1283V085,1283,codigo_numerico_candidato_a_projeto,1,1,GUARDA-CORPOS LADO NORTE + LADO SUL - 96UN,90x40x3,Tubo retangular
1283V086,1283,codigo_numerico_candidato_a_projeto,1,1,GUARDA-CORPOS LADO NORTE + LADO SUL - 96UN,50x30x3,Tubo retangular
1283V087,1283,codigo_numerico_candidato_a_projeto,1,1,GUARDA-CORPOS LADO NORTE + LADO SUL - 96UN,50x30x3,Tubo retangular
1283V100,1283,codigo_numerico_candidato_a_projeto,1,1,GUARDA-CORPOS LADO NORTE + LADO SUL - 96UN,90x40x3,Tubo retangular
1283V101,1283,codigo_numerico_candidato_a_projeto,1,1,GUARDA-CORPOS LADO NORTE + LADO SUL - 96UN,50x30x3,Tubo retangular
1283V102,1283,codigo_numerico_candidato_a_projeto,1,1,GUARDA-CORPOS LADO NORTE + LADO SUL - 96UN,50x30x3,Tubo retangular
1283V136,1283,codigo_numerico_candidato_a_projeto,1,1,GUARDA-CORPOS P/ ESCADA - 1UN,90x40x4,Tubo retangular
1283V137,1283,codigo_numerico_candidato_a_projeto,1,1,GUARDA-CORPOS P/ ESCADA - 1UN,90x40x4,Tubo retangular
1284,,sem_padrao,1,1,ALSTOM | MONORAIL | MODELO 2 | VARANDINS ESQ / DIR = 648X,50x50x3,Tubo quadrado
1293,,sem_padrao,1,1,ALSTOM | MONORAIL | MODELO 2 | VARANDINS ESQ / DIR = 648X,50x50x3,Tubo quadrado
12F917,12,codigo_numerico_candidato_a_projeto,1,1,"= FALTAS MATERIAL POSTES =_x000D_
= RECLAMAÇÃO DQ54-131 =",UC152x152x37,Perfil UC
1303,,sem_padrao,1,1,ALSTOM | MONORAIL | MODELO 2 | VARANDINS ESQ / DIR = 648X,50x50x3,Tubo quadrado
1304U001,1304,codigo_numerico_candidato_a_projeto,1,1,--- RECLAMAÇÃO ABRAÇADEIRA PARA FIXAÇÃO DE ESCADA |2UN,M8,Varão roscado
1307,,sem_padrao,1,1,ALSTOM | MONORAIL | MODELO 2 | VARANDINS ESQ / DIR = 648X,50x50x3,Tubo quadrado
1312,,sem_padrao,1,1,ALSTOM | MONORAIL | MODELO 2 | VARANDINS ESQ / DIR = 648X,50x50x3,Tubo quadrado
1317,,sem_padrao,1,1,ALSTOM | MONORAIL | MODELO 2 | VARANDINS ESQ / DIR = 648X,50x50x3,Tubo quadrado
1317S001,1317,codigo_numerico_candidato_a_projeto,1,1,BRAÇOS SIMPLES Ø76 0.1M 0º |5UN,76x4,Tubo redondo
1321,,sem_padrao,1,1,ALSTOM | MONORAIL | MODELO 2 | VARANDINS ESQ / DIR = 648X,50x50x3,Tubo quadrado
1326,,sem_padrao,1,1,ALSTOM | MONORAIL | MODELO 2 | VARANDINS ESQ / DIR = 648X,50x50x3,Tubo quadrado
1331,,sem_padrao,2,1,ALSTOM | MONORAIL | MODELO 2 | VARANDINS ESQ / DIR = 648X,50x50x3,Tubo quadrado
1336,,sem_padrao,1,1,ALSTOM | MONORAIL | MODELO 2 | VARANDINS ESQ / DIR = 648X,50x50x3,Tubo quadrado
1345,,sem_padrao,1,1,ALSTOM | MONORAIL | MODELO 2 | VARANDINS ESQ / DIR = 648X,50x50x3,Tubo quadrado
1359,,sem_padrao,1,1,ALSTOM | MONORAIL | MODELO 2 | VARANDINS ESQ / DIR = 648X,50x50x3,Tubo quadrado
1368,,sem_padrao,1,1,ALSTOM | MONORAIL | MODELO 2 | VARANDINS ESQ / DIR = 648X,50x50x3,Tubo quadrado
1374V001,1374,codigo_numerico_candidato_a_projeto,2,1,COLUNAS CGBB_V 3.5 FE DRT C/STEEL SEEVE (170UN),76x3,Tubo redondo
1378P001,1378,codigo_numerico_candidato_a_projeto,1,1,BRAÇOS SIMPLES Ø60 SEVEN 1M 0º INC | 15UN,60.3x2.9,Tubo redondo
1383,,sem_padrao,1,1,ALSTOM | MONORAIL | MODELO 2 | VARANDINS ESQ / DIR = 648X,50x50x3,Tubo quadrado
1386S002,1386,codigo_numerico_candidato_a_projeto,1,1,BRAÇOS SIMPLES Ø60 PARIS 1M 2º |5UN,60x3,Tubo redondo
1387,,sem_padrao,1,1,ALSTOM | MONORAIL | MODELO 2 | VARANDINS ESQ / DIR = 648X,50x50x3,Tubo quadrado
1396V001,1396,codigo_numerico_candidato_a_projeto,1,1,TRAVESSAS 1.5M/1M/0.5M + TRAVESSAS EM H |24UN,76.1x3.25,Tubo redondo
1396V002,1396,codigo_numerico_candidato_a_projeto,1,1,TRAVESSAS 1.5M/1M/0.5M + TRAVESSAS EM H |24UN,60x60x4,Tubo quadrado
1396V003,1396,codigo_numerico_candidato_a_projeto,1,1,TRAVESSAS 1.5M/1M/0.5M + TRAVESSAS EM H |24UN,60x60x4,Tubo quadrado
1396V004,1396,codigo_numerico_candidato_a_projeto,1,1,TRAVESSAS 1.5M/1M/0.5M + TRAVESSAS EM H |24UN,60x60x4,Tubo quadrado
1453,,sem_padrao,1,1,ALSTOM | MONORAIL | MODELO 2 | VARANDINS ESQ / DIR = 648X,50x50x3,Tubo quadrado
1460P001,1460,codigo_numerico_candidato_a_projeto,3,3,"BRAÇOS ""ANAC_I"" Ø60 SIMPLES 1M 5º + BRAÇOS ""ANAC_II"" Ø60 DUPLOS 1M 5º |15UN",60.3x2.9,Tubo redondo
1460P002,1460,codigo_numerico_candidato_a_projeto,1,1,"BRAÇOS ""ANAC_I"" Ø60 SIMPLES 1M 5º + BRAÇOS ""ANAC_II"" Ø60 DUPLOS 1M 5º |15UN",60.3x2.9,Tubo redondo
1463,,sem_padrao,1,1,ALSTOM | MONORAIL | MODELO 2 | VARANDINS ESQ / DIR = 648X,50x50x3,Tubo quadrado
1476V008,1476,codigo_numerico_candidato_a_projeto,1,1,PORTAS E1 + E2 - 2UN,30x30x3,Tubo quadrado
1476V010,1476,codigo_numerico_candidato_a_projeto,1,1,PORTAS E1 + E2 - 2UN,16,Varão redondo
1476V015,1476,codigo_numerico_candidato_a_projeto,1,1,PORTAS E1 + E2 - 2UN,30x30x3,Tubo quadrado
1493V001,1493,codigo_numerico_candidato_a_projeto,2,1,COLUNAS N4011864 + N4011866 FE DRT (99UN),114.3x4,Tubo redondo
1493V002,1493,codigo_numerico_candidato_a_projeto,2,2,COLUNAS N4011864 + N4011866 FE DRT (99UN),133x4,Tubo redondo
1493V003,1493,codigo_numerico_candidato_a_projeto,3,1,COLUNAS N4011864 + N4011866 FE DRT (99UN),76x4,Tubo redondo
1513V001,1513,codigo_numerico_candidato_a_projeto,1,1,RTE | CONSOLE COMPOSITES A0-A1-B + CCG,150x150x8,Tubo quadrado
1513V002,1513,codigo_numerico_candidato_a_projeto,1,1,RTE | CONSOLE COMPOSITES A0-A1-B + CCG,150x150x8,Tubo quadrado
1513V003,1513,codigo_numerico_candidato_a_projeto,1,1,RTE | CONSOLE COMPOSITES A0-A1-B + CCG,150x150x8,Tubo quadrado
1513V004,1513,codigo_numerico_candidato_a_projeto,1,1,RTE | CONSOLE COMPOSITES A0-A1-B + CCG,140x140x6,Tubo quadrado
1513V401,1513,codigo_numerico_candidato_a_projeto,1,1,RTE | CONSOLE COMPOSITES A0-A1-B + CCG,M20,Varão roscado
1513V402,1513,codigo_numerico_candidato_a_projeto,1,1,RTE | CONSOLE COMPOSITES A0-A1-B + CCG,M20,Varão roscado
1513V403,1513,codigo_numerico_candidato_a_projeto,1,1,RTE | CONSOLE COMPOSITES A0-A1-B + CCG,M20,Varão roscado
1513V404,1513,codigo_numerico_candidato_a_projeto,1,1,RTE | CONSOLE COMPOSITES A0-A1-B + CCG,M20,Varão roscado
1521PJ01,1521,codigo_numerico_candidato_a_projeto,1,1,COLUNAS CIL5_V 3M FF DRT (2UN),114x3,Tubo redondo
1527M003,1527,codigo_numerico_candidato_a_projeto,1,1,ARCO PROTEÇÃO |2UN,60.3x2.9,Tubo redondo
1527M004,1527,codigo_numerico_candidato_a_projeto,1,1,ARCO PROTEÇÃO |2UN,60.3x2.9,Tubo redondo
1529,,sem_padrao,1,1,ALSTOM | MONORAIL | MODELO 2 | VARANDINS ESQ / DIR = 648X,50x50x3,Tubo quadrado
1530L003,1530,codigo_numerico_candidato_a_projeto,1,1,BRAÇO SIMPLES Ø60 ASKA 0.75M C/ BOLA DECORATIVA |1UN,48.3x2.9,Tubo redondo
1538V015,1538,codigo_numerico_candidato_a_projeto,1,1,PÓRTICO 20.086M - ACESSÓRIOS,40x40x3,Tubo quadrado
1538V016,1538,codigo_numerico_candidato_a_projeto,1,1,PÓRTICO 20.086M - ACESSÓRIOS,30x30x3,Tubo quadrado
1538V017,1538,codigo_numerico_candidato_a_projeto,1,1,PÓRTICO 20.086M - ACESSÓRIOS,40x40x3,Tubo quadrado
1538V018,1538,codigo_numerico_candidato_a_projeto,1,1,PÓRTICO 20.086M - ACESSÓRIOS,30x30x3,Tubo quadrado
1538V019,1538,codigo_numerico_candidato_a_projeto,1,1,PÓRTICO 20.086M - ACESSÓRIOS,40x40x3,Tubo quadrado
1538V020,1538,codigo_numerico_candidato_a_projeto,1,1,PÓRTICO 20.086M - ACESSÓRIOS,30x30x3,Tubo quadrado
1538V021,1538,codigo_numerico_candidato_a_projeto,1,1,PÓRTICO 20.086M - ACESSÓRIOS,40x40x3,Tubo quadrado
1538V022,1538,codigo_numerico_candidato_a_projeto,1,1,PÓRTICO 20.086M - ACESSÓRIOS,30x30x3,Tubo quadrado
1538V023,1538,codigo_numerico_candidato_a_projeto,1,1,PÓRTICO 20.086M - ACESSÓRIOS,40x40x3,Tubo quadrado
1538V024,1538,codigo_numerico_candidato_a_projeto,2,2,PÓRTICO 20.086M - ACESSÓRIOS,40x40x3,Tubo quadrado
1538V026,1538,codigo_numerico_candidato_a_projeto,2,2,PÓRTICO 20.086M - ACESSÓRIOS,40x40x3,Tubo quadrado
1557,,sem_padrao,1,1,ALSTOM | MONORAIL | MODELO 2 | VARANDINS ESQ / DIR = 648X,50x50x3,Tubo quadrado
1566,,sem_padrao,1,1,ALSTOM | MONORAIL | MODELO 2 | VARANDINS ESQ / DIR = 648X,50x50x3,Tubo quadrado
1585V001,1585,codigo_numerico_candidato_a_projeto,1,1,PETITJEAN | TUBOS CURVOS = 142X,76.1x2.9,Tubo redondo
1585V002,1585,codigo_numerico_candidato_a_projeto,1,1,PETITJEAN | TUBOS CURVOS = 142X,Tubo redondo,Tubo redondo
1596T001,1596,codigo_numerico_candidato_a_projeto,9,3,COLUNAS TRICILINDRICAS CGTC_V 7M DRT -(4UN),76x2.6,Tubo redondo
1598V000,1598,codigo_numerico_candidato_a_projeto,1,1,"--- CRS ESPECIAL 25M - COROA 2,2M + LISTAS | 3UN",50x40x3,Tubo retangular
1598V001,1598,codigo_numerico_candidato_a_projeto,1,1,"--- CRS ESPECIAL 25M - COROA 2,2M + LISTAS | 3UN",50x40x3,Tubo retangular
1598V002,1598,codigo_numerico_candidato_a_projeto,1,1,"--- CRS ESPECIAL 25M - COROA 2,2M + LISTAS | 3UN",40x40x5,Tubo quadrado
1598V003,1598,codigo_numerico_candidato_a_projeto,1,1,"--- CRS ESPECIAL 25M - COROA 2,2M + LISTAS | 3UN",40x40x5,Tubo quadrado
1661,,sem_padrao,1,1,ALSTOM | MONORAIL | MODELO 2 | VARANDINS ESQ / DIR = 648X,50x50x3,Tubo quadrado
1675,,sem_padrao,1,1,ALSTOM | MONORAIL | MODELO 2 | VARANDINS ESQ / DIR = 648X,50x50x3,Tubo quadrado
1675V008,1675,codigo_numerico_candidato_a_projeto,2,2,VARANDINS / PÓRTICO PMV 1UN,20,Varão redondo
1675V010,1675,codigo_numerico_candidato_a_projeto,1,1,VARANDINS / PÓRTICO PMV 1UN,20,Varão redondo
1675V011,1675,codigo_numerico_candidato_a_projeto,1,1,VARANDINS / PÓRTICO PMV 1UN,20,Varão redondo
1675V012,1675,codigo_numerico_candidato_a_projeto,1,1,VARANDINS / PÓRTICO PMV 1UN,20,Varão redondo
1675V014,1675,codigo_numerico_candidato_a_projeto,1,1,VARANDIM 6 + ESCADAS + ALÇAPÃO (1UN),20,Varão redondo
1694V001,1694,codigo_numerico_candidato_a_projeto,1,1,COLUNAS CIBX_V 4.5M (7UN),89x3,Tubo redondo
1722,,sem_padrao,1,1,ALSTOM | MONORAIL | MODELO 2 | VARANDINS ESQ / DIR = 648X,50x50x3,Tubo quadrado
1741V003,1741,codigo_numerico_candidato_a_projeto,1,1,BRAÇO DUPLO 1M 5ºINC + ACESSÓRIOS | 74UN,76.1x7.1,Tubo redondo
1747L001,1747,codigo_numerico_candidato_a_projeto,1,1,TRAVESSAS R76TU150 / R76TU050 |6UN,UPN140x60,Perfil U
1774,,sem_padrao,1,1,ALSTOM | MONORAIL | MODELO 2 | VARANDINS ESQ / DIR = 648X,50x50x3,Tubo quadrado
1798V001,1798,codigo_numerico_candidato_a_projeto,1,1,BRAÇOS VIRGULE SIMPLES Ø76 1.5M 2º + BRAÇO AMOVIVEL 0.5M 5º |2UN,60.3x2.9,Tubo redondo
1803V001,1803,codigo_numerico_candidato_a_projeto,1,1,BRAÇOS SIMPLES VIRGULE Ø75 1.5M 5º + BRAÇO AMOVIVEL 0.5M 5º |2UN,60.3x2.9,Tubo redondo
1805M001,1805,codigo_numerico_candidato_a_projeto,3,3,COROA QUADRADA 0.5M |1UN,40x40x4,Tubo quadrado
1805M002,1805,codigo_numerico_candidato_a_projeto,3,3,COROA QUADRADA 0.5M |1UN,UPN50x38,Perfil U
1840,,sem_padrao,1,1,ALSTOM | MONORAIL | MODELO 2 | VARANDINS ESQ / DIR = 648X,50x50x3,Tubo quadrado
1849,,sem_padrao,1,1,ALSTOM | MONORAIL | MODELO 2 | VARANDINS ESQ / DIR = 648X,50x50x3,Tubo quadrado
1858,,sem_padrao,1,1,ALSTOM | MONORAIL | MODELO 2 | VARANDINS ESQ / DIR = 648X,50x50x3,Tubo quadrado
1867R600,1867,codigo_numerico_candidato_a_projeto,1,1,"BRAÇOS ""KC"" SIMPLES 0.5M 0º + ""KC"" SIMPLES 0.4M 0º C/REDUÇÃO Ø42X100 |23UN",42.4x2.65,Tubo redondo
1868,,sem_padrao,1,1,ALSTOM | MONORAIL | MODELO 2 | VARANDINS ESQ / DIR = 648X,50x50x3,Tubo quadrado
1877,,sem_padrao,1,1,ALSTOM | MONORAIL | MODELO 2 | VARANDINS ESQ / DIR = 648X,50x50x3,Tubo quadrado
1882U001,1882,codigo_numerico_candidato_a_projeto,1,1,BRAÇOS MURAL 1M 0º + BRAÇOS PBA SIMPLES 0.5M 5º + BRAÇOS SIMPLES/DUPLOS 2M 5º |9UN,UPN80x45,Perfil U
1887,,sem_padrao,1,1,ALSTOM | MONORAIL | MODELO 2 | VARANDINS ESQ / DIR = 648X,50x50x3,Tubo quadrado
1899K016,1899,codigo_numerico_candidato_a_projeto,1,1,ACESSÓRIOS P/ TORRE TUBULAR 12M - 1UN,12,Varão redondo
1900T034,1900,codigo_numerico_candidato_a_projeto,1,1,PÓRTICO 16.997M,60.3x2.9,Tubo redondo
1901,,sem_padrao,1,1,ALSTOM | MONORAIL | MODELO 2 | VARANDINS ESQ / DIR = 648X,50x50x3,Tubo quadrado
1905,,sem_padrao,1,1,ALSTOM | MONORAIL | MODELO 2 | VARANDINS ESQ / DIR = 648X,50x50x3,Tubo quadrado
1915,,sem_padrao,1,1,ALSTOM | MONORAIL | MODELO 2 | VARANDINS ESQ / DIR = 648X,50x50x3,Tubo quadrado
1924,,sem_padrao,1,1,ALSTOM | MONORAIL | MODELO 2 | VARANDINS ESQ / DIR = 648X,50x50x3,Tubo quadrado
1931S001,1931,codigo_numerico_candidato_a_projeto,3,1,"BRAÇO SIMPLES ""COURDEMANCHE"" | 1UN",60x40x3,Tubo retangular
1931S010,1931,codigo_numerico_candidato_a_projeto,1,1,"BRAÇO SIMPLES ""COURDEMANCHE"" | 1UN",60.3x2.9,Tubo redondo
1934,,sem_padrao,1,1,ALSTOM | MONORAIL | MODELO 2 | VARANDINS ESQ / DIR = 648X,50x50x3,Tubo quadrado
1938,,sem_padrao,1,1,ALSTOM | MONORAIL | MODELO 2 | VARANDINS ESQ / DIR = 648X,50x50x3,Tubo quadrado
1943,,sem_padrao,1,1,ALSTOM | MONORAIL | MODELO 2 | VARANDINS ESQ / DIR = 648X,50x50x3,Tubo quadrado
1953,,sem_padrao,1,1,ALSTOM | MONORAIL | MODELO 2 | VARANDINS ESQ / DIR = 648X,50x50x3,Tubo quadrado
1957,,sem_padrao,1,1,ALSTOM | MONORAIL | MODELO 2 | VARANDINS ESQ / DIR = 648X,50x50x3,Tubo quadrado
1961V011,1961,codigo_numerico_candidato_a_projeto,1,1,BRAÇO SIMPLES 0.75M 5º FIXO POR ABRAÇADEIRA |10UN,50x30x3,Tubo retangular
1967,,sem_padrao,1,1,ALSTOM | MONORAIL | MODELO 2 | VARANDINS ESQ / DIR = 648X,50x50x3,Tubo quadrado
1981,,sem_padrao,1,1,ALSTOM | MONORAIL | MODELO 2 | VARANDINS ESQ / DIR = 648X,50x50x3,Tubo quadrado
1986,,sem_padrao,1,1,ALSTOM | MONORAIL | MODELO 2 | VARANDINS ESQ / DIR = 648X,50x50x3,Tubo quadrado
1987U1,1987,codigo_numerico_candidato_a_projeto,1,1,TORRE TRIANGULAR 24M TEMPORÁRIA,101.6x4,Tubo redondo
1987U11,1987,codigo_numerico_candidato_a_projeto,1,1,TORRE TRIANGULAR 24M TEMPORÁRIA,IPE400,Perfil I
1987U12,1987,codigo_numerico_candidato_a_projeto,1,1,TORRE TRIANGULAR 24M TEMPORÁRIA,IPE400,Perfil I
1987U13,1987,codigo_numerico_candidato_a_projeto,1,1,TORRE TRIANGULAR 24M TEMPORÁRIA,IPE400,Perfil I
1987U15,1987,codigo_numerico_candidato_a_projeto,1,1,TORRE TRIANGULAR 24M TEMPORÁRIA,IPE400,Perfil I
1987U2,1987,codigo_numerico_candidato_a_projeto,1,1,TORRE TRIANGULAR 24M TEMPORÁRIA,139.7x5,Tubo redondo
1987U22,1987,codigo_numerico_candidato_a_projeto,1,1,TORRE TRIANGULAR 24M TEMPORÁRIA,IPE400,Perfil I
1987U23,1987,codigo_numerico_candidato_a_projeto,1,1,TORRE TRIANGULAR 24M TEMPORÁRIA,IPE400,Perfil I
1987U3,1987,codigo_numerico_candidato_a_projeto,1,1,TORRE TRIANGULAR 24M TEMPORÁRIA,168.3x5,Tubo redondo
1987U6,1987,codigo_numerico_candidato_a_projeto,1,1,TORRE TRIANGULAR 24M TEMPORÁRIA,168.3x5,Tubo redondo
1987U8,1987,codigo_numerico_candidato_a_projeto,1,1,TORRE TRIANGULAR 24M TEMPORÁRIA,IPE400,Perfil I
1987U9,1987,codigo_numerico_candidato_a_projeto,1,1,TORRE TRIANGULAR 24M TEMPORÁRIA,76.1x3,Tubo redondo
1990,,sem_padrao,1,1,ALSTOM | MONORAIL | MODELO 2 | VARANDINS ESQ / DIR = 648X,50x50x3,Tubo quadrado
1995,,sem_padrao,1,1,ALSTOM | MONORAIL | MODELO 2 | VARANDINS ESQ / DIR = 648X,50x50x3,Tubo quadrado
1P1,1,codigo_numerico_candidato_a_projeto,1,1,ALSTOM | MONORAIL | MODELO 1 | VARANDINS ESQ / DIR = 374X,50x50x3,Tubo quadrado
1P100,1,codigo_numerico_candidato_a_projeto,1,1,ALSTOM | MONORAIL | MODELO 1 | VARANDINS ESQ / DIR = 374X,50x50x3,Tubo quadrado
1P102,1,codigo_numerico_candidato_a_projeto,1,1,ALSTOM | MONORAIL | MODELO 1 | VARANDINS ESQ / DIR = 374X,50x50x3,Tubo quadrado
1P103,1,codigo_numerico_candidato_a_projeto,1,1,ALSTOM | MONORAIL | MODELO 1 | VARANDINS ESQ / DIR = 374X,50x50x3,Tubo quadrado
1P105,1,codigo_numerico_candidato_a_projeto,1,1,ALSTOM | MONORAIL | MODELO 1 | VARANDINS ESQ / DIR = 374X,50x50x3,Tubo quadrado
1P107,1,codigo_numerico_candidato_a_projeto,1,1,ALSTOM | MONORAIL | MODELO 1 | VARANDINS ESQ / DIR = 374X,50x50x3,Tubo quadrado
1P108,1,codigo_numerico_candidato_a_projeto,1,1,ALSTOM | MONORAIL | MODELO 1 | VARANDINS ESQ / DIR = 374X,50x50x3,Tubo quadrado
1P109,1,codigo_numerico_candidato_a_projeto,1,1,ALSTOM | MONORAIL | MODELO 1 | VARANDINS ESQ / DIR = 374X,50x50x3,Tubo quadrado
1P110,1,codigo_numerico_candidato_a_projeto,1,1,ALSTOM | MONORAIL | MODELO 1 | VARANDINS ESQ / DIR = 374X,50x50x3,Tubo quadrado
1P111,1,codigo_numerico_candidato_a_projeto,1,1,ALSTOM | MONORAIL | MODELO 1 | VARANDINS ESQ / DIR = 374X,50x50x3,Tubo quadrado
1P112,1,codigo_numerico_candidato_a_projeto,1,1,ALSTOM | MONORAIL | MODELO 1 | VARANDINS ESQ / DIR = 374X,50x50x3,Tubo quadrado
1P113,1,codigo_numerico_candidato_a_projeto,1,1,ALSTOM | MONORAIL | MODELO 1 | VARANDINS ESQ / DIR = 374X,50x50x3,Tubo quadrado
1P116,1,codigo_numerico_candidato_a_projeto,1,1,ALSTOM | MONORAIL | MODELO 1 | VARANDINS ESQ / DIR = 374X,50x50x3,Tubo quadrado
1P117,1,codigo_numerico_candidato_a_projeto,1,1,ALSTOM | MONORAIL | MODELO 1 | VARANDINS ESQ / DIR = 374X,50x50x3,Tubo quadrado
1P118,1,codigo_numerico_candidato_a_projeto,1,1,ALSTOM | MONORAIL | MODELO 1 | VARANDINS ESQ / DIR = 374X,50x50x3,Tubo quadrado
1P119,1,codigo_numerico_candidato_a_projeto,1,1,ALSTOM | MONORAIL | MODELO 1 | VARANDINS ESQ / DIR = 374X,50x50x3,Tubo quadrado
1P120,1,codigo_numerico_candidato_a_projeto,1,1,ALSTOM | MONORAIL | MODELO 1 | VARANDINS ESQ / DIR = 374X,50x50x3,Tubo quadrado
1P121,1,codigo_numerico_candidato_a_projeto,1,1,ALSTOM | MONORAIL | MODELO 1 | VARANDINS ESQ / DIR = 374X,50x50x3,Tubo quadrado
1P122,1,codigo_numerico_candidato_a_projeto,1,1,ALSTOM | MONORAIL | MODELO 1 | VARANDINS ESQ / DIR = 374X,50x50x3,Tubo quadrado
1P123,1,codigo_numerico_candidato_a_projeto,1,1,ALSTOM | MONORAIL | MODELO 1 | VARANDINS ESQ / DIR = 374X,50x50x3,Tubo quadrado
1P124,1,codigo_numerico_candidato_a_projeto,1,1,ALSTOM | MONORAIL | MODELO 1 | VARANDINS ESQ / DIR = 374X,50x50x3,Tubo quadrado
1P125,1,codigo_numerico_candidato_a_projeto,1,1,ALSTOM | MONORAIL | MODELO 1 | VARANDINS ESQ / DIR = 374X,50x50x3,Tubo quadrado
1P126,1,codigo_numerico_candidato_a_projeto,1,1,ALSTOM | MONORAIL | MODELO 1 | VARANDINS ESQ / DIR = 374X,50x50x3,Tubo quadrado
1P127,1,codigo_numerico_candidato_a_projeto,1,1,ALSTOM | MONORAIL | MODELO 1 | VARANDINS ESQ / DIR = 374X,50x50x3,Tubo quadrado
1P129,1,codigo_numerico_candidato_a_projeto,1,1,ALSTOM | MONORAIL | MODELO 1 | VARANDINS ESQ / DIR = 374X,50x50x3,Tubo quadrado
1P131,1,codigo_numerico_candidato_a_projeto,1,1,ALSTOM | MONORAIL | MODELO 1 | VARANDINS ESQ / DIR = 374X,50x50x3,Tubo quadrado
1P14,1,codigo_numerico_candidato_a_projeto,1,1,ALSTOM | MONORAIL | MODELO 1 | VARANDINS ESQ / DIR = 374X,50x50x3,Tubo quadrado
1P15,1,codigo_numerico_candidato_a_projeto,1,1,ALSTOM | MONORAIL | MODELO 1 | VARANDINS ESQ / DIR = 374X,50x50x3,Tubo quadrado
1P18,1,codigo_numerico_candidato_a_projeto,1,1,ALSTOM | MONORAIL | MODELO 1 | VARANDINS ESQ / DIR = 374X,50x50x3,Tubo quadrado
1P19,1,codigo_numerico_candidato_a_projeto,1,1,ALSTOM | MONORAIL | MODELO 1 | VARANDINS ESQ / DIR = 374X,50x50x3,Tubo quadrado
1P20,1,codigo_numerico_candidato_a_projeto,1,1,ALSTOM | MONORAIL | MODELO 1 | VARANDINS ESQ / DIR = 374X,50x50x3,Tubo quadrado
1P22,1,codigo_numerico_candidato_a_projeto,1,1,ALSTOM | MONORAIL | MODELO 1 | VARANDINS ESQ / DIR = 374X,50x50x3,Tubo quadrado
1P23,1,codigo_numerico_candidato_a_projeto,1,1,ALSTOM | MONORAIL | MODELO 1 | VARANDINS ESQ / DIR = 374X,50x50x3,Tubo quadrado
1P25,1,codigo_numerico_candidato_a_projeto,1,1,ALSTOM | MONORAIL | MODELO 1 | VARANDINS ESQ / DIR = 374X,50x50x3,Tubo quadrado
1P27,1,codigo_numerico_candidato_a_projeto,1,1,ALSTOM | MONORAIL | MODELO 1 | VARANDINS ESQ / DIR = 374X,50x50x3,Tubo quadrado
1P28,1,codigo_numerico_candidato_a_projeto,1,1,ALSTOM | MONORAIL | MODELO 1 | VARANDINS ESQ / DIR = 374X,50x50x3,Tubo quadrado
1P3,1,codigo_numerico_candidato_a_projeto,1,1,ALSTOM | MONORAIL | MODELO 1 | VARANDINS ESQ / DIR = 374X,50x50x3,Tubo quadrado
1P30,1,codigo_numerico_candidato_a_projeto,1,1,ALSTOM | MONORAIL | MODELO 1 | VARANDINS ESQ / DIR = 374X,50x50x3,Tubo quadrado
1P32,1,codigo_numerico_candidato_a_projeto,1,1,ALSTOM | MONORAIL | MODELO 1 | VARANDINS ESQ / DIR = 374X,50x50x3,Tubo quadrado
1P33,1,codigo_numerico_candidato_a_projeto,1,1,ALSTOM | MONORAIL | MODELO 1 | VARANDINS ESQ / DIR = 374X,50x50x3,Tubo quadrado
1P35,1,codigo_numerico_candidato_a_projeto,1,1,ALSTOM | MONORAIL | MODELO 1 | VARANDINS ESQ / DIR = 374X,50x50x3,Tubo quadrado
1P36,1,codigo_numerico_candidato_a_projeto,1,1,ALSTOM | MONORAIL | MODELO 1 | VARANDINS ESQ / DIR = 374X,50x50x3,Tubo quadrado
1P38,1,codigo_numerico_candidato_a_projeto,1,1,ALSTOM | MONORAIL | MODELO 1 | VARANDINS ESQ / DIR = 374X,50x50x3,Tubo quadrado
1P39,1,codigo_numerico_candidato_a_projeto,1,1,ALSTOM | MONORAIL | MODELO 1 | VARANDINS ESQ / DIR = 374X,50x50x3,Tubo quadrado
1P4,1,codigo_numerico_candidato_a_projeto,1,1,ALSTOM | MONORAIL | MODELO 1 | VARANDINS ESQ / DIR = 374X,50x50x3,Tubo quadrado
1P40,1,codigo_numerico_candidato_a_projeto,1,1,ALSTOM | MONORAIL | MODELO 1 | VARANDINS ESQ / DIR = 374X,50x50x3,Tubo quadrado
1P41,1,codigo_numerico_candidato_a_projeto,1,1,ALSTOM | MONORAIL | MODELO 1 | VARANDINS ESQ / DIR = 374X,50x50x3,Tubo quadrado
1P42,1,codigo_numerico_candidato_a_projeto,1,1,ALSTOM | MONORAIL | MODELO 1 | VARANDINS ESQ / DIR = 374X,50x50x3,Tubo quadrado
1P43,1,codigo_numerico_candidato_a_projeto,1,1,ALSTOM | MONORAIL | MODELO 1 | VARANDINS ESQ / DIR = 374X,50x50x3,Tubo quadrado
1P45,1,codigo_numerico_candidato_a_projeto,1,1,ALSTOM | MONORAIL | MODELO 1 | VARANDINS ESQ / DIR = 374X,50x50x3,Tubo quadrado
1P46,1,codigo_numerico_candidato_a_projeto,1,1,ALSTOM | MONORAIL | MODELO 1 | VARANDINS ESQ / DIR = 374X,50x50x3,Tubo quadrado
1P47,1,codigo_numerico_candidato_a_projeto,1,1,ALSTOM | MONORAIL | MODELO 1 | VARANDINS ESQ / DIR = 374X,50x50x3,Tubo quadrado
1P5,1,codigo_numerico_candidato_a_projeto,1,1,ALSTOM | MONORAIL | MODELO 1 | VARANDINS ESQ / DIR = 374X,50x50x3,Tubo quadrado
1P50,1,codigo_numerico_candidato_a_projeto,1,1,ALSTOM | MONORAIL | MODELO 1 | VARANDINS ESQ / DIR = 374X,50x50x3,Tubo quadrado
1P52,1,codigo_numerico_candidato_a_projeto,1,1,ALSTOM | MONORAIL | MODELO 1 | VARANDINS ESQ / DIR = 374X,50x50x3,Tubo quadrado
1P54,1,codigo_numerico_candidato_a_projeto,1,1,ALSTOM | MONORAIL | MODELO 1 | VARANDINS ESQ / DIR = 374X,50x50x3,Tubo quadrado
1P55,1,codigo_numerico_candidato_a_projeto,1,1,ALSTOM | MONORAIL | MODELO 1 | VARANDINS ESQ / DIR = 374X,50x50x3,Tubo quadrado
1P56,1,codigo_numerico_candidato_a_projeto,1,1,ALSTOM | MONORAIL | MODELO 1 | VARANDINS ESQ / DIR = 374X,50x50x3,Tubo quadrado
1P57,1,codigo_numerico_candidato_a_projeto,1,1,ALSTOM | MONORAIL | MODELO 1 | VARANDINS ESQ / DIR = 374X,50x50x3,Tubo quadrado
1P58,1,codigo_numerico_candidato_a_projeto,1,1,ALSTOM | MONORAIL | MODELO 1 | VARANDINS ESQ / DIR = 374X,50x50x3,Tubo quadrado
1P59,1,codigo_numerico_candidato_a_projeto,1,1,ALSTOM | MONORAIL | MODELO 1 | VARANDINS ESQ / DIR = 374X,50x50x3,Tubo quadrado
1P6,1,codigo_numerico_candidato_a_projeto,1,1,ALSTOM | MONORAIL | MODELO 1 | VARANDINS ESQ / DIR = 374X,50x50x3,Tubo quadrado
1P60,1,codigo_numerico_candidato_a_projeto,1,1,ALSTOM | MONORAIL | MODELO 1 | VARANDINS ESQ / DIR = 374X,50x50x3,Tubo quadrado
1P61,1,codigo_numerico_candidato_a_projeto,1,1,ALSTOM | MONORAIL | MODELO 1 | VARANDINS ESQ / DIR = 374X,50x50x3,Tubo quadrado
1P62,1,codigo_numerico_candidato_a_projeto,1,1,ALSTOM | MONORAIL | MODELO 1 | VARANDINS ESQ / DIR = 374X,50x50x3,Tubo quadrado
1P63,1,codigo_numerico_candidato_a_projeto,1,1,ALSTOM | MONORAIL | MODELO 1 | VARANDINS ESQ / DIR = 374X,50x50x3,Tubo quadrado
1P64,1,codigo_numerico_candidato_a_projeto,1,1,ALSTOM | MONORAIL | MODELO 1 | VARANDINS ESQ / DIR = 374X,50x50x3,Tubo quadrado
1P65,1,codigo_numerico_candidato_a_projeto,1,1,ALSTOM | MONORAIL | MODELO 1 | VARANDINS ESQ / DIR = 374X,50x50x3,Tubo quadrado
1P66,1,codigo_numerico_candidato_a_projeto,1,1,ALSTOM | MONORAIL | MODELO 1 | VARANDINS ESQ / DIR = 374X,50x50x3,Tubo quadrado
1P67,1,codigo_numerico_candidato_a_projeto,1,1,ALSTOM | MONORAIL | MODELO 1 | VARANDINS ESQ / DIR = 374X,50x50x3,Tubo quadrado
1P68,1,codigo_numerico_candidato_a_projeto,1,1,ALSTOM | MONORAIL | MODELO 1 | VARANDINS ESQ / DIR = 374X,50x50x3,Tubo quadrado
1P70,1,codigo_numerico_candidato_a_projeto,1,1,ALSTOM | MONORAIL | MODELO 1 | VARANDINS ESQ / DIR = 374X,50x50x3,Tubo quadrado
1P71,1,codigo_numerico_candidato_a_projeto,1,1,ALSTOM | MONORAIL | MODELO 1 | VARANDINS ESQ / DIR = 374X,50x50x3,Tubo quadrado
1P74,1,codigo_numerico_candidato_a_projeto,1,1,ALSTOM | MONORAIL | MODELO 1 | VARANDINS ESQ / DIR = 374X,50x50x3,Tubo quadrado
1P75,1,codigo_numerico_candidato_a_projeto,1,1,ALSTOM | MONORAIL | MODELO 1 | VARANDINS ESQ / DIR = 374X,50x50x3,Tubo quadrado
1P76,1,codigo_numerico_candidato_a_projeto,1,1,ALSTOM | MONORAIL | MODELO 1 | VARANDINS ESQ / DIR = 374X,50x50x3,Tubo quadrado
1P77,1,codigo_numerico_candidato_a_projeto,1,1,ALSTOM | MONORAIL | MODELO 1 | VARANDINS ESQ / DIR = 374X,50x50x3,Tubo quadrado
1P78,1,codigo_numerico_candidato_a_projeto,1,1,ALSTOM | MONORAIL | MODELO 1 | VARANDINS ESQ / DIR = 374X,50x50x3,Tubo quadrado
1P80,1,codigo_numerico_candidato_a_projeto,1,1,ALSTOM | MONORAIL | MODELO 1 | VARANDINS ESQ / DIR = 374X,50x50x3,Tubo quadrado
1P86,1,codigo_numerico_candidato_a_projeto,1,1,ALSTOM | MONORAIL | MODELO 1 | VARANDINS ESQ / DIR = 374X,50x50x3,Tubo quadrado
1P88,1,codigo_numerico_candidato_a_projeto,1,1,ALSTOM | MONORAIL | MODELO 1 | VARANDINS ESQ / DIR = 374X,50x50x3,Tubo quadrado
1P9,1,codigo_numerico_candidato_a_projeto,1,1,ALSTOM | MONORAIL | MODELO 1 | VARANDINS ESQ / DIR = 374X,50x50x3,Tubo quadrado
1P90,1,codigo_numerico_candidato_a_projeto,1,1,ALSTOM | MONORAIL | MODELO 1 | VARANDINS ESQ / DIR = 374X,50x50x3,Tubo quadrado
1P91,1,codigo_numerico_candidato_a_projeto,1,1,ALSTOM | MONORAIL | MODELO 1 | VARANDINS ESQ / DIR = 374X,50x50x3,Tubo quadrado
1P93,1,codigo_numerico_candidato_a_projeto,1,1,ALSTOM | MONORAIL | MODELO 1 | VARANDINS ESQ / DIR = 374X,50x50x3,Tubo quadrado
1P95,1,codigo_numerico_candidato_a_projeto,1,1,ALSTOM | MONORAIL | MODELO 1 | VARANDINS ESQ / DIR = 374X,50x50x3,Tubo quadrado
1P99,1,codigo_numerico_candidato_a_projeto,1,1,ALSTOM | MONORAIL | MODELO 1 | VARANDINS ESQ / DIR = 374X,50x50x3,Tubo quadrado
1PR1,1,codigo_numerico_candidato_a_projeto,1,1,ETF | LTON - T10 | CATENÁRIAS = 11X,HEM340,Perfil H
1PR2,1,codigo_numerico_candidato_a_projeto,1,1,ETF | LTON - T10 | CATENÁRIAS = 11X,HEB300,Perfil H
1PR3,1,codigo_numerico_candidato_a_projeto,1,1,ETF | LTON - T10 | CATENÁRIAS = 11X,HEM280,Perfil H
1PR4,1,codigo_numerico_candidato_a_projeto,1,1,ETF | LTON - T10 | CATENÁRIAS = 11X,HEM340,Perfil H
1PR5,1,codigo_numerico_candidato_a_projeto,1,1,ETF | LTON - T10 | CATENÁRIAS = 11X,HEM300,Perfil H
1pr1,1,codigo_numerico_candidato_a_projeto,1,1,ALSTOM | MONORAIL | EMERGENCY WALKWAY | LOT#1 = PROTÓTIPO,50x50x3,Tubo quadrado
1pr4,1,codigo_numerico_candidato_a_projeto,1,1,ALSTOM | MONORAIL | EMERGENCY WALKWAY | LOT#1 = PROTÓTIPO,50x50x3,Tubo quadrado
2003V1,2003,codigo_numerico_candidato_a_projeto,1,1,"TORRE 60M 24M/S (21 TORRES)_x000D_
ENSAIAR UMA DAS TORRE (EP2666) EM PRETO_x000D_",159x6.3,Tubo redondo
2003V107,2003,codigo_numerico_candidato_a_projeto,1,1,"TORRE 60M 24M/S (21 TORRES)_x000D_
ENSAIAR UMA DAS TORRE (EP2666) EM PRETO_x000D_",193.7x10,Tubo redondo
2003V114,2003,codigo_numerico_candidato_a_projeto,1,1,"TORRE 60M 24M/S (21 TORRES)_x000D_
ENSAIAR UMA DAS TORRE (EP2666) EM PRETO_x000D_",26.9x3.2,Tubo redondo
2003V115,2003,codigo_numerico_candidato_a_projeto,1,1,"TORRE 60M 24M/S (21 TORRES)_x000D_
ENSAIAR UMA DAS TORRE (EP2666) EM PRETO_x000D_",26.9x3.2,Tubo redondo
2003V116,2003,codigo_numerico_candidato_a_projeto,1,1,"TORRE 60M 24M/S (21 TORRES)_x000D_
ENSAIAR UMA DAS TORRE (EP2666) EM PRETO_x000D_",26.9x3.2,Tubo redondo
2003V117,2003,codigo_numerico_candidato_a_projeto,1,1,"TORRE 60M 24M/S (21 TORRES)_x000D_
ENSAIAR UMA DAS TORRE (EP2666) EM PRETO_x000D_",26.9x3.2,Tubo redondo
2003V118,2003,codigo_numerico_candidato_a_projeto,1,1,"TORRE 60M 24M/S (21 TORRES)_x000D_
ENSAIAR UMA DAS TORRE (EP2666) EM PRETO_x000D_",26.9x3.2,Tubo redondo
2003V14,2003,codigo_numerico_candidato_a_projeto,1,1,"TORRE 60M 24M/S (21 TORRES)_x000D_
ENSAIAR UMA DAS TORRE (EP2666) EM PRETO_x000D_",88.9x6.3,Tubo redondo
2003V15,2003,codigo_numerico_candidato_a_projeto,1,1,"TORRE 60M 24M/S (21 TORRES)_x000D_
ENSAIAR UMA DAS TORRE (EP2666) EM PRETO_x000D_",127x6.3,Tubo redondo
2003V8,2003,codigo_numerico_candidato_a_projeto,1,1,"TORRE 60M 24M/S (21 TORRES)_x000D_
ENSAIAR UMA DAS TORRE (EP2666) EM PRETO_x000D_",168.3x6.3,Tubo redondo
2003V9,2003,codigo_numerico_candidato_a_projeto,1,1,"TORRE 60M 24M/S (21 TORRES)_x000D_
ENSAIAR UMA DAS TORRE (EP2666) EM PRETO_x000D_",193.7x10,Tubo redondo
2014,,sem_padrao,1,1,ALSTOM | MONORAIL | MODELO 2 | VARANDINS ESQ / DIR = 648X,50x50x3,Tubo quadrado
2023,,sem_padrao,1,1,ALSTOM | MONORAIL | MODELO 2 | VARANDINS ESQ / DIR = 648X,50x50x3,Tubo quadrado
2023V001,2023,codigo_numerico_candidato_a_projeto,1,1,COLUNAS CILINDRICAS ESPECIAIS 2.5M - (3UN),101.6x5,Tubo redondo
2033,,sem_padrao,1,1,ALSTOM | MONORAIL | MODELO 2 | VARANDINS ESQ / DIR = 648X,50x50x3,Tubo quadrado
2034M001,2034,codigo_numerico_candidato_a_projeto,1,1,--- COLUNAS CTSL_V 6M 7M 8M (69UN),16,Varão redondo
2035V100,2035,codigo_numerico_candidato_a_projeto,1,1,RTE | ACESSÓRIOS | PA3TM-H16 (1UN) |PA3TM-H18 (1UN) |PA3TM-H20 (2UN) |PA3TM-H22 (10UN) |PA3TM2-H22 (1UN) |PA3TM2-H20 (1UN),200x100x10,Tubo retangular
2035V102,2035,codigo_numerico_candidato_a_projeto,2,2,RTE | PA3TM-H16 (1UN) |PA3TM-H18 (1UN) |PA3TM-H20 (2UN) |PA3TM-H22 (10UN) |PA3TM2-H22 (1UN) |PA3TM2-H20 (1UN),80x40x4,Tubo retangular
2035V103,2035,codigo_numerico_candidato_a_projeto,1,1,RTE | ACESSÓRIOS | PA3TM-H16 (1UN) |PA3TM-H18 (1UN) |PA3TM-H20 (2UN) |PA3TM-H22 (10UN) |PA3TM2-H22 (1UN) |PA3TM2-H20 (1UN),100x50x5,Tubo retangular
2035V104,2035,codigo_numerico_candidato_a_projeto,1,1,RTE | ACESSÓRIOS | PA3TM-H16 (1UN) |PA3TM-H18 (1UN) |PA3TM-H20 (2UN) |PA3TM-H22 (10UN) |PA3TM2-H22 (1UN) |PA3TM2-H20 (1UN),80x40x4,Tubo retangular
2035V105,2035,codigo_numerico_candidato_a_projeto,1,1,RTE | ACESSÓRIOS | PA3TM-H16 (1UN) |PA3TM-H18 (1UN) |PA3TM-H20 (2UN) |PA3TM-H22 (10UN) |PA3TM2-H22 (1UN) |PA3TM2-H20 (1UN),140x80x6,Tubo retangular
2035V106,2035,codigo_numerico_candidato_a_projeto,1,1,RTE | ACESSÓRIOS | PA3TM-H16 (1UN) |PA3TM-H18 (1UN) |PA3TM-H20 (2UN) |PA3TM-H22 (10UN) |PA3TM2-H22 (1UN) |PA3TM2-H20 (1UN),140x80x6,Tubo retangular
2035V107,2035,codigo_numerico_candidato_a_projeto,1,1,RTE | ACESSÓRIOS |PA3KN-H16 (2UN)|PA3KN-H20 (1UN),140x80x6,Tubo retangular
2035V108,2035,codigo_numerico_candidato_a_projeto,1,1,RTE | POSTE |PA3KN-H16 (2UN)|PA3KN-H20 (1UN),114.3x6.3,Tubo redondo
2035V300,2035,codigo_numerico_candidato_a_projeto,1,1,RTE | PA3TM-H16 (1UN) |PA3TM-H18 (1UN) |PA3TM-H20 (2UN) |PA3TM-H22 (10UN) |PA3TM2-H22 (1UN) |PA3TM2-H20 (1UN),20,Varão redondo
2035V301,2035,codigo_numerico_candidato_a_projeto,1,1,RTE | POSTE |PA3KN-H16 (2UN)|PA3KN-H20 (1UN),20,Varão redondo
2035V450,2035,codigo_numerico_candidato_a_projeto,1,1,RTE | ACESSÓRIOS | PA3TM-H16 (1UN) |PA3TM-H18 (1UN) |PA3TM-H20 (2UN) |PA3TM-H22 (10UN) |PA3TM2-H22 (1UN) |PA3TM2-H20 (1UN),7,Varão redondo
2042,,sem_padrao,1,1,ALSTOM | MONORAIL | MODELO 2 | VARANDINS ESQ / DIR = 648X,50x50x3,Tubo quadrado
2047,,sem_padrao,1,1,ALSTOM | MONORAIL | MODELO 2 | VARANDINS ESQ / DIR = 648X,50x50x3,Tubo quadrado
2066,,sem_padrao,1,1,ALSTOM | MONORAIL | MODELO 2 | VARANDINS ESQ / DIR = 648X,50x50x3,Tubo quadrado
2070Q009,2070,codigo_numerico_candidato_a_projeto,1,1,PÓRTICO 16.997M,114.3x3.6,Tubo redondo
2070Q012,2070,codigo_numerico_candidato_a_projeto,2,2,PÓRTICO 16.997M,20,Varão redondo
2070Q015,2070,codigo_numerico_candidato_a_projeto,1,1,PÓRTICO 16.997M,60.3x2.9,Tubo redondo
2070Q021,2070,codigo_numerico_candidato_a_projeto,4,4,ACESSÓRIOS PÓRTICO 16.997M,40x40x3,Tubo quadrado
2070Q034,2070,codigo_numerico_candidato_a_projeto,2,2,PÓRTICO 16.997M,60.3x2.9,Tubo redondo
2075,,sem_padrao,1,1,ALSTOM | MONORAIL | MODELO 2 | VARANDINS ESQ / DIR = 648X,50x50x3,Tubo quadrado
2084S001,2084,codigo_numerico_candidato_a_projeto,1,1,"BRAÇOS ""KC PIQUÉ"" C/ REDUÇÃO Ø33 |5UN",33.7x2.6,Tubo redondo
2084S002,2084,codigo_numerico_candidato_a_projeto,1,1,"BRAÇOS ""KC PIQUÉ"" C/ REDUÇÃO Ø33 |5UN",60.3x2.9,Tubo redondo
2084S003,2084,codigo_numerico_candidato_a_projeto,1,1,"BRAÇOS ""KC PIQUÉ"" C/ REDUÇÃO Ø33 |5UN",60.3x2.9,Tubo redondo
2089,,sem_padrao,1,1,ALSTOM | MONORAIL | MODELO 2 | VARANDINS ESQ / DIR = 648X,50x50x3,Tubo quadrado
2107J001,2107,codigo_numerico_candidato_a_projeto,1,1,BRAÇOS LORMONT SIMPLES 1M 5º |12UN,60.3x2.9,Tubo redondo
2112P01,2112,codigo_numerico_candidato_a_projeto,1,1,RAQUETES E GRALHAS MATERIAL REGA,16,Varão redondo
2112P02,2112,codigo_numerico_candidato_a_projeto,1,1,RAQUETES E GRALHAS MATERIAL REGA,16,Varão redondo
2112P03,2112,codigo_numerico_candidato_a_projeto,1,1,RAQUETES E GRALHAS MATERIAL REGA,10,Varão redondo
2112P04,2112,codigo_numerico_candidato_a_projeto,1,1,RAQUETES E GRALHAS MATERIAL REGA,16,Varão redondo
2112P05,2112,codigo_numerico_candidato_a_projeto,1,1,RAQUETES E GRALHAS MATERIAL REGA,16,Varão redondo
2112P06,2112,codigo_numerico_candidato_a_projeto,1,1,RAQUETES E GRALHAS MATERIAL REGA,16,Varão redondo
2113,,sem_padrao,1,1,ALSTOM | MONORAIL | MODELO 2 | VARANDINS ESQ / DIR = 648X,50x50x3,Tubo quadrado
2117,,sem_padrao,1,1,ALSTOM | MONORAIL | MODELO 2 | VARANDINS ESQ / DIR = 648X,50x50x3,Tubo quadrado
2136,,sem_padrao,1,1,ALSTOM | MONORAIL | MODELO 2 | VARANDINS ESQ / DIR = 648X,50x50x3,Tubo quadrado
2161V000,2161,codigo_numerico_candidato_a_projeto,1,1,"--- CTSL_V 20M - TRAVESSAS 2,9M + LISTAS | 2UN",UPN140x60,Perfil U
2161V010,2161,codigo_numerico_candidato_a_projeto,1,1,--- FLANGE DE TRANSIÇÃO |1UN,355.6x8,Tubo redondo
2164,,sem_padrao,1,1,ALSTOM | MONORAIL | MODELO 2 | VARANDINS ESQ / DIR = 648X,50x50x3,Tubo quadrado
2164N001,2164,codigo_numerico_candidato_a_projeto,2,2,--- BRAÇO SIMPLES 1M 5º MURAL PARIS | 3UN,UPN120x55,Perfil U
2164V000,2164,codigo_numerico_candidato_a_projeto,1,1,--- TRAVESSAS + ACESSÓRIOS |124UN,64x4,Tubo redondo
2182V001,2182,codigo_numerico_candidato_a_projeto,1,1,BRAÇOS PICHEY/KC Ø60 1M/1.5M/2.5M 5ºINC | 5UN,60.3x2.9,Tubo redondo
2182V002,2182,codigo_numerico_candidato_a_projeto,1,1,BRAÇOS PICHEY/KC Ø60 1M/1.5M/2.5M 5ºINC | 5UN,60.3x2.9,Tubo redondo
2182V010,2182,codigo_numerico_candidato_a_projeto,1,1,BRAÇOS PICHEY/KC Ø60 1M/1.5M/2.5M 5ºINC | 5UN,60.3x2.9,Tubo redondo
2183N010,2183,codigo_numerico_candidato_a_projeto,1,1,COROA 1M POR DRV 4X FUROS Ø14 |2UN,40x40x4,Tubo quadrado
2188,,sem_padrao,1,1,ALSTOM | MONORAIL | MODELO 2 | VARANDINS ESQ / DIR = 648X,50x50x3,Tubo quadrado
2193,,sem_padrao,1,1,ALSTOM | MONORAIL | MODELO 2 | VARANDINS ESQ / DIR = 648X,50x50x3,Tubo quadrado
2212,,sem_padrao,1,1,ALSTOM | MONORAIL | MODELO 2 | VARANDINS ESQ / DIR = 648X,50x50x3,Tubo quadrado
2226,,sem_padrao,1,1,ALSTOM | MONORAIL | MODELO 2 | VARANDINS ESQ / DIR = 648X,50x50x3,Tubo quadrado
2240,,sem_padrao,1,1,ALSTOM | MONORAIL | MODELO 2 | VARANDINS ESQ / DIR = 648X,50x50x3,Tubo quadrado
2244U100,2244,codigo_numerico_candidato_a_projeto,2,2,RTE | PA3TM-20 | ACESSÓRIOS | 1UN,200x100x10,Tubo retangular
2244U101,2244,codigo_numerico_candidato_a_projeto,1,1,,213x17,Tubo redondo
2244U102,2244,codigo_numerico_candidato_a_projeto,2,2,RTE | PA3TM-20 | POSTE | 1UN,80x40x4,Tubo retangular
2244U103,2244,codigo_numerico_candidato_a_projeto,2,2,RTE | PA3TM-20 | ACESSÓRIOS | 1UN,100x50x5,Tubo retangular
2244U300,2244,codigo_numerico_candidato_a_projeto,2,2,RTE | PA3TM-20 | POSTE | 1UN,20,Varão redondo
2244U401,2244,codigo_numerico_candidato_a_projeto,2,2,RTE | PA3TM-20 | ACESSÓRIOS | 1UN,M16,Varão roscado
2244U410,2244,codigo_numerico_candidato_a_projeto,2,2,RTE | PA3TM-20 | ACESSÓRIOS | 1UN,M24,Varão roscado
2244U411,2244,codigo_numerico_candidato_a_projeto,2,2,RTE | PA3TM-20 | ACESSÓRIOS | 1UN,M24,Varão roscado
2249,,sem_padrao,1,1,ALSTOM | MONORAIL | MODELO 2 | VARANDINS ESQ / DIR = 648X,50x50x3,Tubo quadrado
2263V002,2263,codigo_numerico_candidato_a_projeto,2,2,CHUMBADOUROS PÓRTICO E SEMI-PÓRTICO,25,Varão redondo
2263V004,2263,codigo_numerico_candidato_a_projeto,1,1,CHUMBADOUROS PÓRTICO E SEMI-PÓRTICO,30,Varão redondo
2263V008,2263,codigo_numerico_candidato_a_projeto,1,1,SUPORTES DE PAINEIS PÓRTICO + SEMI-PÓRTICO,IPN100,Perfil I
2263V010,2263,codigo_numerico_candidato_a_projeto,1,1,SUPORTES DE PAINEIS PÓRTICO + SEMI-PÓRTICO,IPN100,Perfil I
2263V011,2263,codigo_numerico_candidato_a_projeto,1,1,SUPORTES DE PAINEIS PÓRTICO + SEMI-PÓRTICO,IPN100,Perfil I
2263V012,2263,codigo_numerico_candidato_a_projeto,1,1,SUPORTES DE PAINEIS PÓRTICO + SEMI-PÓRTICO,IPN120,Perfil I
2265V001,2265,codigo_numerico_candidato_a_projeto,6,2,COLUNAS STEPPED POLES N101860 + N4008464 + N170951 + N101859 + N110531 (240UN),76x2.9,Tubo redondo
2268V001,2268,codigo_numerico_candidato_a_projeto,2,1,COLUNAS STEPPED POLES N101860 + N4008464 + N170951 + N101859 + N110531 (240UN),60x2.6,Tubo redondo
2268V002,2268,codigo_numerico_candidato_a_projeto,6,2,COLUNAS STEPPED POLES N101860 + N4008464 + N170951 + N101859 + N110531 (240UN),76x2.6,Tubo redondo
2282,,sem_padrao,1,1,ALSTOM | MONORAIL | MODELO 2 | VARANDINS ESQ / DIR = 648X,50x50x3,Tubo quadrado
2292,,sem_padrao,1,1,ALSTOM | MONORAIL | MODELO 2 | VARANDINS ESQ / DIR = 648X,50x50x3,Tubo quadrado
2315,,sem_padrao,1,1,ALSTOM | MONORAIL | MODELO 2 | VARANDINS ESQ / DIR = 648X,50x50x3,Tubo quadrado
2320,,sem_padrao,1,1,ALSTOM | MONORAIL | MODELO 2 | VARANDINS ESQ / DIR = 648X,50x50x3,Tubo quadrado
2321T003,2321,codigo_numerico_candidato_a_projeto,1,1,ACESSÓRIOS PÓRTICO 16.997M,40x40x3,Tubo quadrado
2334,,sem_padrao,1,1,ALSTOM | MONORAIL | MODELO 2 | VARANDINS ESQ / DIR = 648X,50x50x3,Tubo quadrado
2337V000,2337,codigo_numerico_candidato_a_projeto,1,1,--- CONJUNTO DE SUPORTE DE ANTENAS |1UN,88.9x3.2,Tubo redondo
2337V001,2337,codigo_numerico_candidato_a_projeto,1,1,--- CONJUNTO DE SUPORTE DE ANTENAS |1UN,76.1x3.2,Tubo redondo
2348,,sem_padrao,1,1,ALSTOM | MONORAIL | MODELO 2 | VARANDINS ESQ / DIR = 648X,50x50x3,Tubo quadrado
2362,,sem_padrao,1,1,ALSTOM | MONORAIL | MODELO 2 | VARANDINS ESQ / DIR = 648X,50x50x3,Tubo quadrado
2367,,sem_padrao,1,1,ALSTOM | MONORAIL | MODELO 2 | VARANDINS ESQ / DIR = 648X,50x50x3,Tubo quadrado
2395,,sem_padrao,1,1,ALSTOM | MONORAIL | MODELO 2 | VARANDINS ESQ / DIR = 648X,50x50x3,Tubo quadrado
2400,,sem_padrao,1,1,ALSTOM | MONORAIL | MODELO 2 | VARANDINS ESQ / DIR = 648X,50x50x3,Tubo quadrado
2412V000,2412,codigo_numerico_candidato_a_projeto,1,1,"--- CRS3_V 18M - TRAVESSA TOPO 2,3M + LISTAS | 4UN",UPN140x60,Perfil U
2434M001,2434,codigo_numerico_candidato_a_projeto,1,1,COLUNAS CIBX_V 4.5M (7UN),26.9x2.65,Tubo redondo
2461,,sem_padrao,1,1,ALSTOM | MONORAIL | MODELO 2 | VARANDINS ESQ / DIR = 648X,50x50x3,Tubo quadrado
2466,,sem_padrao,1,1,ALSTOM | MONORAIL | MODELO 2 | VARANDINS ESQ / DIR = 648X,50x50x3,Tubo quadrado
2471,,sem_padrao,1,1,ALSTOM | MONORAIL | MODELO 2 | VARANDINS ESQ / DIR = 648X,50x50x3,Tubo quadrado
2475,,sem_padrao,1,1,ALSTOM | MONORAIL | MODELO 2 | VARANDINS ESQ / DIR = 648X,50x50x3,Tubo quadrado
2494,,sem_padrao,1,1,ALSTOM | MONORAIL | MODELO 2 | VARANDINS ESQ / DIR = 648X,50x50x3,Tubo quadrado
2499,,sem_padrao,1,1,ALSTOM | MONORAIL | MODELO 2 | VARANDINS ESQ / DIR = 648X,50x50x3,Tubo quadrado
24M1401,24,codigo_numerico_candidato_a_projeto,1,1,TENNET | A042 | MAST 1053 | EP2633,250x250x22,Cantoneira
24M1402,24,codigo_numerico_candidato_a_projeto,1,1,TENNET | A042 | MAST 1053 | EP2633,250x250x22,Cantoneira
24M1403,24,codigo_numerico_candidato_a_projeto,1,1,TENNET | A042 | MAST 1053 | EP2633,250x250x22,Cantoneira
24M1404,24,codigo_numerico_candidato_a_projeto,1,1,TENNET | A042 | MAST 1053 | EP2633,250x250x22,Cantoneira
24M2501,24,codigo_numerico_candidato_a_projeto,1,1,TENNET | A042 | MAST 1053 | EP2633,250x250x24,Cantoneira
24M2502,24,codigo_numerico_candidato_a_projeto,1,1,TENNET | A042 | MAST 1053 | EP2633,250x250x24,Cantoneira
24M2503,24,codigo_numerico_candidato_a_projeto,1,1,TENNET | A042 | MAST 1053 | EP2633,250x250x24,Cantoneira
24M2504,24,codigo_numerico_candidato_a_projeto,1,1,TENNET | A042 | MAST 1053 | EP2633,250x250x24,Cantoneira
24M3601,24,codigo_numerico_candidato_a_projeto,1,1,TENNET | A042 | MAST 1053 | EP2633,250x250x28,Cantoneira
24M3602,24,codigo_numerico_candidato_a_projeto,1,1,TENNET | A042 | MAST 1053 | EP2633,250x250x28,Cantoneira
24M3603,24,codigo_numerico_candidato_a_projeto,1,1,TENNET | A042 | MAST 1053 | EP2633,250x250x28,Cantoneira
24M3604,24,codigo_numerico_candidato_a_projeto,1,1,TENNET | A042 | MAST 1053 | EP2633,250x250x28,Cantoneira
24M4401,24,codigo_numerico_candidato_a_projeto,1,1,TENNET A042 | TROÇOS POSTE 1054 |  EP2649,250x250x22,Cantoneira
24M4402,24,codigo_numerico_candidato_a_projeto,1,1,TENNET A042 | TROÇOS POSTE 1054 |  EP2649,250x250x22,Cantoneira
24M4403,24,codigo_numerico_candidato_a_projeto,1,1,TENNET A042 | TROÇOS POSTE 1054 |  EP2649,250x250x22,Cantoneira
24M4404,24,codigo_numerico_candidato_a_projeto,1,1,TENNET A042 | TROÇOS POSTE 1054 |  EP2649,250x250x22,Cantoneira
24M5501,24,codigo_numerico_candidato_a_projeto,1,1,TENNET A042 | TROÇOS POSTE 1054 |  EP2649,250x250x24,Cantoneira
24M5503,24,codigo_numerico_candidato_a_projeto,1,1,TENNET A042 | TROÇOS POSTE 1054 |  EP2649,250x250x24,Cantoneira
24M5504,24,codigo_numerico_candidato_a_projeto,1,1,TENNET A042 | TROÇOS POSTE 1054 |  EP2649,250x250x24,Cantoneira
24M6601,24,codigo_numerico_candidato_a_projeto,1,1,TENNET A042 | TROÇOS POSTE 1054 |  EP2649,250x250x26,Cantoneira
24M6603,24,codigo_numerico_candidato_a_projeto,1,1,TENNET A042 | TROÇOS POSTE 1054 |  EP2649,250x250x26,Cantoneira
24M6604,24,codigo_numerico_candidato_a_projeto,1,1,TENNET A042 | TROÇOS POSTE 1054 |  EP2649,250x250x26,Cantoneira
24M7701,24,codigo_numerico_candidato_a_projeto,1,1,TENNET A042 - PERNA POSTE 1054 | EP2651,250x250x26,Cantoneira
24M7702,24,codigo_numerico_candidato_a_projeto,1,1,TENNET A042 - PERNA POSTE 1054 | EP2651,250x250x26,Cantoneira
24M7703,24,codigo_numerico_candidato_a_projeto,1,1,TENNET A042 - PERNA POSTE 1054 | EP2651,250x250x26,Cantoneira
24M7704,24,codigo_numerico_candidato_a_projeto,1,1,TENNET A042 - PERNA POSTE 1054 | EP2651,250x250x26,Cantoneira
24M8821,24,codigo_numerico_candidato_a_projeto,1,1,TENNET A042 - PERNA POSTE 1053 | EP2634,250x250x28,Cantoneira
24M8822,24,codigo_numerico_candidato_a_projeto,1,1,TENNET A042 - PERNA POSTE 1053 | EP2634,250x250x28,Cantoneira
24M8823,24,codigo_numerico_candidato_a_projeto,1,1,TENNET A042 - PERNA POSTE 1053 | EP2634,250x250x28,Cantoneira
24M8824,24,codigo_numerico_candidato_a_projeto,1,1,TENNET A042 - PERNA POSTE 1053 | EP2634,250x250x28,Cantoneira
24M9701,24,codigo_numerico_candidato_a_projeto,1,1,TENNET | A042 | MAST 1053 | EP2633,250x250x28,Cantoneira
24M9702,24,codigo_numerico_candidato_a_projeto,1,1,TENNET | A042 | MAST 1053 | EP2633,250x250x28,Cantoneira
2518,,sem_padrao,1,1,ALSTOM | MONORAIL | MODELO 2 | VARANDINS ESQ / DIR = 648X,50x50x3,Tubo quadrado
2537,,sem_padrao,1,1,ALSTOM | MONORAIL | MODELO 2 | VARANDINS ESQ / DIR = 648X,50x50x3,Tubo quadrado
2539N001,2539,codigo_numerico_candidato_a_projeto,5,5,COLUNAS CIB5_V 4M FF DRT (10UN),89x3,Tubo redondo
2539N002,2539,codigo_numerico_candidato_a_projeto,5,5,COLUNAS CIB5_V 4M FF DRT (10UN),140x3,Tubo redondo
2541,,sem_padrao,1,1,ALSTOM | MONORAIL | MODELO 2 | VARANDINS ESQ / DIR = 648X,50x50x3,Tubo quadrado
2546,,sem_padrao,1,1,ALSTOM | MONORAIL | MODELO 2 | VARANDINS ESQ / DIR = 648X,50x50x3,Tubo quadrado
2548VT00,2548,codigo_numerico_candidato_a_projeto,1,1,--- TRAVESSA 1M PARA COLUNA COE1 |1UN,UPN140x60,Perfil U
2563V001,2563,codigo_numerico_candidato_a_projeto,1,1,ACESSÓRIOS TORRE PINHEIRO 24M - MOD. CA13I,76.1x3.2,Tubo redondo
2563V002,2563,codigo_numerico_candidato_a_projeto,1,1,ACESSÓRIOS TORRE PINHEIRO 24M - MOD. CA13I,76.1x3.2,Tubo redondo
2563V003,2563,codigo_numerico_candidato_a_projeto,1,1,ACESSÓRIOS TORRE PINHEIRO 24M - MOD. CA13I,76.1x3.2,Tubo redondo
2563V004,2563,codigo_numerico_candidato_a_projeto,1,1,ACESSÓRIOS TORRE PINHEIRO 24M - MOD. CA13I,76.1x3.2,Tubo redondo
2563VTU1,2563,codigo_numerico_candidato_a_projeto,1,1,ACESSÓRIOS TORRE PINHEIRO 24M - MOD. CA13I,76.1x3.2,Tubo redondo
2563VTU2,2563,codigo_numerico_candidato_a_projeto,1,1,ACESSÓRIOS TORRE PINHEIRO 24M - MOD. CA13I,76.1x3.2,Tubo redondo
2570,,sem_padrao,1,1,ALSTOM | MONORAIL | MODELO 2 | VARANDINS ESQ / DIR = 648X,50x50x3,Tubo quadrado
2579,,sem_padrao,1,1,ALSTOM | MONORAIL | MODELO 2 | VARANDINS ESQ / DIR = 648X,50x50x3,Tubo quadrado
2584,,sem_padrao,1,1,ALSTOM | MONORAIL | MODELO 2 | VARANDINS ESQ / DIR = 648X,50x50x3,Tubo quadrado
2586T010,2586,codigo_numerico_candidato_a_projeto,2,2,BRAÇO SIMPLES 1M 2º |2UN,76x3.25,Tubo redondo
2587M001,2587,codigo_numerico_candidato_a_projeto,1,1,TORRE TUBULAR 15M,UPN120x55,Perfil U
2587M002,2587,codigo_numerico_candidato_a_projeto,2,2,TORRE TUBULAR 30M - (1UN),90x3,Tubo redondo
2587M019,2587,codigo_numerico_candidato_a_projeto,1,1,ACESSÓRIOS P/ TORRE TUBULAR 12M - 1UN,60x3,Tubo redondo
2587M020,2587,codigo_numerico_candidato_a_projeto,4,4,ACESSÓRIOS TORRE TUBULAR 25M,M10,Varão roscado
2593,,sem_padrao,1,1,ALSTOM | MONORAIL | MODELO 2 | VARANDINS ESQ / DIR = 648X,50x50x3,Tubo quadrado
25M5502,25,codigo_numerico_candidato_a_projeto,1,1,TENNET A042 | TROÇOS POSTE 1054 |  EP2649,250x250x24,Cantoneira
25M6602,25,codigo_numerico_candidato_a_projeto,1,1,TENNET A042 | TROÇOS POSTE 1054 |  EP2649,250x250x26,Cantoneira
2607,,sem_padrao,1,1,ALSTOM | MONORAIL | MODELO 2 | VARANDINS ESQ / DIR = 648X,50x50x3,Tubo quadrado
2612,,sem_padrao,1,1,ALSTOM | MONORAIL | MODELO 2 | VARANDINS ESQ / DIR = 648X,50x50x3,Tubo quadrado
2615V001,2615,codigo_numerico_candidato_a_projeto,1,1,PERFIS HEA - 207UN,HEA160,Perfil H
2615V002,2615,codigo_numerico_candidato_a_projeto,1,1,PERFIS HEA - 207UN,HEA180,Perfil H
2625P012,2625,codigo_numerico_candidato_a_projeto,2,2,VARANDINS / PÓRTICO PMV 1UN,T70x70,Perfil T
2625P014,2625,codigo_numerico_candidato_a_projeto,2,2,VARANDINS / PÓRTICO PMV 1UN,T70x70,Perfil T
2625P017,2625,codigo_numerico_candidato_a_projeto,2,2,VARANDINS / PÓRTICO PMV 1UN,T70x70,Perfil T
2625P020,2625,codigo_numerico_candidato_a_projeto,1,1,VARANDINS / PÓRTICO PMV 1UN,20,Varão redondo
2625P046,2625,codigo_numerico_candidato_a_projeto,2,2,VARANDINS / PÓRTICO PMV 1UN,20,Varão redondo
2625P048,2625,codigo_numerico_candidato_a_projeto,2,2,VARANDINS / PÓRTICO PMV 1UN,20,Varão redondo
2631,,sem_padrao,1,1,ALSTOM | MONORAIL | MODELO 2 | VARANDINS ESQ / DIR = 648X,50x50x3,Tubo quadrado
2640,,sem_padrao,1,1,ALSTOM | MONORAIL | MODELO 2 | VARANDINS ESQ / DIR = 648X,50x50x3,Tubo quadrado
2644V030,2644,codigo_numerico_candidato_a_projeto,1,1,RTE | CONSOLE COMPOSITES A0-A1-B + CCG,140x140x6,Tubo quadrado
2644V031,2644,codigo_numerico_candidato_a_projeto,1,1,RTE | CONSOLE COMPOSITES A0-A1-B + CCG,140x140x6,Tubo quadrado
2644V061,2644,codigo_numerico_candidato_a_projeto,1,1,RTE | CONSOLE COMPOSITES A0-A1-B + CCG,150x150x8,Tubo quadrado
2644V062,2644,codigo_numerico_candidato_a_projeto,1,1,RTE | CONSOLE COMPOSITES A0-A1-B + CCG,150x150x8,Tubo quadrado
2644V063,2644,codigo_numerico_candidato_a_projeto,1,1,RTE | CONSOLE COMPOSITES A0-A1-B + CCG,150x150x8,Tubo quadrado
2644V094,2644,codigo_numerico_candidato_a_projeto,1,1,RTE | CONSOLE COMPOSITES A0-A1-B + CCG,150x150x8,Tubo quadrado
2644V095,2644,codigo_numerico_candidato_a_projeto,1,1,RTE | CONSOLE COMPOSITES A0-A1-B + CCG,150x150x8,Tubo quadrado
2644V459,2644,codigo_numerico_candidato_a_projeto,1,1,RTE | CONSOLE COMPOSITES A0-A1-B + CCG,M20,Varão roscado
2644V460,2644,codigo_numerico_candidato_a_projeto,1,1,RTE | CONSOLE COMPOSITES A0-A1-B + CCG,M20,Varão roscado
2644V461,2644,codigo_numerico_candidato_a_projeto,1,1,RTE | CONSOLE COMPOSITES A0-A1-B + CCG,M20,Varão roscado
2644V462,2644,codigo_numerico_candidato_a_projeto,1,1,RTE | CONSOLE COMPOSITES A0-A1-B + CCG,M20,Varão roscado
2644V464,2644,codigo_numerico_candidato_a_projeto,1,1,RTE | CONSOLE COMPOSITES A0-A1-B + CCG,M20,Varão roscado
2644V465,2644,codigo_numerico_candidato_a_projeto,1,1,RTE | CONSOLE COMPOSITES A0-A1-B + CCG,M20,Varão roscado
2646U007,2646,codigo_numerico_candidato_a_projeto,1,1,ABRAÇADEIRAS,26.9x2.6,Tubo redondo
2650V003,2650,codigo_numerico_candidato_a_projeto,1,1,BRAÇOS DUPLOS 1.5M 0º |1UN,16,Varão redondo
2657V000,2657,codigo_numerico_candidato_a_projeto,1,1,--- CRS ESPECIAL 30M - TRAVESSA 2M + LISTAS | 28UN,UPN140x60,Perfil U
2657V002,2657,codigo_numerico_candidato_a_projeto,1,1,--- CRS ESPECIAL 30M - TROÇOS (28UN),UPN65x42,Perfil U
2657V003,2657,codigo_numerico_candidato_a_projeto,1,1,--- CRS ESPECIAL 30M - TROÇOS (28UN),UPN65x42,Perfil U
2657V004,2657,codigo_numerico_candidato_a_projeto,1,1,--- CRS ESPECIAL 30M - TROÇOS (28UN),UPN65x42,Perfil U
2657V005,2657,codigo_numerico_candidato_a_projeto,1,1,--- CRS ESPECIAL 30M - SUPORTE CHUMBADOUROS (3UN),UPN40x20,Perfil U
2660Q001,2660,codigo_numerico_candidato_a_projeto,1,1,COLUNAS CIL4_V 5M FF DRT C/ REDUÇÃO Ø76X80 (1UN),101.6x4,Tubo redondo
2663V001,2663,codigo_numerico_candidato_a_projeto,1,1,COLUNA CILINDRICA 4M FE DRT (1UN),133x4,Tubo redondo
2664,,sem_padrao,1,1,ALSTOM | MONORAIL | MODELO 2 | VARANDINS ESQ / DIR = 648X,50x50x3,Tubo quadrado
2666V000,2666,codigo_numerico_candidato_a_projeto,1,1,--- SUPORTE PARA-RAIOS |4UN,26.9x4,Tubo redondo
2673,,sem_padrao,1,1,ALSTOM | MONORAIL | MODELO 2 | VARANDINS ESQ / DIR = 648X,50x50x3,Tubo quadrado
2687,,sem_padrao,1,1,ALSTOM | MONORAIL | MODELO 2 | VARANDINS ESQ / DIR = 648X,50x50x3,Tubo quadrado
2692,,sem_padrao,1,1,ALSTOM | MONORAIL | MODELO 2 | VARANDINS ESQ / DIR = 648X,50x50x3,Tubo quadrado
2701,,sem_padrao,1,1,ALSTOM | MONORAIL | MODELO 2 | VARANDINS ESQ / DIR = 648X,50x50x3,Tubo quadrado
2730,,sem_padrao,1,1,ALSTOM | MONORAIL | MODELO 2 | VARANDINS ESQ / DIR = 648X,50x50x3,Tubo quadrado
2730N001,2730,codigo_numerico_candidato_a_projeto,2,2,"BRAÇOS R7660 1M 5º + BRAO SIMPLES ""VELA"" Ø76 1.2M 5º |12UN",60.3x2.9,Tubo redondo
2730N003,2730,codigo_numerico_candidato_a_projeto,1,1,"BRAÇOS R7660 1M 5º + BRAO SIMPLES ""VELA"" Ø76 1.2M 5º |12UN",76.1x3.2,Tubo redondo
2740V001,2740,codigo_numerico_candidato_a_projeto,1,1,TUBO DE EXTENSÃO |2UN,60.3x2.9,Tubo redondo
2740V002,2740,codigo_numerico_candidato_a_projeto,1,1,TUBO DE EXTENSÃO |2UN,60.3x2.9,Tubo redondo
2744,,sem_padrao,1,1,ALSTOM | MONORAIL | MODELO 2 | VARANDINS ESQ / DIR = 648X,50x50x3,Tubo quadrado
2749,,sem_padrao,1,1,ALSTOM | MONORAIL | MODELO 2 | VARANDINS ESQ / DIR = 648X,50x50x3,Tubo quadrado
2753,,sem_padrao,1,1,ALSTOM | MONORAIL | MODELO 2 | VARANDINS ESQ / DIR = 648X,50x50x3,Tubo quadrado
2758,,sem_padrao,1,1,ALSTOM | MONORAIL | MODELO 2 | VARANDINS ESQ / DIR = 648X,50x50x3,Tubo quadrado
2759N001,2759,codigo_numerico_candidato_a_projeto,1,1,COLUNAS CIB5_V 4M FF DRT (4UN),140x3,Tubo redondo
2761N001,2761,codigo_numerico_candidato_a_projeto,4,4,BRAÇOS DE 3.5M/4.5M P/ COLUNAS POTENCE + HERSE FIXATION |4UN,88.9x3.25,Tubo redondo
2765V001,2765,codigo_numerico_candidato_a_projeto,1,1,---TRAVESSA 2.2M |6UN,UPN140x60,Perfil U
2767,,sem_padrao,1,1,ALSTOM | MONORAIL | MODELO 2 | VARANDINS ESQ / DIR = 648X,50x50x3,Tubo quadrado
2772,,sem_padrao,1,1,ALSTOM | MONORAIL | MODELO 2 | VARANDINS ESQ / DIR = 648X,50x50x3,Tubo quadrado
2777,,sem_padrao,1,1,ALSTOM | MONORAIL | MODELO 2 | VARANDINS ESQ / DIR = 648X,50x50x3,Tubo quadrado
2778V001,2778,codigo_numerico_candidato_a_projeto,2,2,GUARDA-CORPOS PS8 + PS9 - 76UN,10,Varão redondo
2778V003,2778,codigo_numerico_candidato_a_projeto,1,1,GUARDA-CORPOS PS8 + PS9 - 76UN,60.3x3.2,Tubo redondo
2778V006,2778,codigo_numerico_candidato_a_projeto,1,1,PERNOS ROSCADOS M20X200 - 1720UN,M20,Varão roscado
2778V020,2778,codigo_numerico_candidato_a_projeto,1,1,GUARDA-CORPOS PS8 + PS9 - 76UN,60.3x3.2,Tubo redondo
2778V022,2778,codigo_numerico_candidato_a_projeto,1,1,GUARDA-CORPOS PS8 + PS9 - 76UN,60.3x3.2,Tubo redondo
2778V024,2778,codigo_numerico_candidato_a_projeto,1,1,GUARDA-CORPOS PS8 + PS9 - 76UN,60.3x3.2,Tubo redondo
2778V026,2778,codigo_numerico_candidato_a_projeto,1,1,GUARDA-CORPOS PS8 + PS9 - 76UN,60.3x3.2,Tubo redondo
2778V028,2778,codigo_numerico_candidato_a_projeto,1,1,GUARDA-CORPOS PS8 + PS9 - 76UN,60.3x3.2,Tubo redondo
2778V030,2778,codigo_numerico_candidato_a_projeto,1,1,GUARDA-CORPOS PS8 + PS9 - 76UN,60.3x3.2,Tubo redondo
2778V032,2778,codigo_numerico_candidato_a_projeto,1,1,GUARDA-CORPOS PS8 + PS9 - 76UN,60.3x3.2,Tubo redondo
2778V034,2778,codigo_numerico_candidato_a_projeto,1,1,GUARDA-CORPOS PS8 + PS9 - 76UN,60.3x3.2,Tubo redondo
2778V036,2778,codigo_numerico_candidato_a_projeto,1,1,GUARDA-CORPOS PS8 + PS9 - 76UN,60.3x3.2,Tubo redondo
2778V050,2778,codigo_numerico_candidato_a_projeto,1,1,GUARDA-CORPOS ACERTO PS9 - 1UN,101.6x5,Tubo redondo
2778V051,2778,codigo_numerico_candidato_a_projeto,1,1,GUARDA-CORPOS ACERTO PS9 - 1UN,60.3x3.2,Tubo redondo
2782,,sem_padrao,1,1,ALSTOM | MONORAIL | MODELO 2 | VARANDINS ESQ / DIR = 648X,50x50x3,Tubo quadrado
2786,,sem_padrao,1,1,ALSTOM | MONORAIL | MODELO 2 | VARANDINS ESQ / DIR = 648X,50x50x3,Tubo quadrado
278V038,278,codigo_numerico_candidato_a_projeto,1,1,GUARDA-CORPOS PS8 + PS9 - 76UN,60.3x3.2,Tubo redondo
2791,,sem_padrao,1,1,ALSTOM | MONORAIL | MODELO 2 | VARANDINS ESQ / DIR = 648X,50x50x3,Tubo quadrado
2793V001,2793,codigo_numerico_candidato_a_projeto,1,1,TORRE TUBULAR 12M,88.9x3.2,Tubo redondo
2793V003,2793,codigo_numerico_candidato_a_projeto,1,1,ACESSÓRIOS TORRE TUBULAR 12M,88.9x3.2,Tubo redondo
2793V005,2793,codigo_numerico_candidato_a_projeto,1,1,ACESSÓRIOS TORRE TUBULAR 12M,76.1x3.2,Tubo redondo
2793V006,2793,codigo_numerico_candidato_a_projeto,1,1,ACESSÓRIOS TORRE TUBULAR 12M,76.1x3.2,Tubo redondo
2793V007,2793,codigo_numerico_candidato_a_projeto,1,1,ACESSÓRIOS TORRE TUBULAR 12M,114.3x5,Tubo redondo
2800,,sem_padrao,1,1,ALSTOM | MONORAIL | MODELO 2 | VARANDINS ESQ / DIR = 648X,50x50x3,Tubo quadrado
2805,,sem_padrao,1,1,ALSTOM | MONORAIL | MODELO 2 | VARANDINS ESQ / DIR = 648X,50x50x3,Tubo quadrado
2810,,sem_padrao,1,1,ALSTOM | MONORAIL | MODELO 2 | VARANDINS ESQ / DIR = 648X,50x50x3,Tubo quadrado
2810S001,2810,codigo_numerico_candidato_a_projeto,2,2,BRAÇOS SIMPLES LORMONT Ø30 1M 5º |2UN,33.7x2.65,Tubo redondo
2810S002,2810,codigo_numerico_candidato_a_projeto,4,4,BRAÇOS SIMPLES/DUPLOS LORMONT 1M 5º |7UN,60.3x2.9,Tubo redondo
2812O001,2812,codigo_numerico_candidato_a_projeto,1,1,BRAÇO LORMONT SIMPLES 1M 5º |1UN,60.3x2.9,Tubo redondo
2812O002,2812,codigo_numerico_candidato_a_projeto,1,1,BRAÇO LORMONT SIMPLES 1M 5º |1UN,60.3x2.9,Tubo redondo
2812O003,2812,codigo_numerico_candidato_a_projeto,1,1,BRAÇO LORMONT SIMPLES 1M 5º |1UN,60.3x2.9,Tubo redondo
2814,,sem_padrao,1,1,ALSTOM | MONORAIL | MODELO 2 | VARANDINS ESQ / DIR = 648X,50x50x3,Tubo quadrado
2819,,sem_padrao,1,1,ALSTOM | MONORAIL | MODELO 2 | VARANDINS ESQ / DIR = 648X,50x50x3,Tubo quadrado
2824,,sem_padrao,1,1,ALSTOM | MONORAIL | MODELO 2 | VARANDINS ESQ / DIR = 648X,50x50x3,Tubo quadrado
2829,,sem_padrao,1,1,ALSTOM | MONORAIL | MODELO 2 | VARANDINS ESQ / DIR = 648X,50x50x3,Tubo quadrado
2832V000,2832,codigo_numerico_candidato_a_projeto,1,1,--- TRAVESSAS 0.4M E 1.5M |6UN,UPN140x60,Perfil U
2833,,sem_padrao,1,1,ALSTOM | MONORAIL | MODELO 2 | VARANDINS ESQ / DIR = 648X,50x50x3,Tubo quadrado
2838,,sem_padrao,1,1,ALSTOM | MONORAIL | MODELO 2 | VARANDINS ESQ / DIR = 648X,50x50x3,Tubo quadrado
2843,,sem_padrao,2,1,ALSTOM | MONORAIL | MODELO 2 | VARANDINS ESQ / DIR = 648X,50x50x3,Tubo quadrado
2847,,sem_padrao,1,1,ALSTOM | MONORAIL | MODELO 2 | VARANDINS ESQ / DIR = 648X,50x50x3,Tubo quadrado
2852,,sem_padrao,1,1,ALSTOM | MONORAIL | MODELO 2 | VARANDINS ESQ / DIR = 648X,50x50x3,Tubo quadrado
2856V001,2856,codigo_numerico_candidato_a_projeto,1,1,TUBO DE 1.95M C/ 0.5M ENTERRAMENTO |2UN,139.7x3.75,Tubo redondo
2857,,sem_padrao,1,1,ALSTOM | MONORAIL | MODELO 2 | VARANDINS ESQ / DIR = 648X,50x50x3,Tubo quadrado
2858VTU1,2858,codigo_numerico_candidato_a_projeto,1,1,ACESSÓRIOS EXTRA TORRE PINHEIRO 30M - MOD. CA22O,76.3x3.2,Tubo redondo
2862,,sem_padrao,1,1,ALSTOM | MONORAIL | MODELO 2 | VARANDINS ESQ / DIR = 648X,50x50x3,Tubo quadrado
2866,,sem_padrao,1,1,ALSTOM | MONORAIL | MODELO 2 | VARANDINS ESQ / DIR = 648X,50x50x3,Tubo quadrado
2871,,sem_padrao,1,1,ALSTOM | MONORAIL | MODELO 2 | VARANDINS ESQ / DIR = 648X,50x50x3,Tubo quadrado
2876,,sem_padrao,1,1,ALSTOM | MONORAIL | MODELO 2 | VARANDINS ESQ / DIR = 648X,50x50x3,Tubo quadrado
2880,,sem_padrao,1,1,ALSTOM | MONORAIL | MODELO 2 | VARANDINS ESQ / DIR = 648X,50x50x3,Tubo quadrado
2885,,sem_padrao,1,1,ALSTOM | MONORAIL | MODELO 2 | VARANDINS ESQ / DIR = 648X,50x50x3,Tubo quadrado
2890,,sem_padrao,1,1,ALSTOM | MONORAIL | MODELO 2 | VARANDINS ESQ / DIR = 648X,50x50x3,Tubo quadrado
2895,,sem_padrao,1,1,ALSTOM | MONORAIL | MODELO 2 | VARANDINS ESQ / DIR = 648X,50x50x3,Tubo quadrado
2899,,sem_padrao,1,1,ALSTOM | MONORAIL | MODELO 2 | VARANDINS ESQ / DIR = 648X,50x50x3,Tubo quadrado
2904,,sem_padrao,1,1,ALSTOM | MONORAIL | MODELO 2 | VARANDINS ESQ / DIR = 648X,50x50x3,Tubo quadrado
2909,,sem_padrao,1,1,ALSTOM | MONORAIL | MODELO 2 | VARANDINS ESQ / DIR = 648X,50x50x3,Tubo quadrado
2918,,sem_padrao,1,1,ALSTOM | MONORAIL | MODELO 2 | VARANDINS ESQ / DIR = 648X,50x50x3,Tubo quadrado
292110001,,sem_padrao,1,1,STEELPRO - OV2602397 - FORN. MAT. PARA ACESSÓRIOS DE ELEVAÇÃO P/ ALBÂNIA,HEA140A,Perfil H
292110002,,sem_padrao,1,1,STEELPRO - OV2602397 - FORN. MAT. PARA ACESSÓRIOS DE ELEVAÇÃO P/ ALBÂNIA,HEA140A,Perfil H
2923,,sem_padrao,1,1,ALSTOM | MONORAIL | MODELO 2 | VARANDINS ESQ / DIR = 648X,50x50x3,Tubo quadrado
2928,,sem_padrao,1,1,ALSTOM | MONORAIL | MODELO 2 | VARANDINS ESQ / DIR = 648X,50x50x3,Tubo quadrado
2932,,sem_padrao,1,1,ALSTOM | MONORAIL | MODELO 2 | VARANDINS ESQ / DIR = 648X,50x50x3,Tubo quadrado
2936UP69,2936,codigo_numerico_candidato_a_projeto,1,1,ACESSÓRIOS P/ TORRE CA71Q 20M,48.3x3.2,Tubo redondo
2949T001,2949,codigo_numerico_candidato_a_projeto,1,1,"BRAÇOS R7660 1M 5º + BRAO SIMPLES ""VELA"" Ø76 1.2M 5º |12UN",76.1x3.25,Tubo redondo
2949T002,2949,codigo_numerico_candidato_a_projeto,2,2,"BRAÇOS R7660KC100S2 ""CTUB1"" |11UN",60.3x2.9,Tubo redondo
2951G001,2951,codigo_numerico_candidato_a_projeto,1,1,COLUNAS CGBB_V 4M FE DRT (6UN),70x3,Tubo redondo
2958O002,2958,codigo_numerico_candidato_a_projeto,2,2,COLUNAS CIB5_V 4M FF DRT C/ REDUÇÃO Ø60X60MM (1UN),89x3,Tubo redondo
2966V001,2966,codigo_numerico_candidato_a_projeto,1,1,BRAÇOS SIMPLES PBA 1M 15º |500UN,60.3x2.9,Tubo redondo
2970Q002,2970,codigo_numerico_candidato_a_projeto,4,4,ACESSÓRIOS TORRE PALMEIRA 15M - MOD. CA54N,88.9x3.2,Tubo redondo
2986V003,2986,codigo_numerico_candidato_a_projeto,1,1,CATENÁRIAS BICILINDRICAS (23UN),10,Varão redondo
2986V004,2986,codigo_numerico_candidato_a_projeto,1,1,CATENÁRIAS BICILINDRICAS (23UN),46x3,Tubo redondo
2993Q001,2993,codigo_numerico_candidato_a_projeto,3,3,CIRCET ESCADAS 1000UN. - 1.º FASE,20x2,Tubo redondo
2998U001,2998,codigo_numerico_candidato_a_projeto,1,1,SEMI-PORTICO (400X400) | 1UN,400x400x10,Tubo quadrado
2998U005,2998,codigo_numerico_candidato_a_projeto,1,1,SUPORTES DE PAINEL | 4UN,75x75x8,Cantoneira
2998U006,2998,codigo_numerico_candidato_a_projeto,1,1,SUPORTES DE PAINEL 12UN,IPN80,Perfil I
2998U007,2998,codigo_numerico_candidato_a_projeto,1,1,SUPORTES DE PAINEL 12UN,IPN80,Perfil I
2998U009,2998,codigo_numerico_candidato_a_projeto,1,1,SUPORTES DE PAINEL 12UN,IPN80,Perfil I
2998U010,2998,codigo_numerico_candidato_a_projeto,1,1,SEMI-PORTICO (400X400) | 1UN,400x400x10,Tubo quadrado
2998U011,2998,codigo_numerico_candidato_a_projeto,1,1,SUPORTES DE PAINEL | 4UN,IPN80,Perfil I
2998U012,2998,codigo_numerico_candidato_a_projeto,1,1,CONJUNTO DE CHUMBADOUROS 1UN | M30X1700,M30,Varão roscado
2C1,2,codigo_numerico_candidato_a_projeto,1,1,ALSTOM | MONORAIL | MODELO 2 | VARANDINS ESQ / DIR = 648X,30x8,Barra
2CH1,2,codigo_numerico_candidato_a_projeto,1,1,ALSTOM | MONORAIL | MODELO 2 | SUP. TIPO 4 | IPE330 (1178X) + HEA240 (65X) = 1243X,HEA240,Perfil H
2CH10,2,codigo_numerico_candidato_a_projeto,1,1,ALSTOM | MONORAIL | MODELO 2 | SUP. TIPO 4 | IPE330 (1178X) + HEA240 (65X) = 1243X,HEA240,Perfil H
2CH11,2,codigo_numerico_candidato_a_projeto,1,1,ALSTOM | MONORAIL | MODELO 2 | SUP. TIPO 4 | IPE330 (1178X) + HEA240 (65X) = 1243X,HEA240,Perfil H
2CH12,2,codigo_numerico_candidato_a_projeto,1,1,ALSTOM | MONORAIL | MODELO 2 | SUP. TIPO 4 | IPE330 (1178X) + HEA240 (65X) = 1243X,HEA240,Perfil H
2CH13,2,codigo_numerico_candidato_a_projeto,1,1,ALSTOM | MONORAIL | MODELO 2 | SUP. TIPO 4 | IPE330 (1178X) + HEA240 (65X) = 1243X,HEA240,Perfil H
2CH14,2,codigo_numerico_candidato_a_projeto,1,1,ALSTOM | MONORAIL | MODELO 2 | SUP. TIPO 4 | IPE330 (1178X) + HEA240 (65X) = 1243X,HEA240,Perfil H
2CH15,2,codigo_numerico_candidato_a_projeto,1,1,ALSTOM | MONORAIL | MODELO 2 | SUP. TIPO 4 | IPE330 (1178X) + HEA240 (65X) = 1243X,HEA240,Perfil H
2CH16,2,codigo_numerico_candidato_a_projeto,1,1,ALSTOM | MONORAIL | MODELO 2 | SUP. TIPO 4 | IPE330 (1178X) + HEA240 (65X) = 1243X,HEA240,Perfil H
2CH17,2,codigo_numerico_candidato_a_projeto,1,1,ALSTOM | MONORAIL | MODELO 2 | SUP. TIPO 4 | IPE330 (1178X) + HEA240 (65X) = 1243X,HEA240,Perfil H
2CH18,2,codigo_numerico_candidato_a_projeto,1,1,ALSTOM | MONORAIL | MODELO 2 | SUP. TIPO 4 | IPE330 (1178X) + HEA240 (65X) = 1243X,HEA240,Perfil H
2CH19,2,codigo_numerico_candidato_a_projeto,1,1,ALSTOM | MONORAIL | MODELO 2 | SUP. TIPO 4 | IPE330 (1178X) + HEA240 (65X) = 1243X,HEA240,Perfil H
2CH2,2,codigo_numerico_candidato_a_projeto,1,1,ALSTOM | MONORAIL | MODELO 2 | SUP. TIPO 4 | IPE330 (1178X) + HEA240 (65X) = 1243X,HEA240,Perfil H
2CH20,2,codigo_numerico_candidato_a_projeto,1,1,ALSTOM | MONORAIL | MODELO 2 | SUP. TIPO 4 | IPE330 (1178X) + HEA240 (65X) = 1243X,HEA240,Perfil H
2CH21,2,codigo_numerico_candidato_a_projeto,1,1,ALSTOM | MONORAIL | MODELO 2 | SUP. TIPO 4 | IPE330 (1178X) + HEA240 (65X) = 1243X,HEA240,Perfil H
2CH22,2,codigo_numerico_candidato_a_projeto,1,1,ALSTOM | MONORAIL | MODELO 2 | SUP. TIPO 4 | IPE330 (1178X) + HEA240 (65X) = 1243X,HEA240,Perfil H
2CH23,2,codigo_numerico_candidato_a_projeto,1,1,ALSTOM | MONORAIL | MODELO 2 | SUP. TIPO 4 | IPE330 (1178X) + HEA240 (65X) = 1243X,HEA240,Perfil H
2CH24,2,codigo_numerico_candidato_a_projeto,1,1,ALSTOM | MONORAIL | MODELO 2 | SUP. TIPO 4 | IPE330 (1178X) + HEA240 (65X) = 1243X,HEA240,Perfil H
2CH25,2,codigo_numerico_candidato_a_projeto,1,1,ALSTOM | MONORAIL | MODELO 2 | SUP. TIPO 4 | IPE330 (1178X) + HEA240 (65X) = 1243X,HEA240,Perfil H
2CH26,2,codigo_numerico_candidato_a_projeto,1,1,ALSTOM | MONORAIL | MODELO 2 | SUP. TIPO 4 | IPE330 (1178X) + HEA240 (65X) = 1243X,HEA240,Perfil H
2CH27,2,codigo_numerico_candidato_a_projeto,1,1,ALSTOM | MONORAIL | MODELO 2 | SUP. TIPO 4 | IPE330 (1178X) + HEA240 (65X) = 1243X,HEA240,Perfil H
2CH3,2,codigo_numerico_candidato_a_projeto,1,1,ALSTOM | MONORAIL | MODELO 2 | SUP. TIPO 4 | IPE330 (1178X) + HEA240 (65X) = 1243X,HEA240,Perfil H
2CH4,2,codigo_numerico_candidato_a_projeto,1,1,ALSTOM | MONORAIL | MODELO 2 | SUP. TIPO 4 | IPE330 (1178X) + HEA240 (65X) = 1243X,HEA240,Perfil H
2CH5,2,codigo_numerico_candidato_a_projeto,1,1,ALSTOM | MONORAIL | MODELO 2 | SUP. TIPO 4 | IPE330 (1178X) + HEA240 (65X) = 1243X,HEA240,Perfil H
2CH6,2,codigo_numerico_candidato_a_projeto,1,1,ALSTOM | MONORAIL | MODELO 2 | SUP. TIPO 4 | IPE330 (1178X) + HEA240 (65X) = 1243X,HEA240,Perfil H
2CH7,2,codigo_numerico_candidato_a_projeto,1,1,ALSTOM | MONORAIL | MODELO 2 | SUP. TIPO 4 | IPE330 (1178X) + HEA240 (65X) = 1243X,HEA240,Perfil H
2CI1,2,codigo_numerico_candidato_a_projeto,1,1,ALSTOM | MONORAIL | MODELO 2 | SUP. TIPO 4 | IPE330 (1178X) + HEA240 (65X) = 1243X,IPE330,Perfil I
2CI10,2,codigo_numerico_candidato_a_projeto,1,1,ALSTOM | MONORAIL | MODELO 2 | SUP. TIPO 4 | IPE330 (1178X) + HEA240 (65X) = 1243X,IPE330,Perfil I
2CI100,2,codigo_numerico_candidato_a_projeto,1,1,ALSTOM | MONORAIL | MODELO 2 | SUP. TIPO 4 | IPE330 (1178X) + HEA240 (65X) = 1243X,IPE330,Perfil I
2CI102,2,codigo_numerico_candidato_a_projeto,1,1,ALSTOM | MONORAIL | MODELO 2 | SUP. TIPO 4 | IPE330 (1178X) + HEA240 (65X) = 1243X,IPE330,Perfil I
2CI103,2,codigo_numerico_candidato_a_projeto,1,1,ALSTOM | MONORAIL | MODELO 2 | SUP. TIPO 4 | IPE330 (1178X) + HEA240 (65X) = 1243X,IPE330,Perfil I
2CI104,2,codigo_numerico_candidato_a_projeto,1,1,ALSTOM | MONORAIL | MODELO 2 | SUP. TIPO 4 | IPE330 (1178X) + HEA240 (65X) = 1243X,IPE330,Perfil I
2CI11,2,codigo_numerico_candidato_a_projeto,1,1,ALSTOM | MONORAIL | MODELO 2 | SUP. TIPO 4 | IPE330 (1178X) + HEA240 (65X) = 1243X,IPE330,Perfil I
2CI12,2,codigo_numerico_candidato_a_projeto,1,1,ALSTOM | MONORAIL | MODELO 2 | SUP. TIPO 4 | IPE330 (1178X) + HEA240 (65X) = 1243X,IPE330,Perfil I
2CI13,2,codigo_numerico_candidato_a_projeto,1,1,ALSTOM | MONORAIL | MODELO 2 | SUP. TIPO 4 | IPE330 (1178X) + HEA240 (65X) = 1243X,IPE330,Perfil I
2CI14,2,codigo_numerico_candidato_a_projeto,1,1,ALSTOM | MONORAIL | MODELO 2 | SUP. TIPO 4 | IPE330 (1178X) + HEA240 (65X) = 1243X,IPE330,Perfil I
2CI15,2,codigo_numerico_candidato_a_projeto,1,1,ALSTOM | MONORAIL | MODELO 2 | SUP. TIPO 4 | IPE330 (1178X) + HEA240 (65X) = 1243X,IPE330,Perfil I
2CI16,2,codigo_numerico_candidato_a_projeto,1,1,ALSTOM | MONORAIL | MODELO 2 | SUP. TIPO 4 | IPE330 (1178X) + HEA240 (65X) = 1243X,IPE330,Perfil I
2CI17,2,codigo_numerico_candidato_a_projeto,1,1,ALSTOM | MONORAIL | MODELO 2 | SUP. TIPO 4 | IPE330 (1178X) + HEA240 (65X) = 1243X,IPE330,Perfil I
2CI18,2,codigo_numerico_candidato_a_projeto,1,1,ALSTOM | MONORAIL | MODELO 2 | SUP. TIPO 4 | IPE330 (1178X) + HEA240 (65X) = 1243X,IPE330,Perfil I
2CI19,2,codigo_numerico_candidato_a_projeto,1,1,ALSTOM | MONORAIL | MODELO 2 | SUP. TIPO 4 | IPE330 (1178X) + HEA240 (65X) = 1243X,IPE330,Perfil I
2CI2,2,codigo_numerico_candidato_a_projeto,1,1,ALSTOM | MONORAIL | MODELO 2 | SUP. TIPO 4 | IPE330 (1178X) + HEA240 (65X) = 1243X,IPE330,Perfil I
2CI20,2,codigo_numerico_candidato_a_projeto,1,1,ALSTOM | MONORAIL | MODELO 2 | SUP. TIPO 4 | IPE330 (1178X) + HEA240 (65X) = 1243X,IPE330,Perfil I
2CI21,2,codigo_numerico_candidato_a_projeto,1,1,ALSTOM | MONORAIL | MODELO 2 | SUP. TIPO 4 | IPE330 (1178X) + HEA240 (65X) = 1243X,IPE330,Perfil I
2CI22,2,codigo_numerico_candidato_a_projeto,1,1,ALSTOM | MONORAIL | MODELO 2 | SUP. TIPO 4 | IPE330 (1178X) + HEA240 (65X) = 1243X,IPE330,Perfil I
2CI23,2,codigo_numerico_candidato_a_projeto,1,1,ALSTOM | MONORAIL | MODELO 2 | SUP. TIPO 4 | IPE330 (1178X) + HEA240 (65X) = 1243X,IPE330,Perfil I
2CI24,2,codigo_numerico_candidato_a_projeto,1,1,ALSTOM | MONORAIL | MODELO 2 | SUP. TIPO 4 | IPE330 (1178X) + HEA240 (65X) = 1243X,IPE330,Perfil I
2CI25,2,codigo_numerico_candidato_a_projeto,1,1,ALSTOM | MONORAIL | MODELO 2 | SUP. TIPO 4 | IPE330 (1178X) + HEA240 (65X) = 1243X,IPE330,Perfil I
2CI26,2,codigo_numerico_candidato_a_projeto,1,1,ALSTOM | MONORAIL | MODELO 2 | SUP. TIPO 4 | IPE330 (1178X) + HEA240 (65X) = 1243X,IPE330,Perfil I
2CI27,2,codigo_numerico_candidato_a_projeto,1,1,ALSTOM | MONORAIL | MODELO 2 | SUP. TIPO 4 | IPE330 (1178X) + HEA240 (65X) = 1243X,IPE330,Perfil I
2CI28,2,codigo_numerico_candidato_a_projeto,1,1,ALSTOM | MONORAIL | MODELO 2 | SUP. TIPO 4 | IPE330 (1178X) + HEA240 (65X) = 1243X,IPE330,Perfil I
2CI29,2,codigo_numerico_candidato_a_projeto,1,1,ALSTOM | MONORAIL | MODELO 2 | SUP. TIPO 4 | IPE330 (1178X) + HEA240 (65X) = 1243X,IPE330,Perfil I
2CI3,2,codigo_numerico_candidato_a_projeto,1,1,ALSTOM | MONORAIL | MODELO 2 | SUP. TIPO 4 | IPE330 (1178X) + HEA240 (65X) = 1243X,IPE330,Perfil I
2CI30,2,codigo_numerico_candidato_a_projeto,1,1,ALSTOM | MONORAIL | MODELO 2 | SUP. TIPO 4 | IPE330 (1178X) + HEA240 (65X) = 1243X,IPE330,Perfil I
2CI31,2,codigo_numerico_candidato_a_projeto,1,1,ALSTOM | MONORAIL | MODELO 2 | SUP. TIPO 4 | IPE330 (1178X) + HEA240 (65X) = 1243X,IPE330,Perfil I
2CI32,2,codigo_numerico_candidato_a_projeto,1,1,ALSTOM | MONORAIL | MODELO 2 | SUP. TIPO 4 | IPE330 (1178X) + HEA240 (65X) = 1243X,IPE330,Perfil I
2CI33,2,codigo_numerico_candidato_a_projeto,1,1,ALSTOM | MONORAIL | MODELO 2 | SUP. TIPO 4 | IPE330 (1178X) + HEA240 (65X) = 1243X,IPE330,Perfil I
2CI34,2,codigo_numerico_candidato_a_projeto,1,1,ALSTOM | MONORAIL | MODELO 2 | SUP. TIPO 4 | IPE330 (1178X) + HEA240 (65X) = 1243X,IPE330,Perfil I
2CI35,2,codigo_numerico_candidato_a_projeto,1,1,ALSTOM | MONORAIL | MODELO 2 | SUP. TIPO 4 | IPE330 (1178X) + HEA240 (65X) = 1243X,IPE330,Perfil I
2CI36,2,codigo_numerico_candidato_a_projeto,1,1,ALSTOM | MONORAIL | MODELO 2 | SUP. TIPO 4 | IPE330 (1178X) + HEA240 (65X) = 1243X,IPE330,Perfil I
2CI37,2,codigo_numerico_candidato_a_projeto,1,1,ALSTOM | MONORAIL | MODELO 2 | SUP. TIPO 4 | IPE330 (1178X) + HEA240 (65X) = 1243X,IPE330,Perfil I
2CI38,2,codigo_numerico_candidato_a_projeto,1,1,ALSTOM | MONORAIL | MODELO 2 | SUP. TIPO 4 | IPE330 (1178X) + HEA240 (65X) = 1243X,IPE330,Perfil I
2CI39,2,codigo_numerico_candidato_a_projeto,1,1,ALSTOM | MONORAIL | MODELO 2 | SUP. TIPO 4 | IPE330 (1178X) + HEA240 (65X) = 1243X,IPE330,Perfil I
2CI4,2,codigo_numerico_candidato_a_projeto,1,1,ALSTOM | MONORAIL | MODELO 2 | SUP. TIPO 4 | IPE330 (1178X) + HEA240 (65X) = 1243X,IPE330,Perfil I
2CI40,2,codigo_numerico_candidato_a_projeto,1,1,ALSTOM | MONORAIL | MODELO 2 | SUP. TIPO 4 | IPE330 (1178X) + HEA240 (65X) = 1243X,IPE330,Perfil I
2CI42,2,codigo_numerico_candidato_a_projeto,1,1,ALSTOM | MONORAIL | MODELO 2 | SUP. TIPO 4 | IPE330 (1178X) + HEA240 (65X) = 1243X,IPE330,Perfil I
2CI43,2,codigo_numerico_candidato_a_projeto,1,1,ALSTOM | MONORAIL | MODELO 2 | SUP. TIPO 4 | IPE330 (1178X) + HEA240 (65X) = 1243X,IPE330,Perfil I
2CI44,2,codigo_numerico_candidato_a_projeto,1,1,ALSTOM | MONORAIL | MODELO 2 | SUP. TIPO 4 | IPE330 (1178X) + HEA240 (65X) = 1243X,IPE330,Perfil I
2CI45,2,codigo_numerico_candidato_a_projeto,1,1,ALSTOM | MONORAIL | MODELO 2 | SUP. TIPO 4 | IPE330 (1178X) + HEA240 (65X) = 1243X,IPE330,Perfil I
2CI46,2,codigo_numerico_candidato_a_projeto,1,1,ALSTOM | MONORAIL | MODELO 2 | SUP. TIPO 4 | IPE330 (1178X) + HEA240 (65X) = 1243X,IPE330,Perfil I
2CI47,2,codigo_numerico_candidato_a_projeto,1,1,ALSTOM | MONORAIL | MODELO 2 | SUP. TIPO 4 | IPE330 (1178X) + HEA240 (65X) = 1243X,IPE330,Perfil I
2CI49,2,codigo_numerico_candidato_a_projeto,1,1,ALSTOM | MONORAIL | MODELO 2 | SUP. TIPO 4 | IPE330 (1178X) + HEA240 (65X) = 1243X,IPE330,Perfil I
2CI5,2,codigo_numerico_candidato_a_projeto,1,1,ALSTOM | MONORAIL | MODELO 2 | SUP. TIPO 4 | IPE330 (1178X) + HEA240 (65X) = 1243X,IPE330,Perfil I
2CI51,2,codigo_numerico_candidato_a_projeto,1,1,ALSTOM | MONORAIL | MODELO 2 | SUP. TIPO 4 | IPE330 (1178X) + HEA240 (65X) = 1243X,IPE330,Perfil I
2CI52,2,codigo_numerico_candidato_a_projeto,1,1,ALSTOM | MONORAIL | MODELO 2 | SUP. TIPO 4 | IPE330 (1178X) + HEA240 (65X) = 1243X,IPE330,Perfil I
2CI53,2,codigo_numerico_candidato_a_projeto,1,1,ALSTOM | MONORAIL | MODELO 2 | SUP. TIPO 4 | IPE330 (1178X) + HEA240 (65X) = 1243X,IPE330,Perfil I
2CI54,2,codigo_numerico_candidato_a_projeto,1,1,ALSTOM | MONORAIL | MODELO 2 | SUP. TIPO 4 | IPE330 (1178X) + HEA240 (65X) = 1243X,IPE330,Perfil I
2CI55,2,codigo_numerico_candidato_a_projeto,1,1,ALSTOM | MONORAIL | MODELO 2 | SUP. TIPO 4 | IPE330 (1178X) + HEA240 (65X) = 1243X,IPE330,Perfil I
2CI56,2,codigo_numerico_candidato_a_projeto,1,1,ALSTOM | MONORAIL | MODELO 2 | SUP. TIPO 4 | IPE330 (1178X) + HEA240 (65X) = 1243X,IPE330,Perfil I
2CI57,2,codigo_numerico_candidato_a_projeto,1,1,ALSTOM | MONORAIL | MODELO 2 | SUP. TIPO 4 | IPE330 (1178X) + HEA240 (65X) = 1243X,IPE330,Perfil I
2CI58,2,codigo_numerico_candidato_a_projeto,1,1,ALSTOM | MONORAIL | MODELO 2 | SUP. TIPO 4 | IPE330 (1178X) + HEA240 (65X) = 1243X,IPE330,Perfil I
2CI59,2,codigo_numerico_candidato_a_projeto,1,1,ALSTOM | MONORAIL | MODELO 2 | SUP. TIPO 4 | IPE330 (1178X) + HEA240 (65X) = 1243X,IPE330,Perfil I
2CI6,2,codigo_numerico_candidato_a_projeto,1,1,ALSTOM | MONORAIL | MODELO 2 | SUP. TIPO 4 | IPE330 (1178X) + HEA240 (65X) = 1243X,IPE330,Perfil I
2CI60,2,codigo_numerico_candidato_a_projeto,1,1,ALSTOM | MONORAIL | MODELO 2 | SUP. TIPO 4 | IPE330 (1178X) + HEA240 (65X) = 1243X,IPE330,Perfil I
2CI61,2,codigo_numerico_candidato_a_projeto,1,1,ALSTOM | MONORAIL | MODELO 2 | SUP. TIPO 4 | IPE330 (1178X) + HEA240 (65X) = 1243X,IPE330,Perfil I
2CI62,2,codigo_numerico_candidato_a_projeto,1,1,ALSTOM | MONORAIL | MODELO 2 | SUP. TIPO 4 | IPE330 (1178X) + HEA240 (65X) = 1243X,IPE330,Perfil I
2CI63,2,codigo_numerico_candidato_a_projeto,1,1,ALSTOM | MONORAIL | MODELO 2 | SUP. TIPO 4 | IPE330 (1178X) + HEA240 (65X) = 1243X,IPE330,Perfil I
2CI64,2,codigo_numerico_candidato_a_projeto,1,1,ALSTOM | MONORAIL | MODELO 2 | SUP. TIPO 4 | IPE330 (1178X) + HEA240 (65X) = 1243X,IPE330,Perfil I
2CI65,2,codigo_numerico_candidato_a_projeto,1,1,ALSTOM | MONORAIL | MODELO 2 | SUP. TIPO 4 | IPE330 (1178X) + HEA240 (65X) = 1243X,IPE330,Perfil I
2CI66,2,codigo_numerico_candidato_a_projeto,1,1,ALSTOM | MONORAIL | MODELO 2 | SUP. TIPO 4 | IPE330 (1178X) + HEA240 (65X) = 1243X,IPE330,Perfil I
2CI67,2,codigo_numerico_candidato_a_projeto,1,1,ALSTOM | MONORAIL | MODELO 2 | SUP. TIPO 4 | IPE330 (1178X) + HEA240 (65X) = 1243X,IPE330,Perfil I
2CI68,2,codigo_numerico_candidato_a_projeto,1,1,ALSTOM | MONORAIL | MODELO 2 | SUP. TIPO 4 | IPE330 (1178X) + HEA240 (65X) = 1243X,IPE330,Perfil I
2CI69,2,codigo_numerico_candidato_a_projeto,1,1,ALSTOM | MONORAIL | MODELO 2 | SUP. TIPO 4 | IPE330 (1178X) + HEA240 (65X) = 1243X,IPE330,Perfil I
2CI7,2,codigo_numerico_candidato_a_projeto,1,1,ALSTOM | MONORAIL | MODELO 2 | SUP. TIPO 4 | IPE330 (1178X) + HEA240 (65X) = 1243X,IPE330,Perfil I
2CI70,2,codigo_numerico_candidato_a_projeto,1,1,ALSTOM | MONORAIL | MODELO 2 | SUP. TIPO 4 | IPE330 (1178X) + HEA240 (65X) = 1243X,IPE330,Perfil I
2CI71,2,codigo_numerico_candidato_a_projeto,1,1,ALSTOM | MONORAIL | MODELO 2 | SUP. TIPO 4 | IPE330 (1178X) + HEA240 (65X) = 1243X,IPE330,Perfil I
2CI72,2,codigo_numerico_candidato_a_projeto,1,1,ALSTOM | MONORAIL | MODELO 2 | SUP. TIPO 4 | IPE330 (1178X) + HEA240 (65X) = 1243X,IPE330,Perfil I
2CI73,2,codigo_numerico_candidato_a_projeto,1,1,ALSTOM | MONORAIL | MODELO 2 | SUP. TIPO 4 | IPE330 (1178X) + HEA240 (65X) = 1243X,IPE330,Perfil I
2CI74,2,codigo_numerico_candidato_a_projeto,1,1,ALSTOM | MONORAIL | MODELO 2 | SUP. TIPO 4 | IPE330 (1178X) + HEA240 (65X) = 1243X,IPE330,Perfil I
2CI75,2,codigo_numerico_candidato_a_projeto,1,1,ALSTOM | MONORAIL | MODELO 2 | SUP. TIPO 4 | IPE330 (1178X) + HEA240 (65X) = 1243X,IPE330,Perfil I
2CI76,2,codigo_numerico_candidato_a_projeto,1,1,ALSTOM | MONORAIL | MODELO 2 | SUP. TIPO 4 | IPE330 (1178X) + HEA240 (65X) = 1243X,IPE330,Perfil I
2CI77,2,codigo_numerico_candidato_a_projeto,1,1,ALSTOM | MONORAIL | MODELO 2 | SUP. TIPO 4 | IPE330 (1178X) + HEA240 (65X) = 1243X,IPE330,Perfil I
2CI78,2,codigo_numerico_candidato_a_projeto,1,1,ALSTOM | MONORAIL | MODELO 2 | SUP. TIPO 4 | IPE330 (1178X) + HEA240 (65X) = 1243X,IPE330,Perfil I
2CI79,2,codigo_numerico_candidato_a_projeto,1,1,ALSTOM | MONORAIL | MODELO 2 | SUP. TIPO 4 | IPE330 (1178X) + HEA240 (65X) = 1243X,IPE330,Perfil I
2CI8,2,codigo_numerico_candidato_a_projeto,1,1,ALSTOM | MONORAIL | MODELO 2 | SUP. TIPO 4 | IPE330 (1178X) + HEA240 (65X) = 1243X,IPE330,Perfil I
2CI80,2,codigo_numerico_candidato_a_projeto,1,1,ALSTOM | MONORAIL | MODELO 2 | SUP. TIPO 4 | IPE330 (1178X) + HEA240 (65X) = 1243X,IPE330,Perfil I
2CI81,2,codigo_numerico_candidato_a_projeto,1,1,ALSTOM | MONORAIL | MODELO 2 | SUP. TIPO 4 | IPE330 (1178X) + HEA240 (65X) = 1243X,IPE330,Perfil I
2CI82,2,codigo_numerico_candidato_a_projeto,1,1,ALSTOM | MONORAIL | MODELO 2 | SUP. TIPO 4 | IPE330 (1178X) + HEA240 (65X) = 1243X,IPE330,Perfil I
2CI83,2,codigo_numerico_candidato_a_projeto,1,1,ALSTOM | MONORAIL | MODELO 2 | SUP. TIPO 4 | IPE330 (1178X) + HEA240 (65X) = 1243X,IPE330,Perfil I
2CI84,2,codigo_numerico_candidato_a_projeto,1,1,ALSTOM | MONORAIL | MODELO 2 | SUP. TIPO 4 | IPE330 (1178X) + HEA240 (65X) = 1243X,IPE330,Perfil I
2CI85,2,codigo_numerico_candidato_a_projeto,1,1,ALSTOM | MONORAIL | MODELO 2 | SUP. TIPO 4 | IPE330 (1178X) + HEA240 (65X) = 1243X,IPE330,Perfil I
2CI86,2,codigo_numerico_candidato_a_projeto,1,1,ALSTOM | MONORAIL | MODELO 2 | SUP. TIPO 4 | IPE330 (1178X) + HEA240 (65X) = 1243X,IPE330,Perfil I
2CI87,2,codigo_numerico_candidato_a_projeto,1,1,ALSTOM | MONORAIL | MODELO 2 | SUP. TIPO 4 | IPE330 (1178X) + HEA240 (65X) = 1243X,IPE330,Perfil I
2CI88,2,codigo_numerico_candidato_a_projeto,1,1,ALSTOM | MONORAIL | MODELO 2 | SUP. TIPO 4 | IPE330 (1178X) + HEA240 (65X) = 1243X,IPE330,Perfil I
2CI89,2,codigo_numerico_candidato_a_projeto,1,1,ALSTOM | MONORAIL | MODELO 2 | SUP. TIPO 4 | IPE330 (1178X) + HEA240 (65X) = 1243X,IPE330,Perfil I
2CI9,2,codigo_numerico_candidato_a_projeto,1,1,ALSTOM | MONORAIL | MODELO 2 | SUP. TIPO 4 | IPE330 (1178X) + HEA240 (65X) = 1243X,IPE330,Perfil I
2CI90,2,codigo_numerico_candidato_a_projeto,1,1,ALSTOM | MONORAIL | MODELO 2 | SUP. TIPO 4 | IPE330 (1178X) + HEA240 (65X) = 1243X,IPE330,Perfil I
2CI91,2,codigo_numerico_candidato_a_projeto,1,1,ALSTOM | MONORAIL | MODELO 2 | SUP. TIPO 4 | IPE330 (1178X) + HEA240 (65X) = 1243X,IPE330,Perfil I
2CI92,2,codigo_numerico_candidato_a_projeto,1,1,ALSTOM | MONORAIL | MODELO 2 | SUP. TIPO 4 | IPE330 (1178X) + HEA240 (65X) = 1243X,IPE330,Perfil I
2CI93,2,codigo_numerico_candidato_a_projeto,1,1,ALSTOM | MONORAIL | MODELO 2 | SUP. TIPO 4 | IPE330 (1178X) + HEA240 (65X) = 1243X,IPE330,Perfil I
2CI94,2,codigo_numerico_candidato_a_projeto,1,1,ALSTOM | MONORAIL | MODELO 2 | SUP. TIPO 4 | IPE330 (1178X) + HEA240 (65X) = 1243X,IPE330,Perfil I
2CI95,2,codigo_numerico_candidato_a_projeto,1,1,ALSTOM | MONORAIL | MODELO 2 | SUP. TIPO 4 | IPE330 (1178X) + HEA240 (65X) = 1243X,IPE330,Perfil I
2CI96,2,codigo_numerico_candidato_a_projeto,1,1,ALSTOM | MONORAIL | MODELO 2 | SUP. TIPO 4 | IPE330 (1178X) + HEA240 (65X) = 1243X,IPE330,Perfil I
2CI97,2,codigo_numerico_candidato_a_projeto,1,1,ALSTOM | MONORAIL | MODELO 2 | SUP. TIPO 4 | IPE330 (1178X) + HEA240 (65X) = 1243X,IPE330,Perfil I
2CI98,2,codigo_numerico_candidato_a_projeto,1,1,ALSTOM | MONORAIL | MODELO 2 | SUP. TIPO 4 | IPE330 (1178X) + HEA240 (65X) = 1243X,IPE330,Perfil I
2CI99,2,codigo_numerico_candidato_a_projeto,1,1,ALSTOM | MONORAIL | MODELO 2 | SUP. TIPO 4 | IPE330 (1178X) + HEA240 (65X) = 1243X,IPE330,Perfil I
2PR-01,,sem_padrao,1,1,ALSTOM | LE HAVRE - BATCH#2 = 55X,HEB240B,Perfil H
2PR-02,,sem_padrao,1,1,ALSTOM | LE HAVRE - BATCH#2 = 55X,HEB280B,Perfil H
2PR-03,,sem_padrao,1,1,ALSTOM | LE HAVRE - BATCH#2 = 55X,HEB200B,Perfil H
2PR-04,,sem_padrao,1,1,ALSTOM | LE HAVRE - BATCH#2 = 55X,HEB220B,Perfil H
2PR-05,,sem_padrao,1,1,ALSTOM | LE HAVRE - BATCH#2 = 55X,HEB320B,Perfil H
2PR-06,,sem_padrao,1,1,ALSTOM | LE HAVRE - BATCH#2 = 55X,HEB240B,Perfil H
2PR-07,,sem_padrao,1,1,ALSTOM | LE HAVRE - BATCH#2 = 55X,HEB220B,Perfil H
2PR-08,,sem_padrao,1,1,ALSTOM | LE HAVRE - BATCH#2 = 55X,HEB320B,Perfil H
2PR-09,,sem_padrao,1,1,ALSTOM | LE HAVRE - BATCH#2 = 55X,HEB200B,Perfil H
2PR-10,,sem_padrao,1,1,ALSTOM | LE HAVRE - BATCH#2 = 55X,HEM280M,Perfil H
2PR-11,,sem_padrao,1,1,ALSTOM | LE HAVRE - BATCH#2 = 55X,HEB320B,Perfil H
2PR-12,,sem_padrao,1,1,ALSTOM | LE HAVRE - BATCH#2 = 55X,HEM280M,Perfil H
2PR-13,,sem_padrao,1,1,ALSTOM | LE HAVRE - BATCH#2 = 55X,HEB220B,Perfil H
2PR-14,,sem_padrao,1,1,ALSTOM | LE HAVRE - BATCH#2 = 55X,HEB260B,Perfil H
2PR-15,,sem_padrao,1,1,ALSTOM | LE HAVRE - BATCH#2 = 55X,HEB200B,Perfil H
2PR-16,,sem_padrao,1,1,ALSTOM | LE HAVRE - BATCH#2 = 55X,HEB220B,Perfil H
2PR-17,,sem_padrao,1,1,ALSTOM | LE HAVRE - BATCH#2 = 55X,HEB220B,Perfil H
2PR-18,,sem_padrao,1,1,ALSTOM | LE HAVRE - BATCH#2 = 55X,HEB240B,Perfil H
2PR-19,,sem_padrao,1,1,ALSTOM | LE HAVRE - BATCH#2 = 55X,HEB240B,Perfil H
2PR-20,,sem_padrao,1,1,ALSTOM | LE HAVRE - BATCH#2 = 55X,HEB240B,Perfil H
2PR-21,,sem_padrao,1,1,ALSTOM | LE HAVRE - BATCH#2 = 55X,HEB280B,Perfil H
2PR-22,,sem_padrao,1,1,ALSTOM | LE HAVRE - BATCH#2 = 55X,HEB320B,Perfil H
2PR-23,,sem_padrao,1,1,ALSTOM | LE HAVRE - BATCH#2 = 55X,HEB320B,Perfil H
2PR-24,,sem_padrao,1,1,ALSTOM | LE HAVRE - BATCH#2 = 55X,HEB320B,Perfil H
2PR-25,,sem_padrao,1,1,ALSTOM | LE HAVRE - BATCH#2 = 55X,HEM280M,Perfil H
2PR-26,,sem_padrao,1,1,ALSTOM | LE HAVRE - BATCH#2 = 55X,HEB220B,Perfil H
2PR-27,,sem_padrao,1,1,ALSTOM | LE HAVRE - BATCH#2 = 55X,HEB280B,Perfil H
2PR-28,,sem_padrao,1,1,ALSTOM | LE HAVRE - BATCH#2 = 55X,HEB280B,Perfil H
2PR-29,,sem_padrao,1,1,ALSTOM | LE HAVRE - BATCH#2 = 55X,HEB320B,Perfil H
2PR-30,,sem_padrao,1,1,ALSTOM | LE HAVRE - BATCH#2 = 55X,HEB320B,Perfil H
2PR-31,,sem_padrao,1,1,ALSTOM | LE HAVRE - BATCH#2 = 55X,HEM280M,Perfil H
3021T001,3021,codigo_numerico_candidato_a_projeto,1,1,LIGHTPOLE 25M - 2 LAYERS - (1UN),42.4x2.6,Tubo redondo
3054T002,3054,codigo_numerico_candidato_a_projeto,2,2,BRAÇOS SIMPLES Ø60 PARIS 1M 5º + BRAÇO MURAL PARIS 1M 5º |5UN,60x3,Tubo redondo
3059V001,3059,codigo_numerico_candidato_a_projeto,1,1,COLUNAS CBC8_V 6M FE DRT (4UN),48x2.9,Tubo redondo
3059V002,3059,codigo_numerico_candidato_a_projeto,1,1,COLUNAS CBC8_V 6M FE DRT (4UN),40x40x3,Tubo quadrado
3059V003,3059,codigo_numerico_candidato_a_projeto,1,1,COLUNAS CBC8_V 6M FE DRT (4UN),48x2.9,Tubo redondo
3077V002,3077,codigo_numerico_candidato_a_projeto,1,1,SUPORTES DE PAINEL | 21UN,IPN100,Perfil I
3077V003,3077,codigo_numerico_candidato_a_projeto,1,1,SUPORTES DE PAINEL | 21UN,IPN100,Perfil I
3077V004,3077,codigo_numerico_candidato_a_projeto,1,1,SUPORTES DE PAINEL | 21UN,IPN100,Perfil I
3077V005,3077,codigo_numerico_candidato_a_projeto,1,1,SUPORTES DE PAINEL | 21UN,IPN100,Perfil I
3125P004,3125,codigo_numerico_candidato_a_projeto,4,4,ACESSÓRIOS PÓRTICO 16.997M,40x40x3,Tubo quadrado
3125P012,3125,codigo_numerico_candidato_a_projeto,3,3,ACESSÓRIOS PÓRTICO 16.997M,40x40x3,Tubo quadrado
3125P015,3125,codigo_numerico_candidato_a_projeto,3,3,ACESSÓRIOS PÓRTICO 16.997M,40x40x3,Tubo quadrado
3125P032,3125,codigo_numerico_candidato_a_projeto,4,4,ACESSÓRIOS PÓRTICO 16.997M,20,Varão redondo
3125P033,3125,codigo_numerico_candidato_a_projeto,4,4,ACESSÓRIOS PÓRTICO 16.997M,40x40x3,Tubo quadrado
3125P034,3125,codigo_numerico_candidato_a_projeto,4,4,ACESSÓRIOS PÓRTICO 16.997M,40x40x3,Tubo quadrado
3125P035,3125,codigo_numerico_candidato_a_projeto,4,4,ACESSÓRIOS PÓRTICO 16.997M,40x40x3,Tubo quadrado
3158V030,3158,codigo_numerico_candidato_a_projeto,1,1,ACESSÓRIOS TORRE TUBULAR 30M - (1UN),UPN80x45,Perfil U
3158V031,3158,codigo_numerico_candidato_a_projeto,1,1,ACESSÓRIOS TORRE TUBULAR 30M - (1UN),UPN80x45,Perfil U
3159V001,3159,codigo_numerico_candidato_a_projeto,1,1,SUPORTES DE PAÍNEL (64UN) | ABRAÇADEIRAS (109UN),IPN120,Perfil I
3159V003,3159,codigo_numerico_candidato_a_projeto,1,1,SUPORTES DE PAÍNEL (64UN) | ABRAÇADEIRAS (109UN),IPN120,Perfil I
3159V005,3159,codigo_numerico_candidato_a_projeto,1,1,SUPORTES DE PAÍNEL (64UN) | ABRAÇADEIRAS (109UN),IPN120,Perfil I
3159V006,3159,codigo_numerico_candidato_a_projeto,1,1,SUPORTES DE PAÍNEL (64UN) | ABRAÇADEIRAS (109UN),IPN120,Perfil I
3159V007,3159,codigo_numerico_candidato_a_projeto,1,1,SUPORTES DE PAÍNEL (64UN) | ABRAÇADEIRAS (109UN),IPN120,Perfil I
3159V008,3159,codigo_numerico_candidato_a_projeto,1,1,SUPORTES DE PAÍNEL (64UN) | ABRAÇADEIRAS (109UN),IPN120,Perfil I
3159V009,3159,codigo_numerico_candidato_a_projeto,1,1,SUPORTES DE PAÍNEL (64UN) | ABRAÇADEIRAS (109UN),IPN120,Perfil I
3159V010,3159,codigo_numerico_candidato_a_projeto,1,1,SUPORTES DE PAÍNEL (64UN) | ABRAÇADEIRAS (109UN),IPN120,Perfil I
3159V011,3159,codigo_numerico_candidato_a_projeto,1,1,SUPORTES DE PAÍNEL (64UN) | ABRAÇADEIRAS (109UN),IPN120,Perfil I
3159V012,3159,codigo_numerico_candidato_a_projeto,1,1,SUPORTES DE PAÍNEL (64UN) | ABRAÇADEIRAS (109UN),IPN120,Perfil I
3159V013,3159,codigo_numerico_candidato_a_projeto,1,1,SUPORTES DE PAÍNEL (64UN) | ABRAÇADEIRAS (109UN),IPN120,Perfil I
3161V005,3161,codigo_numerico_candidato_a_projeto,1,1,COLUNAS BASCULANTES | TROÇOS - 2UN,10,Varão redondo
3161V007,3161,codigo_numerico_candidato_a_projeto,1,1,COLUNAS BASCULANTES | FUNDAÇÃO + ACESSÓRIOS - 2UN,M24,Varão roscado
3165V001,3165,codigo_numerico_candidato_a_projeto,1,1,SUPORTES DE PAINEL : 4UN,IPN100,Perfil I
3174N001,3174,codigo_numerico_candidato_a_projeto,1,1,COLUNAS CBO5_V 16M FE DRT (5UN),108x4,Tubo redondo
3197S005,3197,codigo_numerico_candidato_a_projeto,2,2,BRAÇOS SIMPLES/MURAL LORMONT 1M/1.5M 5º |11UN,60.3x2.9,Tubo redondo
3197S020,3197,codigo_numerico_candidato_a_projeto,1,1,"BRAÇOS ""MOD LORMONT"" SIMPLES/DUPLOS 1M 5º INC | 24UN",60.3x2.9,Tubo redondo
3197S021,3197,codigo_numerico_candidato_a_projeto,1,1,BRAÇOS SIMPLES/MURAL LORMONT 1M/1.5M 5º |11UN,60.3x2.9,Tubo redondo
32685P,,sem_padrao,1,1,GUARDA CORPOS PEÕES,60.3x2.9,Tubo redondo
32685P14,32685,codigo_numerico_candidato_a_projeto,1,1,GUARDA CORPOS PEÕES,60.3x2.9,Tubo redondo
32685P17,32685,codigo_numerico_candidato_a_projeto,1,1,GUARDA CORPOS PEÕES,60.3x2.9,Tubo redondo
32685P22,32685,codigo_numerico_candidato_a_projeto,1,1,GUARDA CORPOS PEÕES,60.3x2.9,Tubo redondo
3268UP1,3268,codigo_numerico_candidato_a_projeto,1,1,GUARDA CORPOS PEÕES,60.3x2.9,Tubo redondo
3298V001,3298,codigo_numerico_candidato_a_projeto,2,1,COLUNAS STEPPED POLES N4002394 + N4002407 + N4001812 (140UN),76x3,Tubo redondo
3304V001,3304,codigo_numerico_candidato_a_projeto,1,1,COLUNAS STEPPED POLES 36050174 - 10457665 (30UN),168x4.5,Tubo redondo
3319I001,3319,codigo_numerico_candidato_a_projeto,2,2,--- CTS1 4/6M - TROÇOS + LISTAS (10UN),100x4,Tubo redondo
3326V002,3326,codigo_numerico_candidato_a_projeto,1,1,SUPORTES DE PAINEL | 6UN,IPN100,Perfil I
3337V001,3337,codigo_numerico_candidato_a_projeto,1,1,TUBO Ø60X3.6MM 5M |3UN,60x3.6,Tubo redondo
3338V000,3338,codigo_numerico_candidato_a_projeto,1,1,--- TRAVESSA 2.75M | 4UN,UPN140x60,Perfil U
3344V001,3344,codigo_numerico_candidato_a_projeto,2,2,COLUNAS CGC3_V 6M FF C/ STEEL SLEEVE 10457887 (12UN),177.8x6,Tubo redondo
3349V000,3349,codigo_numerico_candidato_a_projeto,2,2,--- CRSA_V - 18M - TRAV. TOPO 1M + TRAV. ESTRIBOS 1M + LISTAS | 4UN,UPN140x60,Perfil U
3356V001,3356,codigo_numerico_candidato_a_projeto,1,1,--- CONJUNTO DE ACESSÓRIOS,80x80x5,Tubo quadrado
3356V002,3356,codigo_numerico_candidato_a_projeto,1,1,--- COLUNAS ESTÁDIO 24M / 26M (4UN),80x80x5,Tubo quadrado
3356V003,3356,codigo_numerico_candidato_a_projeto,1,1,---  TRAVESSA 2M RECINTO | 2UN,UPN140x60,Perfil U
3356V005,3356,codigo_numerico_candidato_a_projeto,1,1,--- COLUNAS ESTÁDIO 24M / 26M (4UN),100x100x8,Tubo quadrado
3356V006,3356,codigo_numerico_candidato_a_projeto,1,1,--- COLUNAS ESTÁDIO 24M / 26M (4UN),UPN65x42,Perfil U
3356V007,3356,codigo_numerico_candidato_a_projeto,1,1,--- COLUNAS ESTÁDIO 24M / 26M (4UN),UPN65x42,Perfil U
3366V000,3366,codigo_numerico_candidato_a_projeto,1,1,--- TRAVESSA DE 2M |3UN,UPN140x60,Perfil U
3378V001,3378,codigo_numerico_candidato_a_projeto,1,1,COLUNAS ESPECIAIS CILINDRICAS E BI-CILINDRICAS 7.7M/6.5M (29UN),159x6.3,Tubo redondo
3378V002,3378,codigo_numerico_candidato_a_projeto,1,1,COLUNAS ESPECIAIS CILINDRICAS E BI-CILINDRICAS 7.7M/6.5M (29UN),25,Varão redondo
3378V003,3378,codigo_numerico_candidato_a_projeto,1,1,COLUNAS ESPECIAIS CILINDRICAS E BI-CILINDRICAS 7.7M/6.5M (29UN),10,Varão redondo
3378V004,3378,codigo_numerico_candidato_a_projeto,2,1,COLUNAS ESPECIAIS CILINDRICAS E BI-CILINDRICAS 7.7M/6.5M (29UN),114x3.6,Tubo redondo
3424V001,3424,codigo_numerico_candidato_a_projeto,1,1,COLUNAS CILINDRICAS 1.7 FE DRT (5UN),133x4,Tubo redondo
3454002,,sem_padrao,1,1,ACESSORIOS TORRE TUBULAR 12M (1X) E 20M (2X),76.1x3,Tubo redondo
3491N006,3491,codigo_numerico_candidato_a_projeto,1,1,COLUNA CIT3_V TRICILINDRICA 10M FF DRT (1UN),114.3x3,Tubo redondo
3517O001,3517,codigo_numerico_candidato_a_projeto,2,2,BRAÇOS CEC1 SIMPLES 1.25M 0º |20UN,60x2.9,Tubo redondo
3548U046,3548,codigo_numerico_candidato_a_projeto,1,1,PROTÓTIPO | 1 UN,40x40,Varão quadrado
3564V003,3564,codigo_numerico_candidato_a_projeto,1,1,"BRAÇO SIMPLES ""MOD PRAIA"" 1.2M 0ºINC | 1UN",16,Varão redondo
3565S001,3565,codigo_numerico_candidato_a_projeto,3,3,"BRAÇOS SIMPLES ""FULLA"" 1M 5º |1UN",60.3x2.9,Tubo redondo
3565S002,3565,codigo_numerico_candidato_a_projeto,3,3,"BRAÇOS SIMPLES ""FULLA"" 1M 5º |1UN",16,Varão redondo
3567V001,3567,codigo_numerico_candidato_a_projeto,4,2,COLUNAS STEPEED POLES N4006387 + N4006392 + N4012212 (120UN),76x3.2,Tubo redondo
3567V002,3567,codigo_numerico_candidato_a_projeto,4,2,COLUNAS STEPEED POLES N4006387 + N4006392 + N4012212 (120UN),88.9x3.2,Tubo redondo
3567V003,3567,codigo_numerico_candidato_a_projeto,8,2,COLUNAS STEPEED POLES N4006387 + N4006392 + N4012212 (120UN),60.3x2.9,Tubo redondo
3568U002,3568,codigo_numerico_candidato_a_projeto,2,2,"--- CAS5_V 20M - CABEÇA + TAMPA C/PONT. FRAN. + COROA 2,1M + SUP. PROJ. + SUP. BAL. | 6UN",48.3x2.9,Tubo redondo
3573V001,3573,codigo_numerico_candidato_a_projeto,4,2,COLUNAS STEEP POLES N1008444 (3UN),88.9x6.3,Tubo redondo
3581U004,3581,codigo_numerico_candidato_a_projeto,1,1,ACESSÓRIOS MONOPOLE 20M,UPN65x42,Perfil U
3614TJ01,3614,codigo_numerico_candidato_a_projeto,1,1,COLUNAS CIL7_V 4M FF DRT C/ REDUÇÃO Ø76X100(4UN),101.6x3,Tubo redondo
3677V002,3677,codigo_numerico_candidato_a_projeto,2,2,CÉRCEAS E CHUMBADOUROS MONOPOLE 20M - 1UN,M36,Varão roscado
3684P001,3684,codigo_numerico_candidato_a_projeto,2,2,BRAÇO SIMPLES CAO3 0.75M 0ºINC + BRAÇO TRIPLO CAO1 1.25M 5ºINC |2UN,63x3,Tubo redondo
36S3301,36,codigo_numerico_candidato_a_projeto,2,2,TENNET A042 | MAST 1054 | FAB. APÓS VALIDAÇÃO DO EP2633,250x250x24,Cantoneira
36S3302,36,codigo_numerico_candidato_a_projeto,2,2,TENNET A042 | MAST 1054 | FAB. APÓS VALIDAÇÃO DO EP2633,250x250x24,Cantoneira
3750V005,3750,codigo_numerico_candidato_a_projeto,1,1,TRAVESSAS 1M P/ CAO8 |4UN,UPN65x42,Perfil U
3750V010,3750,codigo_numerico_candidato_a_projeto,1,1,BRAÇO CAO8 DUPLO 1.25M 0º C/ 45º |1UN,63x3,Tubo redondo
3767V001,3767,codigo_numerico_candidato_a_projeto,1,1,COLUNAS MTR1_V 4M FE DRT (10UN),194x3.6,Tubo redondo
3783V001,3783,codigo_numerico_candidato_a_projeto,1,1,--- ESTRIBO M8 X 120 X 120 |20UN,6,Varão redondo
3796U001,3796,codigo_numerico_candidato_a_projeto,1,1,CONSOLES PBA UP2 | 1UN,10,Varão redondo
3823U300,3823,codigo_numerico_candidato_a_projeto,1,1,ENEL | PTUB | LIFE LINE ATTACHMENTS,UPN120,Perfil U
3823U301,3823,codigo_numerico_candidato_a_projeto,1,1,ENEL | PTUB | LIFE LINE ATTACHMENTS,UPN120,Perfil U
3823U310,3823,codigo_numerico_candidato_a_projeto,1,1,ENEL | PTUB | LIFE LINE ATTACHMENTS,UPN80,Perfil U
3823U311,3823,codigo_numerico_candidato_a_projeto,1,1,ENEL | PTUB | LIFE LINE ATTACHMENTS,UPN80,Perfil U
3823U312,3823,codigo_numerico_candidato_a_projeto,1,1,ENEL | PTUB | LIFE LINE ATTACHMENTS,UPN80,Perfil U
3823U313,3823,codigo_numerico_candidato_a_projeto,1,1,ENEL | PTUB | LIFE LINE ATTACHMENTS,UPN80,Perfil U
3823U320,3823,codigo_numerico_candidato_a_projeto,1,1,ENEL | PTUB | LIFE LINE ATTACHMENTS,UPN80,Perfil U
3823U321,3823,codigo_numerico_candidato_a_projeto,1,1,ENEL | PTUB | LIFE LINE ATTACHMENTS,UPN80,Perfil U
3823U322,3823,codigo_numerico_candidato_a_projeto,1,1,ENEL | PTUB | LIFE LINE ATTACHMENTS,UPN80,Perfil U
3823U323,3823,codigo_numerico_candidato_a_projeto,1,1,ENEL | PTUB | LIFE LINE ATTACHMENTS,UPN80,Perfil U
3826K001,3826,codigo_numerico_candidato_a_projeto,2,2,BRAÇO DMAE06 | 1UN,48.3x2.9,Tubo redondo
3826K002,3826,codigo_numerico_candidato_a_projeto,2,2,BRAÇO DMAE06 + SUPORTES DE BANDEIRA | 5UN,60.3x2.9,Tubo redondo
3834U001,3834,codigo_numerico_candidato_a_projeto,1,1,"BRAÇOS SIMPLES ""SHEAR"" Ø60 1.2M 5º |2UN",60x2.9,Tubo redondo
3926P001,3926,codigo_numerico_candidato_a_projeto,4,2,____RECLAMAÇÃO____COLUNAS CGBB_V 4.M FE DRT (2UN),60x2.9,Tubo redondo
3936U027,3936,codigo_numerico_candidato_a_projeto,1,1,PÓRTICO 27.407M - ACESSÓRIOS,30x30x3,Tubo quadrado
3936U029,3936,codigo_numerico_candidato_a_projeto,1,1,PÓRTICO 27.407M - ACESSÓRIOS,30x30x3,Tubo quadrado
3936U031,3936,codigo_numerico_candidato_a_projeto,1,1,PÓRTICO 27.407M - ACESSÓRIOS,30x30x3,Tubo quadrado
3939U019,3939,codigo_numerico_candidato_a_projeto,1,1,RECLAMAÇÃO PÓRTICO,50x50x6,Tubo quadrado
3940U001,3940,codigo_numerico_candidato_a_projeto,1,1,SEMI-PÓRTICO 9.5M + BRAÇO 4.35M - 1UN,457x10,Tubo redondo
3940U002,3940,codigo_numerico_candidato_a_projeto,1,1,SEMI-PÓRTICO 9.5M + BRAÇO 4.35M - 1UN,407x10,Tubo redondo
3940U003,3940,codigo_numerico_candidato_a_projeto,1,1,SEMI-PÓRTICO 9.5M + BRAÇO 4.35M - 1UN,356x8,Tubo redondo
3940U004,3940,codigo_numerico_candidato_a_projeto,1,1,SEMI-PÓRTICO 9.5M + BRAÇO 4.35M - 1UN,356x8,Tubo redondo
3940U005,3940,codigo_numerico_candidato_a_projeto,1,1,SEMI-PÓRTICO 9.5M + BRAÇO 4.35M - 1UN,324x8,Tubo redondo
3940U006,3940,codigo_numerico_candidato_a_projeto,2,2,ABRAÇADEIRAS + TAMPAS PARA SEMI-PÓRTICO 9.5M - 1UN,26.9x2.6,Tubo redondo
3940U008,3940,codigo_numerico_candidato_a_projeto,1,1,PÓRTICO 16.997M,60.3x2.9,Tubo redondo
3940U026,3940,codigo_numerico_candidato_a_projeto,1,1,PÓRTICO 20.013M - ACESSÓRIOS,30x30x3,Tubo quadrado
3955T001,3955,codigo_numerico_candidato_a_projeto,3,3,BRAÇOS DUPLOS 1.5M/1M 5ºINC | 3UN,76.1x3.25,Tubo redondo
3957V004,3957,codigo_numerico_candidato_a_projeto,1,1,BRAÇOS SIMPLES/AMOVIVEIS PARIS Ø60 0.75M/1M 5º |15UN,60.3x2.9,Tubo redondo
3957V006,3957,codigo_numerico_candidato_a_projeto,1,1,BRAÇOS SIMPLES/AMOVIVEIS PARIS Ø60 0.75M/1M 5º |15UN,60x3,Tubo redondo
3978011,,sem_padrao,1,1,= TRAVESSA SUSP. CABO GUARDA =,UPN100x50,Perfil U
3978012,,sem_padrao,1,1,= TRAVESSA SUSP. CABO GUARDA =,UPN100x50,Perfil U
3978013,,sem_padrao,1,1,= TRAVESSA SUSP. CABO GUARDA =,UPN100x50,Perfil U
3978015,,sem_padrao,1,1,= TRAVESSA SUSP. CABO GUARDA =,UPN80x45,Perfil U
3978V001,3978,codigo_numerico_candidato_a_projeto,1,1,--- TRAVESSA DUPLA H 1.5M + R89TU150 |6UN,UPN140x60,Perfil U
3982V001,3982,codigo_numerico_candidato_a_projeto,1,1,BRAÇOS SIMPLES/DUPLOS 0.25M 5º INC FIXO POR ABRAÇADEIRAS | 53UN,60.3x3.25,Tubo redondo
3CH1,3,codigo_numerico_candidato_a_projeto,1,1,ALSTOM | MONORAIL | MODELO 3 | SUP. TIPO 4 | IPE330 (767X) + HEA240 (31X) = 798X,HEA240,Perfil H
3CH10,3,codigo_numerico_candidato_a_projeto,1,1,ALSTOM | MONORAIL | MODELO 3 | SUP. TIPO 4 | IPE330 (767X) + HEA240 (31X) = 798X,HEA240,Perfil H
3CH11,3,codigo_numerico_candidato_a_projeto,1,1,ALSTOM | MONORAIL | MODELO 3 | SUP. TIPO 4 | IPE330 (767X) + HEA240 (31X) = 798X,HEA240,Perfil H
3CH12,3,codigo_numerico_candidato_a_projeto,1,1,ALSTOM | MONORAIL | MODELO 3 | SUP. TIPO 4 | IPE330 (767X) + HEA240 (31X) = 798X,HEA240,Perfil H
3CH13,3,codigo_numerico_candidato_a_projeto,1,1,ALSTOM | MONORAIL | MODELO 3 | SUP. TIPO 4 | IPE330 (767X) + HEA240 (31X) = 798X,HEA240,Perfil H
3CH14,3,codigo_numerico_candidato_a_projeto,1,1,ALSTOM | MONORAIL | MODELO 3 | SUP. TIPO 4 | IPE330 (767X) + HEA240 (31X) = 798X,HEA240,Perfil H
3CH15,3,codigo_numerico_candidato_a_projeto,1,1,ALSTOM | MONORAIL | MODELO 3 | SUP. TIPO 4 | IPE330 (767X) + HEA240 (31X) = 798X,HEA240,Perfil H
3CH2,3,codigo_numerico_candidato_a_projeto,1,1,ALSTOM | MONORAIL | MODELO 3 | SUP. TIPO 4 | IPE330 (767X) + HEA240 (31X) = 798X,HEA240,Perfil H
3CH3,3,codigo_numerico_candidato_a_projeto,1,1,ALSTOM | MONORAIL | MODELO 3 | SUP. TIPO 4 | IPE330 (767X) + HEA240 (31X) = 798X,HEA240,Perfil H
3CH4,3,codigo_numerico_candidato_a_projeto,1,1,ALSTOM | MONORAIL | MODELO 3 | SUP. TIPO 4 | IPE330 (767X) + HEA240 (31X) = 798X,HEA240,Perfil H
3CH5,3,codigo_numerico_candidato_a_projeto,1,1,ALSTOM | MONORAIL | MODELO 3 | SUP. TIPO 4 | IPE330 (767X) + HEA240 (31X) = 798X,HEA240,Perfil H
3CH6,3,codigo_numerico_candidato_a_projeto,1,1,ALSTOM | MONORAIL | MODELO 3 | SUP. TIPO 4 | IPE330 (767X) + HEA240 (31X) = 798X,HEA240,Perfil H
3CH7,3,codigo_numerico_candidato_a_projeto,1,1,ALSTOM | MONORAIL | MODELO 3 | SUP. TIPO 4 | IPE330 (767X) + HEA240 (31X) = 798X,HEA240,Perfil H
3CH8,3,codigo_numerico_candidato_a_projeto,1,1,ALSTOM | MONORAIL | MODELO 3 | SUP. TIPO 4 | IPE330 (767X) + HEA240 (31X) = 798X,HEA240,Perfil H
3CH9,3,codigo_numerico_candidato_a_projeto,1,1,ALSTOM | MONORAIL | MODELO 3 | SUP. TIPO 4 | IPE330 (767X) + HEA240 (31X) = 798X,HEA240,Perfil H
3CI1,3,codigo_numerico_candidato_a_projeto,1,1,ALSTOM | MONORAIL | MODELO 3 | SUP. TIPO 4 | IPE330 (767X) + HEA240 (31X) = 798X,IPE330,Perfil I
3CI10,3,codigo_numerico_candidato_a_projeto,1,1,ALSTOM | MONORAIL | MODELO 3 | SUP. TIPO 4 | IPE330 (767X) + HEA240 (31X) = 798X,IPE330,Perfil I
3CI11,3,codigo_numerico_candidato_a_projeto,1,1,ALSTOM | MONORAIL | MODELO 3 | SUP. TIPO 4 | IPE330 (767X) + HEA240 (31X) = 798X,IPE330,Perfil I
3CI12,3,codigo_numerico_candidato_a_projeto,1,1,ALSTOM | MONORAIL | MODELO 3 | SUP. TIPO 4 | IPE330 (767X) + HEA240 (31X) = 798X,IPE330,Perfil I
3CI13,3,codigo_numerico_candidato_a_projeto,1,1,ALSTOM | MONORAIL | MODELO 3 | SUP. TIPO 4 | IPE330 (767X) + HEA240 (31X) = 798X,IPE330,Perfil I
3CI14,3,codigo_numerico_candidato_a_projeto,1,1,ALSTOM | MONORAIL | MODELO 3 | SUP. TIPO 4 | IPE330 (767X) + HEA240 (31X) = 798X,IPE330,Perfil I
3CI15,3,codigo_numerico_candidato_a_projeto,1,1,ALSTOM | MONORAIL | MODELO 3 | SUP. TIPO 4 | IPE330 (767X) + HEA240 (31X) = 798X,IPE330,Perfil I
3CI16,3,codigo_numerico_candidato_a_projeto,1,1,ALSTOM | MONORAIL | MODELO 3 | SUP. TIPO 4 | IPE330 (767X) + HEA240 (31X) = 798X,IPE330,Perfil I
3CI17,3,codigo_numerico_candidato_a_projeto,1,1,ALSTOM | MONORAIL | MODELO 3 | SUP. TIPO 4 | IPE330 (767X) + HEA240 (31X) = 798X,IPE330,Perfil I
3CI18,3,codigo_numerico_candidato_a_projeto,1,1,ALSTOM | MONORAIL | MODELO 3 | SUP. TIPO 4 | IPE330 (767X) + HEA240 (31X) = 798X,IPE330,Perfil I
3CI19,3,codigo_numerico_candidato_a_projeto,1,1,ALSTOM | MONORAIL | MODELO 3 | SUP. TIPO 4 | IPE330 (767X) + HEA240 (31X) = 798X,IPE330,Perfil I
3CI2,3,codigo_numerico_candidato_a_projeto,1,1,ALSTOM | MONORAIL | MODELO 3 | SUP. TIPO 4 | IPE330 (767X) + HEA240 (31X) = 798X,IPE330,Perfil I
3CI20,3,codigo_numerico_candidato_a_projeto,1,1,ALSTOM | MONORAIL | MODELO 3 | SUP. TIPO 4 | IPE330 (767X) + HEA240 (31X) = 798X,IPE330,Perfil I
3CI21,3,codigo_numerico_candidato_a_projeto,1,1,ALSTOM | MONORAIL | MODELO 3 | SUP. TIPO 4 | IPE330 (767X) + HEA240 (31X) = 798X,IPE330,Perfil I
3CI22,3,codigo_numerico_candidato_a_projeto,1,1,ALSTOM | MONORAIL | MODELO 3 | SUP. TIPO 4 | IPE330 (767X) + HEA240 (31X) = 798X,IPE330,Perfil I
3CI23,3,codigo_numerico_candidato_a_projeto,1,1,ALSTOM | MONORAIL | MODELO 3 | SUP. TIPO 4 | IPE330 (767X) + HEA240 (31X) = 798X,IPE330,Perfil I
3CI24,3,codigo_numerico_candidato_a_projeto,1,1,ALSTOM | MONORAIL | MODELO 3 | SUP. TIPO 4 | IPE330 (767X) + HEA240 (31X) = 798X,IPE330,Perfil I
3CI25,3,codigo_numerico_candidato_a_projeto,1,1,ALSTOM | MONORAIL | MODELO 3 | SUP. TIPO 4 | IPE330 (767X) + HEA240 (31X) = 798X,IPE330,Perfil I
3CI26,3,codigo_numerico_candidato_a_projeto,1,1,ALSTOM | MONORAIL | MODELO 3 | SUP. TIPO 4 | IPE330 (767X) + HEA240 (31X) = 798X,IPE330,Perfil I
3CI27,3,codigo_numerico_candidato_a_projeto,1,1,ALSTOM | MONORAIL | MODELO 3 | SUP. TIPO 4 | IPE330 (767X) + HEA240 (31X) = 798X,IPE330,Perfil I
3CI28,3,codigo_numerico_candidato_a_projeto,1,1,ALSTOM | MONORAIL | MODELO 3 | SUP. TIPO 4 | IPE330 (767X) + HEA240 (31X) = 798X,IPE330,Perfil I
3CI29,3,codigo_numerico_candidato_a_projeto,1,1,ALSTOM | MONORAIL | MODELO 3 | SUP. TIPO 4 | IPE330 (767X) + HEA240 (31X) = 798X,IPE330,Perfil I
3CI3,3,codigo_numerico_candidato_a_projeto,1,1,ALSTOM | MONORAIL | MODELO 3 | SUP. TIPO 4 | IPE330 (767X) + HEA240 (31X) = 798X,IPE330,Perfil I
3CI30,3,codigo_numerico_candidato_a_projeto,1,1,ALSTOM | MONORAIL | MODELO 3 | SUP. TIPO 4 | IPE330 (767X) + HEA240 (31X) = 798X,IPE330,Perfil I
3CI31,3,codigo_numerico_candidato_a_projeto,1,1,ALSTOM | MONORAIL | MODELO 3 | SUP. TIPO 4 | IPE330 (767X) + HEA240 (31X) = 798X,IPE330,Perfil I
3CI32,3,codigo_numerico_candidato_a_projeto,1,1,ALSTOM | MONORAIL | MODELO 3 | SUP. TIPO 4 | IPE330 (767X) + HEA240 (31X) = 798X,IPE330,Perfil I
3CI33,3,codigo_numerico_candidato_a_projeto,1,1,ALSTOM | MONORAIL | MODELO 3 | SUP. TIPO 4 | IPE330 (767X) + HEA240 (31X) = 798X,IPE330,Perfil I
3CI34,3,codigo_numerico_candidato_a_projeto,1,1,ALSTOM | MONORAIL | MODELO 3 | SUP. TIPO 4 | IPE330 (767X) + HEA240 (31X) = 798X,IPE330,Perfil I
3CI35,3,codigo_numerico_candidato_a_projeto,1,1,ALSTOM | MONORAIL | MODELO 3 | SUP. TIPO 4 | IPE330 (767X) + HEA240 (31X) = 798X,IPE330,Perfil I
3CI36,3,codigo_numerico_candidato_a_projeto,1,1,ALSTOM | MONORAIL | MODELO 3 | SUP. TIPO 4 | IPE330 (767X) + HEA240 (31X) = 798X,IPE330,Perfil I
3CI37,3,codigo_numerico_candidato_a_projeto,1,1,ALSTOM | MONORAIL | MODELO 3 | SUP. TIPO 4 | IPE330 (767X) + HEA240 (31X) = 798X,IPE330,Perfil I
3CI38,3,codigo_numerico_candidato_a_projeto,1,1,ALSTOM | MONORAIL | MODELO 3 | SUP. TIPO 4 | IPE330 (767X) + HEA240 (31X) = 798X,IPE330,Perfil I
3CI39,3,codigo_numerico_candidato_a_projeto,1,1,ALSTOM | MONORAIL | MODELO 3 | SUP. TIPO 4 | IPE330 (767X) + HEA240 (31X) = 798X,IPE330,Perfil I
3CI4,3,codigo_numerico_candidato_a_projeto,1,1,ALSTOM | MONORAIL | MODELO 3 | SUP. TIPO 4 | IPE330 (767X) + HEA240 (31X) = 798X,IPE330,Perfil I
3CI40,3,codigo_numerico_candidato_a_projeto,1,1,ALSTOM | MONORAIL | MODELO 3 | SUP. TIPO 4 | IPE330 (767X) + HEA240 (31X) = 798X,IPE330,Perfil I
3CI41,3,codigo_numerico_candidato_a_projeto,1,1,ALSTOM | MONORAIL | MODELO 3 | SUP. TIPO 4 | IPE330 (767X) + HEA240 (31X) = 798X,IPE330,Perfil I
3CI42,3,codigo_numerico_candidato_a_projeto,1,1,ALSTOM | MONORAIL | MODELO 3 | SUP. TIPO 4 | IPE330 (767X) + HEA240 (31X) = 798X,IPE330,Perfil I
3CI43,3,codigo_numerico_candidato_a_projeto,1,1,ALSTOM | MONORAIL | MODELO 3 | SUP. TIPO 4 | IPE330 (767X) + HEA240 (31X) = 798X,IPE330,Perfil I
3CI44,3,codigo_numerico_candidato_a_projeto,1,1,ALSTOM | MONORAIL | MODELO 3 | SUP. TIPO 4 | IPE330 (767X) + HEA240 (31X) = 798X,IPE330,Perfil I
3CI45,3,codigo_numerico_candidato_a_projeto,1,1,ALSTOM | MONORAIL | MODELO 3 | SUP. TIPO 4 | IPE330 (767X) + HEA240 (31X) = 798X,IPE330,Perfil I
3CI46,3,codigo_numerico_candidato_a_projeto,1,1,ALSTOM | MONORAIL | MODELO 3 | SUP. TIPO 4 | IPE330 (767X) + HEA240 (31X) = 798X,IPE330,Perfil I
3CI47,3,codigo_numerico_candidato_a_projeto,1,1,ALSTOM | MONORAIL | MODELO 3 | SUP. TIPO 4 | IPE330 (767X) + HEA240 (31X) = 798X,IPE330,Perfil I
3CI48,3,codigo_numerico_candidato_a_projeto,1,1,ALSTOM | MONORAIL | MODELO 3 | SUP. TIPO 4 | IPE330 (767X) + HEA240 (31X) = 798X,IPE330,Perfil I
3CI49,3,codigo_numerico_candidato_a_projeto,1,1,ALSTOM | MONORAIL | MODELO 3 | SUP. TIPO 4 | IPE330 (767X) + HEA240 (31X) = 798X,IPE330,Perfil I
3CI5,3,codigo_numerico_candidato_a_projeto,1,1,ALSTOM | MONORAIL | MODELO 3 | SUP. TIPO 4 | IPE330 (767X) + HEA240 (31X) = 798X,IPE330,Perfil I
3CI50,3,codigo_numerico_candidato_a_projeto,1,1,ALSTOM | MONORAIL | MODELO 3 | SUP. TIPO 4 | IPE330 (767X) + HEA240 (31X) = 798X,IPE330,Perfil I
3CI51,3,codigo_numerico_candidato_a_projeto,1,1,ALSTOM | MONORAIL | MODELO 3 | SUP. TIPO 4 | IPE330 (767X) + HEA240 (31X) = 798X,IPE330,Perfil I
3CI52,3,codigo_numerico_candidato_a_projeto,1,1,ALSTOM | MONORAIL | MODELO 3 | SUP. TIPO 4 | IPE330 (767X) + HEA240 (31X) = 798X,IPE330,Perfil I
3CI53,3,codigo_numerico_candidato_a_projeto,1,1,ALSTOM | MONORAIL | MODELO 3 | SUP. TIPO 4 | IPE330 (767X) + HEA240 (31X) = 798X,IPE330,Perfil I
3CI54,3,codigo_numerico_candidato_a_projeto,1,1,ALSTOM | MONORAIL | MODELO 3 | SUP. TIPO 4 | IPE330 (767X) + HEA240 (31X) = 798X,IPE330,Perfil I
3CI55,3,codigo_numerico_candidato_a_projeto,1,1,ALSTOM | MONORAIL | MODELO 3 | SUP. TIPO 4 | IPE330 (767X) + HEA240 (31X) = 798X,IPE330,Perfil I
3CI56,3,codigo_numerico_candidato_a_projeto,1,1,ALSTOM | MONORAIL | MODELO 3 | SUP. TIPO 4 | IPE330 (767X) + HEA240 (31X) = 798X,IPE330,Perfil I
3CI57,3,codigo_numerico_candidato_a_projeto,1,1,ALSTOM | MONORAIL | MODELO 3 | SUP. TIPO 4 | IPE330 (767X) + HEA240 (31X) = 798X,IPE330,Perfil I
3CI58,3,codigo_numerico_candidato_a_projeto,1,1,ALSTOM | MONORAIL | MODELO 3 | SUP. TIPO 4 | IPE330 (767X) + HEA240 (31X) = 798X,IPE330,Perfil I
3CI59,3,codigo_numerico_candidato_a_projeto,1,1,ALSTOM | MONORAIL | MODELO 3 | SUP. TIPO 4 | IPE330 (767X) + HEA240 (31X) = 798X,IPE330,Perfil I
3CI6,3,codigo_numerico_candidato_a_projeto,1,1,ALSTOM | MONORAIL | MODELO 3 | SUP. TIPO 4 | IPE330 (767X) + HEA240 (31X) = 798X,IPE330,Perfil I
3CI60,3,codigo_numerico_candidato_a_projeto,1,1,ALSTOM | MONORAIL | MODELO 3 | SUP. TIPO 4 | IPE330 (767X) + HEA240 (31X) = 798X,IPE330,Perfil I
3CI61,3,codigo_numerico_candidato_a_projeto,1,1,ALSTOM | MONORAIL | MODELO 3 | SUP. TIPO 4 | IPE330 (767X) + HEA240 (31X) = 798X,IPE330,Perfil I
3CI62,3,codigo_numerico_candidato_a_projeto,1,1,ALSTOM | MONORAIL | MODELO 3 | SUP. TIPO 4 | IPE330 (767X) + HEA240 (31X) = 798X,IPE330,Perfil I
3CI63,3,codigo_numerico_candidato_a_projeto,1,1,ALSTOM | MONORAIL | MODELO 3 | SUP. TIPO 4 | IPE330 (767X) + HEA240 (31X) = 798X,IPE330,Perfil I
3CI64,3,codigo_numerico_candidato_a_projeto,1,1,ALSTOM | MONORAIL | MODELO 3 | SUP. TIPO 4 | IPE330 (767X) + HEA240 (31X) = 798X,IPE330,Perfil I
3CI65,3,codigo_numerico_candidato_a_projeto,1,1,ALSTOM | MONORAIL | MODELO 3 | SUP. TIPO 4 | IPE330 (767X) + HEA240 (31X) = 798X,IPE330,Perfil I
3CI66,3,codigo_numerico_candidato_a_projeto,1,1,ALSTOM | MONORAIL | MODELO 3 | SUP. TIPO 4 | IPE330 (767X) + HEA240 (31X) = 798X,IPE330,Perfil I
3CI67,3,codigo_numerico_candidato_a_projeto,1,1,ALSTOM | MONORAIL | MODELO 3 | SUP. TIPO 4 | IPE330 (767X) + HEA240 (31X) = 798X,IPE330,Perfil I
3CI68,3,codigo_numerico_candidato_a_projeto,1,1,ALSTOM | MONORAIL | MODELO 3 | SUP. TIPO 4 | IPE330 (767X) + HEA240 (31X) = 798X,IPE330,Perfil I
3CI69,3,codigo_numerico_candidato_a_projeto,1,1,ALSTOM | MONORAIL | MODELO 3 | SUP. TIPO 4 | IPE330 (767X) + HEA240 (31X) = 798X,IPE330,Perfil I
3CI7,3,codigo_numerico_candidato_a_projeto,1,1,ALSTOM | MONORAIL | MODELO 3 | SUP. TIPO 4 | IPE330 (767X) + HEA240 (31X) = 798X,IPE330,Perfil I
3CI70,3,codigo_numerico_candidato_a_projeto,1,1,ALSTOM | MONORAIL | MODELO 3 | SUP. TIPO 4 | IPE330 (767X) + HEA240 (31X) = 798X,IPE330,Perfil I
3CI71,3,codigo_numerico_candidato_a_projeto,1,1,ALSTOM | MONORAIL | MODELO 3 | SUP. TIPO 4 | IPE330 (767X) + HEA240 (31X) = 798X,IPE330,Perfil I
3CI72,3,codigo_numerico_candidato_a_projeto,1,1,ALSTOM | MONORAIL | MODELO 3 | SUP. TIPO 4 | IPE330 (767X) + HEA240 (31X) = 798X,IPE330,Perfil I
3CI73,3,codigo_numerico_candidato_a_projeto,1,1,ALSTOM | MONORAIL | MODELO 3 | SUP. TIPO 4 | IPE330 (767X) + HEA240 (31X) = 798X,IPE330,Perfil I
3CI74,3,codigo_numerico_candidato_a_projeto,1,1,ALSTOM | MONORAIL | MODELO 3 | SUP. TIPO 4 | IPE330 (767X) + HEA240 (31X) = 798X,IPE330,Perfil I
3CI75,3,codigo_numerico_candidato_a_projeto,1,1,ALSTOM | MONORAIL | MODELO 3 | SUP. TIPO 4 | IPE330 (767X) + HEA240 (31X) = 798X,IPE330,Perfil I
3CI76,3,codigo_numerico_candidato_a_projeto,1,1,ALSTOM | MONORAIL | MODELO 3 | SUP. TIPO 4 | IPE330 (767X) + HEA240 (31X) = 798X,IPE330,Perfil I
3CI77,3,codigo_numerico_candidato_a_projeto,1,1,ALSTOM | MONORAIL | MODELO 3 | SUP. TIPO 4 | IPE330 (767X) + HEA240 (31X) = 798X,IPE330,Perfil I
3CI78,3,codigo_numerico_candidato_a_projeto,1,1,ALSTOM | MONORAIL | MODELO 3 | SUP. TIPO 4 | IPE330 (767X) + HEA240 (31X) = 798X,IPE330,Perfil I
3CI79,3,codigo_numerico_candidato_a_projeto,1,1,ALSTOM | MONORAIL | MODELO 3 | SUP. TIPO 4 | IPE330 (767X) + HEA240 (31X) = 798X,IPE330,Perfil I
3CI8,3,codigo_numerico_candidato_a_projeto,1,1,ALSTOM | MONORAIL | MODELO 3 | SUP. TIPO 4 | IPE330 (767X) + HEA240 (31X) = 798X,IPE330,Perfil I
3CI80,3,codigo_numerico_candidato_a_projeto,1,1,ALSTOM | MONORAIL | MODELO 3 | SUP. TIPO 4 | IPE330 (767X) + HEA240 (31X) = 798X,IPE330,Perfil I
3CI81,3,codigo_numerico_candidato_a_projeto,1,1,ALSTOM | MONORAIL | MODELO 3 | SUP. TIPO 4 | IPE330 (767X) + HEA240 (31X) = 798X,IPE330,Perfil I
3CI82,3,codigo_numerico_candidato_a_projeto,1,1,ALSTOM | MONORAIL | MODELO 3 | SUP. TIPO 4 | IPE330 (767X) + HEA240 (31X) = 798X,IPE330,Perfil I
3CI83,3,codigo_numerico_candidato_a_projeto,1,1,ALSTOM | MONORAIL | MODELO 3 | SUP. TIPO 4 | IPE330 (767X) + HEA240 (31X) = 798X,IPE330,Perfil I
3CI84,3,codigo_numerico_candidato_a_projeto,1,1,ALSTOM | MONORAIL | MODELO 3 | SUP. TIPO 4 | IPE330 (767X) + HEA240 (31X) = 798X,IPE330,Perfil I
3CI85,3,codigo_numerico_candidato_a_projeto,1,1,ALSTOM | MONORAIL | MODELO 3 | SUP. TIPO 4 | IPE330 (767X) + HEA240 (31X) = 798X,IPE330,Perfil I
3CI86,3,codigo_numerico_candidato_a_projeto,1,1,ALSTOM | MONORAIL | MODELO 3 | SUP. TIPO 4 | IPE330 (767X) + HEA240 (31X) = 798X,IPE330,Perfil I
3CI87,3,codigo_numerico_candidato_a_projeto,1,1,ALSTOM | MONORAIL | MODELO 3 | SUP. TIPO 4 | IPE330 (767X) + HEA240 (31X) = 798X,IPE330,Perfil I
3CI88,3,codigo_numerico_candidato_a_projeto,1,1,ALSTOM | MONORAIL | MODELO 3 | SUP. TIPO 4 | IPE330 (767X) + HEA240 (31X) = 798X,IPE330,Perfil I
3CI9,3,codigo_numerico_candidato_a_projeto,1,1,ALSTOM | MONORAIL | MODELO 3 | SUP. TIPO 4 | IPE330 (767X) + HEA240 (31X) = 798X,IPE330,Perfil I
4011V001,4011,codigo_numerico_candidato_a_projeto,1,1,COLUNAS CILINDRICAS N4012239 4M FF DRT (40UN),121x4,Tubo redondo
4027S001,4027,codigo_numerico_candidato_a_projeto,1,1,"BRAÇOS ""CUBA"" 1.5M 5º |6UN",60.3x2.9,Tubo redondo
4030V001,4030,codigo_numerico_candidato_a_projeto,1,1,BRAÇO PEDONAL AMOVIVEL + PROTEÇÃO PARA COLUNA |3UN,60.3x2.9,Tubo redondo
4030VA00,4030,codigo_numerico_candidato_a_projeto,1,1,BRAÇO PEDONAL AMOVIVEL + PROTEÇÃO PARA COLUNA |3UN,48.3x2.9,Tubo redondo
4044V003,4044,codigo_numerico_candidato_a_projeto,1,1,____RECLAMAÇÃO____REDUÇÃO 76/34 |6UN,33.7x2.6,Tubo redondo
4051N002,4051,codigo_numerico_candidato_a_projeto,2,1,COLUNA ESPECIAL 8.2 (20UN),133x4,Tubo redondo
4058N001,4058,codigo_numerico_candidato_a_projeto,1,1,COLUNAS CAC3_V 7M FE DRT C/REDUÇÃO Ø80X100 (10UN),80x3,Tubo redondo
4083U001,4083,codigo_numerico_candidato_a_projeto,2,2,"BRAÇOS ""PUNTA""/PBA Ø60  SIMPLES/DUPLOS 2M/1.5M 0º/5ºINC | 100UN",60.3x2.9,Tubo redondo
4087M004,4087,codigo_numerico_candidato_a_projeto,1,1,SEMI-PÓRTICO 9.5M + BRAÇO 4.35M - 1UN,323.9x8,Tubo redondo
4087M005,4087,codigo_numerico_candidato_a_projeto,1,1,ABRAÇADEIRAS + TAMPAS P/ PÓRTICO 9.5M - 9UN,26.9x2.6,Tubo redondo
4159UTU1,4159,codigo_numerico_candidato_a_projeto,1,1,"ACESSÓRIOS LIGHTPOLE 17,5M - TELENET",76.1x3.2,Tubo redondo
4165R128,4165,codigo_numerico_candidato_a_projeto,1,1,CATENÁRIAS TUBULARES | (12UN),25,Varão redondo
4165R132,4165,codigo_numerico_candidato_a_projeto,1,1,CATENÁRIAS TUBULARES | (12UN),20,Varão redondo
4181VJ01,4181,codigo_numerico_candidato_a_projeto,2,2,COLUNAS CIQ2_V 3.5M FF DRT (30UN),120x120x4,Tubo quadrado
4182M010,4182,codigo_numerico_candidato_a_projeto,1,1,ESTRIBOS E PATINS P/ Ø48 |40UN,10.6,Varão redondo
4192O00,4192,codigo_numerico_candidato_a_projeto,1,1,LIGHTPOLE 17M - PROXIMUS DESIGN,244.5x6.3,Tubo redondo
4192O001,4192,codigo_numerico_candidato_a_projeto,2,2,LIGHTPOLE 25M 2 LAYER - TELENET (1UN),244.5x6.3,Tubo redondo
4192O003,4192,codigo_numerico_candidato_a_projeto,1,1,LIGHTPOLE 25M - 2 LAYERS - (1UN),42.4x2.6,Tubo redondo
4192O004,4192,codigo_numerico_candidato_a_projeto,2,2,ACESSÓRIOS PARA LIGHTPOLE 25M - 2 LAYERS - (1UN),M10,Varão roscado
4236V012,4236,codigo_numerico_candidato_a_projeto,1,1,ETF | AFNT E5+E7 | 4ªPRIORIDADE = 58X,48.3x2.9,Tubo redondo
4236V013,4236,codigo_numerico_candidato_a_projeto,1,1,ETF | AFNT E5+E7 | 4ªPRIORIDADE = 58X,48.3x2.9,Tubo redondo
4236V015,4236,codigo_numerico_candidato_a_projeto,3,3,"BRAÇO ""DMAE01"" 0.75M 5ºINC + SUPORTES DE BANDEIRA | 4UN",M10,Varão roscado
4237VJ01,4237,codigo_numerico_candidato_a_projeto,1,1,COLUNAS MTR2_V 10M FF DRT (1UN),219.1x4,Tubo redondo
4253U001,4253,codigo_numerico_candidato_a_projeto,2,2,"BRAÇOS SIMPLES ""LORMONT"" 1.2M 5º |1UN",60.3x2.9,Tubo redondo
4253U002,4253,codigo_numerico_candidato_a_projeto,1,1,"BRAÇOS SIMPLES ""LORMONT"" 1.2M 5º |1UN",60.3x2.9,Tubo redondo
4253U003,4253,codigo_numerico_candidato_a_projeto,1,1,"BRAÇOS SIMPLES ""LORMONT"" 1.2M 5º |1UN",60.3x2.9,Tubo redondo
4260R002,4260,codigo_numerico_candidato_a_projeto,1,1,"BRAÇOS SIMPLES ""KC"" Ø60 1.5M 5º + BRAÇO AMOVIVEL 0.5M 15º |2UN",60.3x2.9,Tubo redondo
4279U002,4279,codigo_numerico_candidato_a_projeto,2,2,BRAÇOS CAO8 SIMPLES/DUPLOS 1.25M 10º |50UN,63x3,Tubo redondo
4291V001,4291,codigo_numerico_candidato_a_projeto,1,1,SUPORTES P/PÓRTICO,IPN100,Perfil I
4291V002,4291,codigo_numerico_candidato_a_projeto,1,1,SUPORTES P/PÓRTICO,IPN100,Perfil I
4291V005,4291,codigo_numerico_candidato_a_projeto,1,1,SUPORTES P/PÓRTICO,IPN100,Perfil I
4339N004,4339,codigo_numerico_candidato_a_projeto,1,1,BRAÇOS SIMPLES TOLEDO 1.5M 5º |69UN,88.9x3.25,Tubo redondo
4365V000,4365,codigo_numerico_candidato_a_projeto,1,1,--- CRL3_V - 18M - TRAVESSA 2M + LISTAS | 4UN,UPN140x60,Perfil U
4368T002,4368,codigo_numerico_candidato_a_projeto,1,1,"BRAÇOS SIMPLES ""GAILLON"" 1M 5º |1UN",60.3x2.9,Tubo redondo
4368T003,4368,codigo_numerico_candidato_a_projeto,1,1,"BRAÇOS SIMPLES ""GAILLON"" 1M 5º |1UN",60.3x2.9,Tubo redondo
4368T004,4368,codigo_numerico_candidato_a_projeto,1,1,"BRAÇOS SIMPLES ""GAILLON"" 1M 5º |1UN",34x2.65,Tubo redondo
4377V530,4377,codigo_numerico_candidato_a_projeto,1,1,COLUNAS CGC3_V 8M FE DRT C/ STEEL SLEEVE (34UN),219.1x4,Tubo redondo
4432V001,4432,codigo_numerico_candidato_a_projeto,2,1,COLUNAS CGBB_V 4M FE DRT (6UN),89x2.9,Tubo redondo
4436U020,4436,codigo_numerico_candidato_a_projeto,1,1,SIFLET P/ TOPO Ø89 |7UN,88.9x3.25,Tubo redondo
4487V001,4487,codigo_numerico_candidato_a_projeto,1,1,ACESSÓRIOS MONOPOLE 12M,76.1x3.2,Tubo redondo
4510V001,4510,codigo_numerico_candidato_a_projeto,1,1,COLUNAS CIL6_V 3.5M FF DRT (1UN),140x4,Tubo redondo
4553V001,4553,codigo_numerico_candidato_a_projeto,1,1,--- CRSA_V 16M - TROÇOS (3UN),41x24x2.5,Calha
4577P001,4577,codigo_numerico_candidato_a_projeto,1,1,BRAÇO SIMPLES CAO3 0.75M 0ºINC + BRAÇO TRIPLO CAO1 1.25M 5ºINC |2UN,63x3,Tubo redondo
4614V500,4614,codigo_numerico_candidato_a_projeto,1,1,BRAÇOS JADE SIMPLES 0.75M |1UN,42.4x2.65,Tubo redondo
4627V01,4627,codigo_numerico_candidato_a_projeto,1,1,FORN | PROJETO BARREIRAS,HEA120A,Perfil H
4633VTU1,4633,codigo_numerico_candidato_a_projeto,1,1,ACESSÓRIOS TORRE PINHEIRO 18M - MOD. CA13I,76.1x3.2,Tubo redondo
4668V001,4668,codigo_numerico_candidato_a_projeto,1,1,--- TRAVESSA 2M | 4UN,UPN140x60,Perfil U
4695V001,4695,codigo_numerico_candidato_a_projeto,1,1,COLUNAS CURIA 8M FE DRT (3UN),200x80x5,Tubo retangular
4708N101,4708,codigo_numerico_candidato_a_projeto,3,3,"BRAÇOS SIMPLES PALIO Ø76 1.5M 0º + BRAÇOS ""KC"" SIMPLES Ø76 0.5M 5º |29UN",20,Varão redondo
4716S013,4716,codigo_numerico_candidato_a_projeto,2,2,PÓRTICO 20.086M - ACESSÓRIOS,40x40x3,Tubo quadrado
4716S016,4716,codigo_numerico_candidato_a_projeto,2,2,PÓRTICO 20.086M - ACESSÓRIOS,40x40x3,Tubo quadrado
4716S020,4716,codigo_numerico_candidato_a_projeto,3,3,PÓRTICO 20.086M - ACESSÓRIOS,20,Varão redondo
4716S031,4716,codigo_numerico_candidato_a_projeto,3,3,PÓRTICO 20.086M - ACESSÓRIOS,40x40x3,Tubo quadrado
4728N001,4728,codigo_numerico_candidato_a_projeto,1,1,--- CTSL_V 6M - TROÇOS (1UN)_x000D_,16,Varão redondo
4728VA00,4728,codigo_numerico_candidato_a_projeto,1,1,ARCO DE PROTEÇÃO DE 2 PÉS 1300MM X 540MM | 3UN,48.3x2.9,Tubo redondo
4732N001,4732,codigo_numerico_candidato_a_projeto,1,1,BRAÇOS DMAE03-400/800 + DMAD03-400/800 |4UN,16,Varão redondo
4737N001,4737,codigo_numerico_candidato_a_projeto,1,1,BRAÇOS SIMPLES PALIO Ø76 1M 0º |1UN,70x40,Tubo retangular
4763U1,4763,codigo_numerico_candidato_a_projeto,1,1,CÉRCEAS + GABARIT'S PARA TORRES TRIANGULARES PA30M 30M/25M/15M (4UN),UPN80x45,Perfil U
4763U2,4763,codigo_numerico_candidato_a_projeto,1,1,MONTANTES PARA TORRES TRIANGULARES PA30M 30M/25M/15M (4UN),139.7x6,Tubo redondo
4763U3,4763,codigo_numerico_candidato_a_projeto,1,1,TRAVESSAS E DIAGONAIS PARA TORRES TRIANGULARES PA30M 30M/25M/15M (4UN),76.1x3,Tubo redondo
4771U001,4771,codigo_numerico_candidato_a_projeto,1,1,BRAÇO ANAC 1.2M 5º |2UN,60.3x2.9,Tubo redondo
4788V001,4788,codigo_numerico_candidato_a_projeto,1,1,PERNOS ROSCADOS M20 + CHAPAS - 5538UN,M20,Varão roscado
4788V002,4788,codigo_numerico_candidato_a_projeto,1,1,PERNOS ROSCADOS M20 + CHAPAS - 5538UN,M20,Varão roscado
4788V003,4788,codigo_numerico_candidato_a_projeto,1,1,CHAPAS CONTRA BASE + PLACA NEOPRENE + PRUMOS + TUBOS - 1461UN,80x80x5,Tubo quadrado
4788V006,4788,codigo_numerico_candidato_a_projeto,1,1,PERNOS ROSCADOS M10X165 - 4104UN,M10,Varão roscado
4788V502,4788,codigo_numerico_candidato_a_projeto,1,1,LAMELAS METÁLICAS - 310UN,100x8,Barra
4799V1CH1,4799,codigo_numerico_candidato_a_projeto,1,1,ALSTOM | MONORAIL | MODELO 1 | SUP. TIPO 4 | IPE330 (35X) + HEA240 (34X) = 69X,HEA240A,Perfil H
4799V1CH2,4799,codigo_numerico_candidato_a_projeto,1,1,ALSTOM | MONORAIL | MODELO 1 | SUP. TIPO 4 | IPE330 (35X) + HEA240 (34X) = 69X,HEA240A,Perfil H
4799V1CH3,4799,codigo_numerico_candidato_a_projeto,1,1,ALSTOM | MONORAIL | MODELO 1 | SUP. TIPO 4 | IPE330 (35X) + HEA240 (34X) = 69X,HEA240A,Perfil H
4799V1CH4,4799,codigo_numerico_candidato_a_projeto,1,1,ALSTOM | MONORAIL | MODELO 1 | SUP. TIPO 4 | IPE330 (35X) + HEA240 (34X) = 69X,HEA240A,Perfil H
4799V1CH5,4799,codigo_numerico_candidato_a_projeto,1,1,ALSTOM | MONORAIL | MODELO 1 | SUP. TIPO 4 | IPE330 (35X) + HEA240 (34X) = 69X,HEA240A,Perfil H
4799V1CH6,4799,codigo_numerico_candidato_a_projeto,1,1,ALSTOM | MONORAIL | MODELO 1 | SUP. TIPO 4 | IPE330 (35X) + HEA240 (34X) = 69X,HEA240A,Perfil H
4799V1CH7,4799,codigo_numerico_candidato_a_projeto,1,1,ALSTOM | MONORAIL | MODELO 1 | SUP. TIPO 4 | IPE330 (35X) + HEA240 (34X) = 69X,HEA240A,Perfil H
4799V1CH8,4799,codigo_numerico_candidato_a_projeto,1,1,ALSTOM | MONORAIL | MODELO 1 | SUP. TIPO 4 | IPE330 (35X) + HEA240 (34X) = 69X,HEA240A,Perfil H
4799V1CH9,4799,codigo_numerico_candidato_a_projeto,1,1,ALSTOM | MONORAIL | MODELO 1 | SUP. TIPO 4 | IPE330 (35X) + HEA240 (34X) = 69X,HEA240A,Perfil H
4799V1CI1,4799,codigo_numerico_candidato_a_projeto,1,1,ALSTOM | MONORAIL | MODELO 1 | SUP. TIPO 4 | IPE330 (35X) + HEA240 (34X) = 69X,IPE330,Perfil I
4799V1CI10,4799,codigo_numerico_candidato_a_projeto,1,1,ALSTOM | MONORAIL | MODELO 1 | SUP. TIPO 4 | IPE330 (35X) + HEA240 (34X) = 69X,IPE330,Perfil I
4799V1CI11,4799,codigo_numerico_candidato_a_projeto,1,1,ALSTOM | MONORAIL | MODELO 1 | SUP. TIPO 4 | IPE330 (35X) + HEA240 (34X) = 69X,IPE330,Perfil I
4799V1CI12,4799,codigo_numerico_candidato_a_projeto,1,1,ALSTOM | MONORAIL | MODELO 1 | SUP. TIPO 4 | IPE330 (35X) + HEA240 (34X) = 69X,IPE330,Perfil I
4799V1CI13,4799,codigo_numerico_candidato_a_projeto,1,1,ALSTOM | MONORAIL | MODELO 1 | SUP. TIPO 4 | IPE330 (35X) + HEA240 (34X) = 69X,IPE330,Perfil I
4799V1CI14,4799,codigo_numerico_candidato_a_projeto,1,1,ALSTOM | MONORAIL | MODELO 1 | SUP. TIPO 4 | IPE330 (35X) + HEA240 (34X) = 69X,IPE330,Perfil I
4799V1CI15,4799,codigo_numerico_candidato_a_projeto,1,1,ALSTOM | MONORAIL | MODELO 1 | SUP. TIPO 4 | IPE330 (35X) + HEA240 (34X) = 69X,IPE330,Perfil I
4799V1CI16,4799,codigo_numerico_candidato_a_projeto,1,1,ALSTOM | MONORAIL | MODELO 1 | SUP. TIPO 4 | IPE330 (35X) + HEA240 (34X) = 69X,IPE330,Perfil I
4799V1CI17,4799,codigo_numerico_candidato_a_projeto,1,1,ALSTOM | MONORAIL | MODELO 1 | SUP. TIPO 4 | IPE330 (35X) + HEA240 (34X) = 69X,IPE330,Perfil I
4799V1CI18,4799,codigo_numerico_candidato_a_projeto,1,1,ALSTOM | MONORAIL | MODELO 1 | SUP. TIPO 4 | IPE330 (35X) + HEA240 (34X) = 69X,IPE330,Perfil I
4799V1CI19,4799,codigo_numerico_candidato_a_projeto,1,1,ALSTOM | MONORAIL | MODELO 1 | SUP. TIPO 4 | IPE330 (35X) + HEA240 (34X) = 69X,IPE330,Perfil I
4799V1CI2,4799,codigo_numerico_candidato_a_projeto,1,1,ALSTOM | MONORAIL | MODELO 1 | SUP. TIPO 4 | IPE330 (35X) + HEA240 (34X) = 69X,IPE330,Perfil I
4799V1CI20,4799,codigo_numerico_candidato_a_projeto,1,1,ALSTOM | MONORAIL | MODELO 1 | SUP. TIPO 4 | IPE330 (35X) + HEA240 (34X) = 69X,IPE330,Perfil I
4799V1CI21,4799,codigo_numerico_candidato_a_projeto,1,1,ALSTOM | MONORAIL | MODELO 1 | SUP. TIPO 4 | IPE330 (35X) + HEA240 (34X) = 69X,IPE330,Perfil I
4799V1CI22,4799,codigo_numerico_candidato_a_projeto,1,1,ALSTOM | MONORAIL | MODELO 1 | SUP. TIPO 4 | IPE330 (35X) + HEA240 (34X) = 69X,IPE330,Perfil I
4799V1CI23,4799,codigo_numerico_candidato_a_projeto,1,1,ALSTOM | MONORAIL | MODELO 1 | SUP. TIPO 4 | IPE330 (35X) + HEA240 (34X) = 69X,IPE330,Perfil I
4799V1CI24,4799,codigo_numerico_candidato_a_projeto,1,1,ALSTOM | MONORAIL | MODELO 1 | SUP. TIPO 4 | IPE330 (35X) + HEA240 (34X) = 69X,IPE330,Perfil I
4799V1CI25,4799,codigo_numerico_candidato_a_projeto,1,1,ALSTOM | MONORAIL | MODELO 1 | SUP. TIPO 4 | IPE330 (35X) + HEA240 (34X) = 69X,IPE330,Perfil I
4799V1CI26,4799,codigo_numerico_candidato_a_projeto,1,1,ALSTOM | MONORAIL | MODELO 1 | SUP. TIPO 4 | IPE330 (35X) + HEA240 (34X) = 69X,IPE330,Perfil I
4799V1CI27,4799,codigo_numerico_candidato_a_projeto,1,1,ALSTOM | MONORAIL | MODELO 1 | SUP. TIPO 4 | IPE330 (35X) + HEA240 (34X) = 69X,IPE330,Perfil I
4799V1CI28,4799,codigo_numerico_candidato_a_projeto,1,1,ALSTOM | MONORAIL | MODELO 1 | SUP. TIPO 4 | IPE330 (35X) + HEA240 (34X) = 69X,IPE330,Perfil I
4799V1CI29,4799,codigo_numerico_candidato_a_projeto,1,1,ALSTOM | MONORAIL | MODELO 1 | SUP. TIPO 4 | IPE330 (35X) + HEA240 (34X) = 69X,IPE330,Perfil I
4799V1CI3,4799,codigo_numerico_candidato_a_projeto,1,1,ALSTOM | MONORAIL | MODELO 1 | SUP. TIPO 4 | IPE330 (35X) + HEA240 (34X) = 69X,IPE330,Perfil I
4799V1CI30,4799,codigo_numerico_candidato_a_projeto,1,1,ALSTOM | MONORAIL | MODELO 1 | SUP. TIPO 4 | IPE330 (35X) + HEA240 (34X) = 69X,IPE330,Perfil I
4799V1CI31,4799,codigo_numerico_candidato_a_projeto,1,1,ALSTOM | MONORAIL | MODELO 1 | SUP. TIPO 4 | IPE330 (35X) + HEA240 (34X) = 69X,IPE330,Perfil I
4799V1CI32,4799,codigo_numerico_candidato_a_projeto,1,1,ALSTOM | MONORAIL | MODELO 1 | SUP. TIPO 4 | IPE330 (35X) + HEA240 (34X) = 69X,IPE330,Perfil I
4799V1CI33,4799,codigo_numerico_candidato_a_projeto,1,1,ALSTOM | MONORAIL | MODELO 1 | SUP. TIPO 4 | IPE330 (35X) + HEA240 (34X) = 69X,IPE330,Perfil I
4799V1CI34,4799,codigo_numerico_candidato_a_projeto,1,1,ALSTOM | MONORAIL | MODELO 1 | SUP. TIPO 4 | IPE330 (35X) + HEA240 (34X) = 69X,IPE330,Perfil I
4799V1CI35,4799,codigo_numerico_candidato_a_projeto,1,1,ALSTOM | MONORAIL | MODELO 1 | SUP. TIPO 4 | IPE330 (35X) + HEA240 (34X) = 69X,IPE330,Perfil I
4799V1CI4,4799,codigo_numerico_candidato_a_projeto,1,1,ALSTOM | MONORAIL | MODELO 1 | SUP. TIPO 4 | IPE330 (35X) + HEA240 (34X) = 69X,IPE330,Perfil I
4799V1CI5,4799,codigo_numerico_candidato_a_projeto,1,1,ALSTOM | MONORAIL | MODELO 1 | SUP. TIPO 4 | IPE330 (35X) + HEA240 (34X) = 69X,IPE330,Perfil I
4799V1CI6,4799,codigo_numerico_candidato_a_projeto,1,1,ALSTOM | MONORAIL | MODELO 1 | SUP. TIPO 4 | IPE330 (35X) + HEA240 (34X) = 69X,IPE330,Perfil I
4799V1CI7,4799,codigo_numerico_candidato_a_projeto,1,1,ALSTOM | MONORAIL | MODELO 1 | SUP. TIPO 4 | IPE330 (35X) + HEA240 (34X) = 69X,IPE330,Perfil I
4799V1CI8,4799,codigo_numerico_candidato_a_projeto,1,1,ALSTOM | MONORAIL | MODELO 1 | SUP. TIPO 4 | IPE330 (35X) + HEA240 (34X) = 69X,IPE330,Perfil I
4799V1CI9,4799,codigo_numerico_candidato_a_projeto,1,1,ALSTOM | MONORAIL | MODELO 1 | SUP. TIPO 4 | IPE330 (35X) + HEA240 (34X) = 69X,IPE330,Perfil I
4836V001,4836,codigo_numerico_candidato_a_projeto,3,1,COLUNAS STEPPED POLES N170225 + N110523 + N105529 (201UN),76x3,Tubo redondo
4836V002,4836,codigo_numerico_candidato_a_projeto,1,1,COLUNAS STEPPED POLES N170225 + N110523 + N105529 (201UN),141x4,Tubo redondo
4836V003,4836,codigo_numerico_candidato_a_projeto,2,1,COLUNAS STEPPED POLES N170225 + N110523 + N105529 (201UN),76x3,Tubo redondo
4836V004,4836,codigo_numerico_candidato_a_projeto,3,1,COLUNAS STEPPED POLES N170225 + N110523 + N105529 (201UN),76x3,Tubo redondo
4886M001,4886,codigo_numerico_candidato_a_projeto,1,1,"BRAÇOS ""KC"" DUPLOS Ø60 1M 5ºINC | 2UN",60.3x2.9,Tubo redondo
4891K003,4891,codigo_numerico_candidato_a_projeto,1,1,TORRE TUBULAR 12M - 1UN,UPN100x50,Perfil U
4891S005,4891,codigo_numerico_candidato_a_projeto,1,1,BRAÇOS PARA MODELOS | C4 - SHAPIR- 219UN | REV.B,50x3,Tubo redondo
4891S012,4891,codigo_numerico_candidato_a_projeto,2,2,BRAÇOS PARA MODELOS | C4 - SHAPIR- 219UN | REV.B,110x3,Tubo redondo
4891S013,4891,codigo_numerico_candidato_a_projeto,2,2,BRAÇOS PARA MODELOS | C4 - SHAPIR- 219UN | REV.B,193.7x4,Tubo redondo
4891S019,4891,codigo_numerico_candidato_a_projeto,1,1,BRAÇOS PARA MODELOS | C4 - SHAPIR- 219UN | REV.B,76x3.25,Tubo redondo
4891S020,4891,codigo_numerico_candidato_a_projeto,1,1,BRAÇOS PARA MODELOS | C4 - SHAPIR- 219UN | REV.B,76x3.25,Tubo redondo
4891S041,4891,codigo_numerico_candidato_a_projeto,1,1,SQP400 | LGT+INJ | 32UN,400x400x12.5,Tubo quadrado
4891S042,4891,codigo_numerico_candidato_a_projeto,1,1,SQP400 | LGT+INJ | 32UN,400x400x12.5,Tubo quadrado
4891S613,4891,codigo_numerico_candidato_a_projeto,1,1,C3 | INJ + LGT | 8UN,30x30,Varão quadrado
4891S615,4891,codigo_numerico_candidato_a_projeto,1,1,C3 | INJ + LGT | 8UN,30x30,Varão quadrado
4891S618,4891,codigo_numerico_candidato_a_projeto,1,1,C4B | INJ+LGT | 8UN,40x40,Varão quadrado
4891S622,4891,codigo_numerico_candidato_a_projeto,1,1,CATENÁRIAS | C5B | LGT-WIFI-CCTV | 2UN,50x50,Varão quadrado
4891S627,4891,codigo_numerico_candidato_a_projeto,1,1,C4B | INJ+LGT | 8UN,40x40,Varão quadrado
4891S630,4891,codigo_numerico_candidato_a_projeto,1,1,CATENÁRIA| C6C-INJ 1UN,50x50,Varão quadrado
4891SKC1,4891,codigo_numerico_candidato_a_projeto,4,1,BRAÇOS PARA MODELOS | C4 - SHAPIR- 219UN | REV.B,76x3.25,Tubo redondo
4901K002,4901,codigo_numerico_candidato_a_projeto,1,1,BRAÇO ESPECIAL SIMPLES 2M 10º |10UN,60.3x2.9,Tubo redondo
4901K020,4901,codigo_numerico_candidato_a_projeto,1,1,BRAÇO ESPECIAL SIMPLES 2M 10º |10UN,60.3x2.9,Tubo redondo
4932V001,4932,codigo_numerico_candidato_a_projeto,1,1,BRAÇOS CEC1 SIMPLES 1.5M 5ºINC | 10UN,60x2.9,Tubo redondo
4957M002,4957,codigo_numerico_candidato_a_projeto,4,4,COLUNAS LPS-21.2762 (11UN),88.9x3.2,Tubo redondo
4957M004,4957,codigo_numerico_candidato_a_projeto,2,2,COLUNAS LPS-21.2762 (11UN),121x4,Tubo redondo
4957M501,4957,codigo_numerico_candidato_a_projeto,4,4,COLUNAS LPS-21.2762 (11UN),20x10x1,Calha
4994O016,4994,codigo_numerico_candidato_a_projeto,1,1,MEMBRURE E110301 + E110302  = RECLAMAÇÃO DQ61-084 =,168.3x4,Tubo redondo
5004V001,5004,codigo_numerico_candidato_a_projeto,1,1,ACESSÓRIOS TORRE PALMEIRA 12M - MOD. CA54N,12,Varão redondo
5004V005,5004,codigo_numerico_candidato_a_projeto,1,1,ACESSÓRIOS TORRE PALMEIRA 12M - MOD. CA54N,101.6x4,Tubo redondo
5050U002,5050,codigo_numerico_candidato_a_projeto,1,1,BRAÇOS SIMPLES FLECHE 1M 5º |13UN,60.3x2.9,Tubo redondo
5055O001,5055,codigo_numerico_candidato_a_projeto,2,2,COLUNA CIL6_V 9M FF DRT (1UN),50x3,Tubo redondo
5055O002,5055,codigo_numerico_candidato_a_projeto,1,1,BRAÇO SIMPLES Ø50 2M 5ºINC | 1UN,114x5,Tubo redondo
5055O033,5055,codigo_numerico_candidato_a_projeto,1,1,BRAÇO SIMPLES Ø50 2M 5ºINC | 1UN,140x6,Tubo redondo
5055OJ02,5055,codigo_numerico_candidato_a_projeto,1,1,COLUNA CIL6_V 9M FF DRT (1UN),140x6,Tubo redondo
5060L001,5060,codigo_numerico_candidato_a_projeto,2,2,BRAÇO CEC1 SIMPLES 0.5M 5º |1UN,60x2.9,Tubo redondo
5096V001,5096,codigo_numerico_candidato_a_projeto,2,2,BRAÇOS SIMPLES VOLT Ø60 1M 5º + BRAÇOS SIMPLES PARIS Ø60 1M 5º |20UN,60.3x2.9,Tubo redondo
5096V002,5096,codigo_numerico_candidato_a_projeto,2,2,BRAÇOS SIMPLES VOLT Ø60 1M 5º + BRAÇOS SIMPLES PARIS Ø60 1M 5º |20UN,60.3x2.9,Tubo redondo
5096V003,5096,codigo_numerico_candidato_a_projeto,2,2,BRAÇOS SIMPLES VOLT Ø60 1M 5º + BRAÇOS SIMPLES PARIS Ø60 1M 5º |20UN,8,Varão redondo
5098V001,5098,codigo_numerico_candidato_a_projeto,1,1,BRAÇOS AMOVIVEIS 0.5M 3º |3UN,60.3x2.9,Tubo redondo
5100T002,5100,codigo_numerico_candidato_a_projeto,7,7,CATENÁRIAS ROUND CONICAL | TSO- LYON T9 | C6H2 - 5UN,20,Varão redondo
5100T004,5100,codigo_numerico_candidato_a_projeto,7,7,CATENÁRIAS ROUND CONICAL | TSO- LYON T9 | C6H2 - 5UN,42.4x4,Tubo redondo
5100T505,5100,codigo_numerico_candidato_a_projeto,1,1,CATENÁRIAS ROUND CONICAL | TSO- LYON T9 | C4H1 = 8X,100x12,Barra
5100T512,5100,codigo_numerico_candidato_a_projeto,2,2,CATENÁRIAS ROUND CONICAL | TSO- LYON T9 | C4H2 - 19UN,100x16,Barra
5100T543,5100,codigo_numerico_candidato_a_projeto,1,1,CATENÁRIAS ROUND CONICAL | TSO- LYON T9 | C5H1 = 1X,100x18,Barra
5100T553,5100,codigo_numerico_candidato_a_projeto,1,1,CATENÁRIAS ROUND CONICAL | TSO- LYON T9 | C4H2 - 19UN,50x16,Barra
5120U005,5120,codigo_numerico_candidato_a_projeto,4,4,--- CRL3_V - 18M - TROÇOS (4UN),41x21x2.5,Calha
5121V001,5121,codigo_numerico_candidato_a_projeto,1,1,BRAÇOS SIMPLES DMAE02-1500 1.5M 5º |6UN,76x3.25,Tubo redondo
5122R001,5122,codigo_numerico_candidato_a_projeto,1,1,"BRAÇOS SIMPLES ""LUSO"" Ø60 1M 5º |2UN",60.3x2.9,Tubo redondo
5125V003,5125,codigo_numerico_candidato_a_projeto,1,1,--- COLUNAS ESPECIAS DE 20M (10UN),41x21x2.5,Calha
5136V002,5136,codigo_numerico_candidato_a_projeto,2,2,BRAÇO DMAE06 | 1UN,76.1x3.2,Tubo redondo
5158V102,5158,codigo_numerico_candidato_a_projeto,1,1,TD LIGNES | POSTES | PA31T25M_H18(1UN) | PA31T25M_H16+H18(1UN),80x40x4,Tubo retangular
5158V300,5158,codigo_numerico_candidato_a_projeto,1,1,TD LIGNES | POSTES | PA31T25M_H18(1UN) | PA31T25M_H16+H18(1UN),20,Varão redondo
5158V402,5158,codigo_numerico_candidato_a_projeto,1,1,TD LIGNES | ACESSÓRIOS | PA31T25M_H18(1UN) | PA31T25M_H16+H18(1UN),M16,Varão roscado
5176N001,5176,codigo_numerico_candidato_a_projeto,6,4,MEMBRURES - FASE 2,114.3x3,Tubo redondo
5185V001,5185,codigo_numerico_candidato_a_projeto,1,1,COURT TREA4000 (P71-23-057-E-SE),8,Varão redondo
5185V002,5185,codigo_numerico_candidato_a_projeto,1,1,COURT TREA4000 (P71-23-057-E-SE),30x30x3,Tubo quadrado
5189K001,5189,codigo_numerico_candidato_a_projeto,3,3,LIGHTPOLE 25M 2 LAYER - TELENET (1UN),60.3x2.9,Tubo redondo
5189K008,5189,codigo_numerico_candidato_a_projeto,3,1,ACESSÓRIOS PARA LIGHTPOLE 25M 2 LAYER - TELENET (1UN),M16,Varão roscado
5265V001,5265,codigo_numerico_candidato_a_projeto,1,1,COLUNA CURVA ESPECIAL 4.5M FF DRT (1UN),219.1x5,Tubo redondo
5265V002,5265,codigo_numerico_candidato_a_projeto,1,1,COLUNA CURVA ESPECIAL 4.5M FF DRT (1UN),76.1x4,Tubo redondo
5286U003,5286,codigo_numerico_candidato_a_projeto,1,1,BRAÇOS MURAL 1M 0º + BRAÇOS PBA SIMPLES 0.5M 5º + BRAÇOS SIMPLES/DUPLOS 2M 5º |9UN,48.3x2.9,Tubo redondo
5295V001,5295,codigo_numerico_candidato_a_projeto,1,1,--- TRAVESSA H 2.75M + COROA 2M | 4UN,UPN140x60,Perfil U
5295V002,5295,codigo_numerico_candidato_a_projeto,1,1,--- TRAVESSA H 2.75M + COROA 2M | 4UN,UPN140x60,Perfil U
5295V010,5295,codigo_numerico_candidato_a_projeto,1,1,--- TRAVESSA H 2.75M + COROA 2M | 4UN,50x40x3,Tubo retangular
53010133,,sem_padrao,2,2,RTE | PA3TM-20 | ACESSÓRIOS | 1UN,8,Varão redondo
5302T001,5302,codigo_numerico_candidato_a_projeto,1,1,ESTRIBOS,10.6,Varão redondo
5306T002,5306,codigo_numerico_candidato_a_projeto,1,1,BRAÇOS JADE 1M + PRAIA 0.5M 5º (3UN),60.3x2.9,Tubo redondo
5306T003,5306,codigo_numerico_candidato_a_projeto,1,1,BRAÇOS JADE 1M + PRAIA 0.5M 5º (3UN),76.1x3.25,Tubo redondo
5340L001,5340,codigo_numerico_candidato_a_projeto,1,1,LIGHTPOLE 25M - 2 LAYERS - (1UN),42.4x2.6,Tubo redondo
5340N002,5340,codigo_numerico_candidato_a_projeto,1,1,LIGHTPOLE 17M - PROXIMUS DESIGN,48.2x2.9,Tubo redondo
5370R001,5370,codigo_numerico_candidato_a_projeto,1,1,BRAÇO ESPECIAL DUPLO CORNO DE BOI 0.25M |24UN,60x3,Tubo redondo
5375VTU1,5375,codigo_numerico_candidato_a_projeto,1,1,ACESSÓRIOS TORRE PINHEIRO 21M - MOD. CA13I,76.1x3.2,Tubo redondo
5375VTU2,5375,codigo_numerico_candidato_a_projeto,1,1,ACESSÓRIOS TORRE PINHEIRO 21M - MOD. CA13I,76.1x3.2,Tubo redondo
5375VTU3,5375,codigo_numerico_candidato_a_projeto,1,1,ACESSÓRIOS TORRE PINHEIRO 21M - MOD. CA13I,76.1x3.2,Tubo redondo
5379V001,5379,codigo_numerico_candidato_a_projeto,1,1,___RECLAMAÇÃO___BRAÇOS Ø60 PBA KC 1M 10º | 21UN,60.3x2.9,Tubo redondo
5414U003,5414,codigo_numerico_candidato_a_projeto,1,1,BRAÇOS DUPLOS ROTTERDAM 0.75M 5º |10UN,26.9x2.6,Tubo redondo
5416TJ01,5416,codigo_numerico_candidato_a_projeto,5,5,COLUNA CIB8_V 6M FF DRT- (1UN),114x3,Tubo redondo
5416TJ02,5416,codigo_numerico_candidato_a_projeto,5,5,COLUNA CIB8_V 6M FF DRT- (1UN),76x3,Tubo redondo
5416TJ03,5416,codigo_numerico_candidato_a_projeto,1,1,COLUNAS CIB2_V 5M FF DRT (5UN),140x3,Tubo redondo
5438R001,5438,codigo_numerico_candidato_a_projeto,1,1,COROA CIRCULAR 1M |3UN,40x40x4,Tubo quadrado
5438R002,5438,codigo_numerico_candidato_a_projeto,2,2,COROA CIRCULAR 1M |3UN,40x40x4,Tubo quadrado
5440V002,5440,codigo_numerico_candidato_a_projeto,1,1,--- TRAVESSAS 2.5M + 1.8M (12UN),UPN100x50,Perfil U
5440V003,5440,codigo_numerico_candidato_a_projeto,1,1,--- COLUNAS ESPECIAIS 10M (6UN),41x21x2.5,Calha
5474T004,5474,codigo_numerico_candidato_a_projeto,2,2,ACESSÓRIOS TORRE PALMEIRA 15M - MOD. CA54N,76.1x3.2,Tubo redondo
5484N001,5484,codigo_numerico_candidato_a_projeto,2,1,BRAÇOS SIMPLES/DUPLOS BASTET Ø60 1M REMONTÉE 1M 10º |10UN,60.3x2.9,Tubo redondo
5492V001,5492,codigo_numerico_candidato_a_projeto,1,1,"BRAÇOS SIMPLES ""VELA"" Ø76 1M 5º |6UN",76.1x3.2,Tubo redondo
5492V003,5492,codigo_numerico_candidato_a_projeto,2,2,"BRAÇOS SIMPLES ""VELA"" Ø76 1M 5º + BRAÇOS SIMPLES ""BLUMM II"" Ø76 1.5M 5º + BRAÇO SIMPLES ""PALIO"" 1.415M 0º |28UN",60.3x2.9,Tubo redondo
5495V001,5495,codigo_numerico_candidato_a_projeto,1,1,BRAÇOS SIMPLES/DUPLOS EPURE 1.5M 5º + BRAÇO DUPLO VELA 1.2M 5º + BRAÇO SIMPLES 0.1M 5º |23UN,76.1x3.2,Tubo redondo
5495V002,5495,codigo_numerico_candidato_a_projeto,1,1,BRAÇOS SIMPLES/DUPLOS EPURE 1.5M 5º + BRAÇO DUPLO VELA 1.2M 5º + BRAÇO SIMPLES 0.1M 5º |23UN,76.1x3.2,Tubo redondo
5495V003,5495,codigo_numerico_candidato_a_projeto,1,1,BRAÇOS SIMPLES/DUPLOS EPURE 1.5M 5º + BRAÇO DUPLO VELA 1.2M 5º + BRAÇO SIMPLES 0.1M 5º |23UN,60.3x2.9,Tubo redondo
5504T065,5504,codigo_numerico_candidato_a_projeto,3,3,"SHAPIR | PURPLE LINE | TYPE A1 | LIGHTING (30X) + LIGHTING ""HA"" (2X) = 32X",60.3x3,Tubo redondo
5504T602,5504,codigo_numerico_candidato_a_projeto,6,6,SHAPIR | PURPLE LINE | NORMAL POLE - TYPE A =  5X,25x25,Barra
5504T603,5504,codigo_numerico_candidato_a_projeto,6,6,SHAPIR | PURPLE LINE | TYPE D - NORMAL = 75X,40x20,Varão retangular
5504T606,5504,codigo_numerico_candidato_a_projeto,2,2,SHAPIR | PURPLE LINE | TYPE C - NORMAL (2X) + INJECTION (3X) + ANCHORING (68X) = 73X,25x25,Varão quadrado
5504T607,5504,codigo_numerico_candidato_a_projeto,1,1,SHAPIR | PURPLE LINE | TYPE D - NORMAL (18X) + INJECTION (2X) = 20X,40x20,Barra
5504T633,5504,codigo_numerico_candidato_a_projeto,1,1,SHAPIR | PURPLE LINE | TYPE A | LIGHTING = 4X,25x25,Varão quadrado
5504T635,5504,codigo_numerico_candidato_a_projeto,1,1,"SHAPIR | PURPLE LINE | TYPE C | LIGHTING (3X) + ANCHORING ""AS"" (2X) = 5X",25x25,Varão quadrado
5504T637,5504,codigo_numerico_candidato_a_projeto,2,2,SHAPIR | PURPLE LINE | TYPE D | LIGHTING = 3X,40x20,Barra
5536V001,5536,codigo_numerico_candidato_a_projeto,2,1,COLUNAS CGBB_V 5M FE DRT C/ STEEL SLEEVE (7UN),76x2.6,Tubo redondo
5542V001,5542,codigo_numerico_candidato_a_projeto,1,1,PROTEÇÕES CABINA DE PORTAGEM - 2UN,114.3x6,Tubo redondo
5542V002,5542,codigo_numerico_candidato_a_projeto,1,1,PROTEÇÕES CABINA DE PORTAGEM - 2UN,114.3x6,Tubo redondo
5542V007,5542,codigo_numerico_candidato_a_projeto,1,1,PROTEÇÕES CABINA DE PORTAGEM - 2UN,114.3x6,Tubo redondo
5542V008,5542,codigo_numerico_candidato_a_projeto,1,1,PROTEÇÕES CABINA DE PORTAGEM - 2UN,114.3x6,Tubo redondo
5542V010,5542,codigo_numerico_candidato_a_projeto,1,1,PROTEÇÕES CABINA DE PORTAGEM - 2UN,114.3x6,Tubo redondo
5542V013,5542,codigo_numerico_candidato_a_projeto,1,1,PROTEÇÕES CABINA DE PORTAGEM - 2UN,114.3x6,Tubo redondo
5542V017,5542,codigo_numerico_candidato_a_projeto,1,1,PROTEÇÕES CABINA DE PORTAGEM - 2UN,114.3x6,Tubo redondo
5564V001,5564,codigo_numerico_candidato_a_projeto,1,1,COLUNAS CGBA_V 3M FE DRT (42UN),60x2.6,Tubo redondo
5564V002,5564,codigo_numerico_candidato_a_projeto,1,1,COLUNAS CGBA_V 3M FE DRT (42UN),108x3,Tubo redondo
5594V001,5594,codigo_numerico_candidato_a_projeto,1,1,BRAÇOS SIMPLES TOLEDO 1.5M 5º |69UN,48.3x2.9,Tubo redondo
5594V002,5594,codigo_numerico_candidato_a_projeto,1,1,BRAÇOS SIMPLES TOLEDO 1.5M 5º |69UN,48.3x2.9,Tubo redondo
5611V006,5611,codigo_numerico_candidato_a_projeto,1,1,COLUNA ORYX ASSIMÉTRICA ESPECIAL 6M (1UN),60.3x2.9,Tubo redondo
562025A4CB01,562025,codigo_numerico_candidato_a_projeto,1,1,VARÕES ROSCADOS M16X500 + MATERIAL EM FALTA P/ JUNTAS DE DILATAÇÃO - 1542UN,M16,Varão roscado
5622V001,5622,codigo_numerico_candidato_a_projeto,1,1,ACESSÓRIOS P/ TORRE TUBULAR 12M - 1UN,76.1x3.2,Tubo redondo
5725V001,5725,codigo_numerico_candidato_a_projeto,1,1,TRAVESSAS R76TU150 / R76TU050 |6UN,UPN140x60,Perfil U
5732O001,5732,codigo_numerico_candidato_a_projeto,1,1,--- CRSB_V 22M (ELIA) - CHUMBADOUROS Ø640X16XM24X1200 | 2UN,22,Varão redondo
5761V001,5761,codigo_numerico_candidato_a_projeto,1,1,SUPPORT VERIN TRK117,UPE240,Perfil U
5776P001,5776,codigo_numerico_candidato_a_projeto,2,2,BRAÇO SIMPLES 1M 2º |2UN,42.4x2.6,Tubo redondo
5815O015,5815,codigo_numerico_candidato_a_projeto,3,3,TORRE TUBULAR 15M,88.9x3.2,Tubo redondo
5822V003,5822,codigo_numerico_candidato_a_projeto,1,1,ACESSÓRIOS P/ TORRE TUBULAR 12M - 1UN,88.9x3.2,Tubo redondo
5826PP105,5826,codigo_numerico_candidato_a_projeto,1,1,TRANSNET | P5826 | TROÇOS,50x50,Varão quadrado
5826PP111,5826,codigo_numerico_candidato_a_projeto,1,1,TRANSNET | P5826 | TROÇOS,50x50,Varão quadrado
5826PP112,5826,codigo_numerico_candidato_a_projeto,1,1,TRANSNET | P5826 | TROÇOS,30,Varão redondo
5826PP113,5826,codigo_numerico_candidato_a_projeto,1,1,TRANSNET | P5826 | TROÇOS,30,Varão redondo
5826PP12,5826,codigo_numerico_candidato_a_projeto,1,1,TRANSNET | P5826 | TROÇOS,6,Varão redondo
5826PP120,5826,codigo_numerico_candidato_a_projeto,1,1,TRANSNET | P5826 | APOIOS NIVELADORES + GABARITS (TROÇO FUNDAÇÃO),193.7x12.5,Tubo redondo
5826PP126,5826,codigo_numerico_candidato_a_projeto,2,2,TRANSNET | P5826 | APOIOS NIVELADORES + GABARITS (TROÇO FUNDAÇÃO),UPN100x50,Perfil U
5826PP127,5826,codigo_numerico_candidato_a_projeto,2,2,TRANSNET | P5826 | APOIOS NIVELADORES + GABARITS (TROÇO FUNDAÇÃO),UPN100x50,Perfil U
5826PP13,5826,codigo_numerico_candidato_a_projeto,1,1,TRANSNET | P5826 | TROÇOS,6,Varão redondo
5826PP14,5826,codigo_numerico_candidato_a_projeto,1,1,TRANSNET | P5826 | TROÇOS,6,Varão redondo
5826PP149,5826,codigo_numerico_candidato_a_projeto,1,1,TRANSNET | P5826 | TROÇOS,50x50,Varão quadrado
5826PP15,5826,codigo_numerico_candidato_a_projeto,1,1,TRANSNET | P5826 | TROÇOS,6,Varão redondo
5826PP150,5826,codigo_numerico_candidato_a_projeto,1,1,TRANSNET | P5826 | TROÇOS,30,Varão redondo
5826PP151,5826,codigo_numerico_candidato_a_projeto,1,1,TRANSNET | P5826 | TROÇOS,50x50,Varão quadrado
5826PP152,5826,codigo_numerico_candidato_a_projeto,1,1,TRANSNET | P5826 | TROÇOS,30,Varão redondo
5826PP155,5826,codigo_numerico_candidato_a_projeto,1,1,TRANSNET | P5826 | TROÇO 6 (FUNDAÇÃO),50x50,Varão quadrado
5826PP156,5826,codigo_numerico_candidato_a_projeto,1,1,TRANSNET | P5826 | TROÇOS,50x50,Varão quadrado
5826PP157,5826,codigo_numerico_candidato_a_projeto,1,1,TRANSNET | P5826 | TROÇOS,50x50,Varão quadrado
5826PP158,5826,codigo_numerico_candidato_a_projeto,1,1,TRANSNET | P5826 | TROÇOS,30,Varão redondo
5826PP159,5826,codigo_numerico_candidato_a_projeto,4,4,TRANSNET | P5826 | TROÇO 6 (FUNDAÇÃO),219x12,Tubo redondo
5826PP16,5826,codigo_numerico_candidato_a_projeto,1,1,TRANSNET | P5826 | TROÇOS,6,Varão redondo
5826PP17,5826,codigo_numerico_candidato_a_projeto,1,1,TRANSNET | P5826 | TROÇOS,6,Varão redondo
5826PP18,5826,codigo_numerico_candidato_a_projeto,1,1,TRANSNET | P5826 | TROÇOS,6,Varão redondo
5826PP3,5826,codigo_numerico_candidato_a_projeto,2,2,TRANSNET | P5826 | TROÇO 6 (FUNDAÇÃO),100,Varão redondo
5826PP51,5826,codigo_numerico_candidato_a_projeto,2,2,TRANSNET | P5826 | APOIOS NIVELADORES + GABARITS (TROÇO FUNDAÇÃO),UPN100x50,Perfil U
5826PP61,5826,codigo_numerico_candidato_a_projeto,1,1,TRANSNET | P5826 | TROÇOS,30,Varão redondo
5826PP62,5826,codigo_numerico_candidato_a_projeto,1,1,TRANSNET | P5826 | TROÇOS,30,Varão redondo
5826PP63,5826,codigo_numerico_candidato_a_projeto,1,1,TRANSNET | P5826 | TROÇOS,30,Varão redondo
5826PP64,5826,codigo_numerico_candidato_a_projeto,1,1,TRANSNET | P5826 | TROÇOS,30,Varão redondo
5826PP65,5826,codigo_numerico_candidato_a_projeto,1,1,TRANSNET | P5826 | TROÇOS,30,Varão redondo
5826PP66,5826,codigo_numerico_candidato_a_projeto,1,1,TRANSNET | P5826 | TROÇOS,30,Varão redondo
5826PP67,5826,codigo_numerico_candidato_a_projeto,1,1,TRANSNET | P5826 | TROÇOS,30,Varão redondo
5826PP68,5826,codigo_numerico_candidato_a_projeto,1,1,TRANSNET | P5826 | TROÇOS,30,Varão redondo
5826PP69,5826,codigo_numerico_candidato_a_projeto,1,1,TRANSNET | P5826 | TROÇOS,30,Varão redondo
5826PP70,5826,codigo_numerico_candidato_a_projeto,1,1,TRANSNET | P5826 | TROÇOS,30,Varão redondo
5826PP71,5826,codigo_numerico_candidato_a_projeto,1,1,TRANSNET | P5826 | TROÇOS,30,Varão redondo
5826PP72,5826,codigo_numerico_candidato_a_projeto,1,1,TRANSNET | P5826 | TROÇOS,30,Varão redondo
5826PP73,5826,codigo_numerico_candidato_a_projeto,1,1,TRANSNET | P5826 | TROÇOS,30,Varão redondo
5826PP74,5826,codigo_numerico_candidato_a_projeto,1,1,TRANSNET | P5826 | TROÇOS,30,Varão redondo
5826PP75,5826,codigo_numerico_candidato_a_projeto,1,1,TRANSNET | P5826 | TROÇOS,30,Varão redondo
5826PP76,5826,codigo_numerico_candidato_a_projeto,2,2,TRANSNET | P5826 | TROÇO 6 (FUNDAÇÃO),50x50,Varão quadrado
5826PP77,5826,codigo_numerico_candidato_a_projeto,1,1,TRANSNET | P5826 | TROÇO 6 (FUNDAÇÃO),50x50,Varão quadrado
5826PP78,5826,codigo_numerico_candidato_a_projeto,2,2,TRANSNET | P5826 | APOIOS NIVELADORES + GABARITS (TROÇO FUNDAÇÃO),UPN100x50,Perfil U
5826PP79,5826,codigo_numerico_candidato_a_projeto,1,1,TRANSNET | P5826 | TROÇOS,50x50,Varão quadrado
5826PP80,5826,codigo_numerico_candidato_a_projeto,1,1,TRANSNET | P5826 | TROÇOS,50x50,Varão quadrado
5826PP81,5826,codigo_numerico_candidato_a_projeto,1,1,TRANSNET | P5826 | TROÇOS,50x50,Varão quadrado
5826PP82,5826,codigo_numerico_candidato_a_projeto,1,1,TRANSNET | P5826 | TROÇOS,50x50,Varão quadrado
5826PP83,5826,codigo_numerico_candidato_a_projeto,1,1,TRANSNET | P5826 | TROÇOS,50x50,Varão quadrado
5826PP84,5826,codigo_numerico_candidato_a_projeto,1,1,TRANSNET | P5826 | TROÇOS,50x50,Varão quadrado
5826PP85,5826,codigo_numerico_candidato_a_projeto,1,1,TRANSNET | P5826 | TROÇOS,50x50,Varão quadrado
5826PP86,5826,codigo_numerico_candidato_a_projeto,1,1,TRANSNET | P5826 | TROÇOS,50x50,Varão quadrado
5826PP87,5826,codigo_numerico_candidato_a_projeto,1,1,TRANSNET | P5826 | TROÇOS,50x50,Varão quadrado
5826PP88,5826,codigo_numerico_candidato_a_projeto,1,1,TRANSNET | P5826 | TROÇOS,50x50,Varão quadrado
5826PP89,5826,codigo_numerico_candidato_a_projeto,1,1,TRANSNET | P5826 | TROÇOS,50x50,Varão quadrado
5826PP90,5826,codigo_numerico_candidato_a_projeto,1,1,TRANSNET | P5826 | TROÇOS,50x50,Varão quadrado
5826PP98,5826,codigo_numerico_candidato_a_projeto,1,1,TRANSNET | P5826 | TROÇOS,114.3x3,Tubo redondo
5827PP4,5827,codigo_numerico_candidato_a_projeto,1,1,TRANSNET | P5827 | APOIOS NIVELADORES + GABARITS (TROÇO FUNDAÇÃO),193.7x12.5,Tubo redondo
5828PP102,5828,codigo_numerico_candidato_a_projeto,1,1,TRANSNET | P5828 | TROÇOS,30,Varão redondo
5828PP103,5828,codigo_numerico_candidato_a_projeto,1,1,TRANSNET | P5828 | TROÇOS,30,Varão redondo
5828PP104,5828,codigo_numerico_candidato_a_projeto,1,1,TRANSNET | P5828 | TROÇOS,50x50,Varão quadrado
5828PP21,5828,codigo_numerico_candidato_a_projeto,1,1,TRANSNET | P5828 | TROÇOS,6,Varão redondo
5828PP22,5828,codigo_numerico_candidato_a_projeto,1,1,TRANSNET | P5828 | TROÇOS,6,Varão redondo
5828PP23,5828,codigo_numerico_candidato_a_projeto,1,1,TRANSNET | P5828 | TROÇOS,6,Varão redondo
5828PP40,5828,codigo_numerico_candidato_a_projeto,2,2,TRANSNET | P5828 | TROÇO 4 (FUNDAÇÃO),50x50,Varão quadrado
5828PP41,5828,codigo_numerico_candidato_a_projeto,1,1,TRANSNET | P5828 | TROÇO 4 (FUNDAÇÃO),50x50,Varão quadrado
5828PP42,5828,codigo_numerico_candidato_a_projeto,1,1,TRANSNET | P5828 | TROÇO 4 (FUNDAÇÃO),50x50,Varão quadrado
5828PP43,5828,codigo_numerico_candidato_a_projeto,1,1,TRANSNET | P5828 | TROÇOS,50x50,Varão quadrado
5828PP44,5828,codigo_numerico_candidato_a_projeto,1,1,TRANSNET | P5828 | TROÇOS,50x50,Varão quadrado
5828PP45,5828,codigo_numerico_candidato_a_projeto,1,1,TRANSNET | P5828 | TROÇOS,50x50,Varão quadrado
5828PP46,5828,codigo_numerico_candidato_a_projeto,1,1,TRANSNET | P5828 | TROÇOS,50x50,Varão quadrado
5828PP51,5828,codigo_numerico_candidato_a_projeto,1,1,TRANSNET | P5828 | TROÇOS,30,Varão redondo
5828PP52,5828,codigo_numerico_candidato_a_projeto,1,1,TRANSNET | P5828 | TROÇOS,30,Varão redondo
5828PP53,5828,codigo_numerico_candidato_a_projeto,1,1,TRANSNET | P5828 | TROÇOS,30,Varão redondo
5828PP54,5828,codigo_numerico_candidato_a_projeto,1,1,TRANSNET | P5828 | TROÇOS,30,Varão redondo
5828PP55,5828,codigo_numerico_candidato_a_projeto,1,1,TRANSNET | P5828 | TROÇOS,30,Varão redondo
5828PP56,5828,codigo_numerico_candidato_a_projeto,1,1,TRANSNET | P5828 | TROÇOS,30,Varão redondo
5828PP57,5828,codigo_numerico_candidato_a_projeto,1,1,TRANSNET | P5828 | TROÇOS,30,Varão redondo
5828PP66,5828,codigo_numerico_candidato_a_projeto,1,1,TRANSNET | P5828 | TROÇOS,30,Varão redondo
5828PP67,5828,codigo_numerico_candidato_a_projeto,1,1,TRANSNET | P5828 | TROÇOS,50x50,Varão quadrado
5828PP85,5828,codigo_numerico_candidato_a_projeto,1,1,TRANSNET | P5828 | APOIOS NIVELADORES + GABARITS (TROÇO FUNDAÇÃO),88.9x10,Tubo redondo
5829PP102,5829,codigo_numerico_candidato_a_projeto,1,1,TRANSNET | P5829 | TROÇOS,50x50,Varão quadrado
5829PP103,5829,codigo_numerico_candidato_a_projeto,1,1,TRANSNET | P5829 | TROÇOS,30,Varão redondo
5829PP159,5829,codigo_numerico_candidato_a_projeto,2,2,TRANSNET | P5829 | TROÇO 4 (FUNDAÇÃO),219x12,Tubo redondo
5829PP3,5829,codigo_numerico_candidato_a_projeto,1,1,TRANSNET | P5829 | APOIOS NIVELADORES + GABARITS (TROÇO FUNDAÇÃO),114.3x6.3,Tubo redondo
5829PP34,5829,codigo_numerico_candidato_a_projeto,1,1,TRANSNET | P5829 | TROÇOS,6,Varão redondo
5829PP36,5829,codigo_numerico_candidato_a_projeto,1,1,TRANSNET | P5829 | TROÇOS,6,Varão redondo
5829PP37,5829,codigo_numerico_candidato_a_projeto,1,1,TRANSNET | P5829 | TROÇOS,6,Varão redondo
5829PP38,5829,codigo_numerico_candidato_a_projeto,1,1,TRANSNET | P5829 | TROÇOS,6,Varão redondo
5829PP39,5829,codigo_numerico_candidato_a_projeto,1,1,TRANSNET | P5829 | TROÇOS,6,Varão redondo
5829PP45,5829,codigo_numerico_candidato_a_projeto,2,2,TRANSNET | P5829 | TROÇO 4 (FUNDAÇÃO),50x50,Varão quadrado
5829PP46,5829,codigo_numerico_candidato_a_projeto,1,1,TRANSNET | P5829 | TROÇO 4 (FUNDAÇÃO),50x50,Varão quadrado
5829PP52,5829,codigo_numerico_candidato_a_projeto,1,1,TRANSNET | P5829 | TROÇOS,30x30,Varão quadrado
5829PP53,5829,codigo_numerico_candidato_a_projeto,1,1,TRANSNET | P5829 | TROÇOS,30,Varão redondo
5829PP54,5829,codigo_numerico_candidato_a_projeto,1,1,TRANSNET | P5829 | TROÇOS,30,Varão redondo
5829PP55,5829,codigo_numerico_candidato_a_projeto,1,1,TRANSNET | P5829 | TROÇOS,30,Varão redondo
5829PP57,5829,codigo_numerico_candidato_a_projeto,2,2,TRANSNET | P5829 | TROÇO 4 (FUNDAÇÃO),114.3x3,Tubo redondo
5829PP62,5829,codigo_numerico_candidato_a_projeto,1,1,TRANSNET | P5829 | TROÇOS,30,Varão redondo
5829PP63,5829,codigo_numerico_candidato_a_projeto,1,1,TRANSNET | P5829 | TROÇOS,30,Varão redondo
5829PP64,5829,codigo_numerico_candidato_a_projeto,1,1,TRANSNET | P5829 | TROÇOS,30,Varão redondo
5829PP65,5829,codigo_numerico_candidato_a_projeto,1,1,TRANSNET | P5829 | TROÇOS,30,Varão redondo
5829PP66,5829,codigo_numerico_candidato_a_projeto,1,1,TRANSNET | P5829 | TROÇOS,30,Varão redondo
5829PP67,5829,codigo_numerico_candidato_a_projeto,1,1,TRANSNET | P5829 | TROÇOS,30,Varão redondo
5829PP68,5829,codigo_numerico_candidato_a_projeto,1,1,TRANSNET | P5829 | TROÇOS,50x50,Varão quadrado
5829PP69,5829,codigo_numerico_candidato_a_projeto,1,1,TRANSNET | P5829 | TROÇOS,50x50,Varão quadrado
5829PP70,5829,codigo_numerico_candidato_a_projeto,1,1,TRANSNET | P5829 | TROÇOS,50x50,Varão quadrado
5829PP71,5829,codigo_numerico_candidato_a_projeto,1,1,TRANSNET | P5829 | TROÇOS,50x50,Varão quadrado
5829PP78,5829,codigo_numerico_candidato_a_projeto,1,1,TRANSNET | P5829 | APOIOS NIVELADORES + GABARITS (TROÇO FUNDAÇÃO),UPN100x50,Perfil U
5829PP79,5829,codigo_numerico_candidato_a_projeto,1,1,TRANSNET | P5829 | APOIOS NIVELADORES + GABARITS (TROÇO FUNDAÇÃO),UPN100x50,Perfil U
5829PP90,5829,codigo_numerico_candidato_a_projeto,1,1,TRANSNET | P5829 | TROÇOS,50x50,Varão quadrado
5829PP91,5829,codigo_numerico_candidato_a_projeto,1,1,TRANSNET | P5829 | TROÇOS,30,Varão redondo
5829PP92,5829,codigo_numerico_candidato_a_projeto,1,1,TRANSNET | P5829 | TROÇOS,30,Varão redondo
5829PP93,5829,codigo_numerico_candidato_a_projeto,1,1,TRANSNET | P5829 | TROÇOS,50x50,Varão quadrado
5829PP95,5829,codigo_numerico_candidato_a_projeto,1,1,TRANSNET | P5829 | TROÇO 4 (FUNDAÇÃO),50x50,Varão quadrado
5829PP98,5829,codigo_numerico_candidato_a_projeto,2,2,TRANSNET | P5828 | TROÇO 4 (FUNDAÇÃO),114.3x3,Tubo redondo
5848V001,5848,codigo_numerico_candidato_a_projeto,1,1,--- COROA 2.3M + SUPORTE DE PARA-RAIOS |12UN,48.3x2.9,Tubo redondo
5852UJ01,5852,codigo_numerico_candidato_a_projeto,3,3,COLUNAS ESPECIAS CCTV 6M (60UN),400x300x6,Tubo retangular
5852UJ02,5852,codigo_numerico_candidato_a_projeto,3,3,COLUNAS ESPECIAS CCTV 6M (60UN),193.7x4,Tubo redondo
5858P001,5858,codigo_numerico_candidato_a_projeto,3,3,ACESSÓRIOS TORRE TUBULAR 30M - MOD. CA03D,14,Varão redondo
5862Q005,5862,codigo_numerico_candidato_a_projeto,1,1,COLUNA CIT3_V TRICILINDRICA 10M FF DRT (1UN),168.3x4,Tubo redondo
5862Q006,5862,codigo_numerico_candidato_a_projeto,1,1,COLUNA CIT3_V TRICILINDRICA 10M FF DRT (1UN),88.9x3,Tubo redondo
5877T1103,5877,codigo_numerico_candidato_a_projeto,6,6,TORRE 50M | ABEL | TORRE REV.0 #GERMANY | 1UN,UPN180x70,Perfil U
5877T1104,5877,codigo_numerico_candidato_a_projeto,5,5,TORRE 50M | ABEL | TORRE REV.0 #GERMANY | 1UN,UPN180x70,Perfil U
5877T1105,5877,codigo_numerico_candidato_a_projeto,5,5,"1UN - 5877T14 - DQ54-125_x000D_
2UN - 5877T180 - DQ54-110",219.1x8,Tubo redondo
5877T1106,5877,codigo_numerico_candidato_a_projeto,7,7,TORRE 50M | ABEL | TORRE REV.0 #GERMANY | 1UN,UPN180x70,Perfil U
5877T1107,5877,codigo_numerico_candidato_a_projeto,5,5,TORRE 50M | ABEL | TORRE REV.0 #GERMANY | 1UN,UPN180x70,Perfil U
5877T12,5877,codigo_numerico_candidato_a_projeto,5,5,TORRE 50M | ABEL | TORRE REV.0 #GERMANY | 1UN,UPN180x70,Perfil U
5877T1203,5877,codigo_numerico_candidato_a_projeto,9,9,REPOSIÇÃO PEÇAS MAL FABRICADAS,12x12,Varão quadrado
5877T1204,5877,codigo_numerico_candidato_a_projeto,5,5,TORRE 50M | ABEL | TORRE REV.0 #GERMANY | 1UN,UPN180x70,Perfil U
5877T1205,5877,codigo_numerico_candidato_a_projeto,5,5,TORRE 50M | ABEL | TORRE REV.0 #GERMANY | 1UN,UPN180x70,Perfil U
5877T1206,5877,codigo_numerico_candidato_a_projeto,4,4,TORRES 30M / 40M / 45M / 50M | ABEL | ACESSÓRIOS REV.0 #GERMANY | 17UN,114.3x6.3,Tubo redondo
5877T1207,5877,codigo_numerico_candidato_a_projeto,5,5,TORRE 50M | ABEL | TORRE REV.0 #GERMANY | 1UN,UPN180x70,Perfil U
5877T1209,5877,codigo_numerico_candidato_a_projeto,5,5,TORRE 50M | ABEL | TORRE REV.0 #GERMANY | 1UN,UPN180x70,Perfil U
5877T1228,5877,codigo_numerico_candidato_a_projeto,5,5,TORRE 50M | ABEL | TORRE REV.0 #GERMANY | 1UN,UPN180x70,Perfil U
5877T13,5877,codigo_numerico_candidato_a_projeto,4,4,TORRE 50M | ABEL | TORRE REV.0 #GERMANY | 1UN,UPN180x70,Perfil U
5877T1303,5877,codigo_numerico_candidato_a_projeto,8,7,REPOSIÇÃO PEÇAS MAL FABRICADAS,12x12,Varão quadrado
5877T1304,5877,codigo_numerico_candidato_a_projeto,5,5,FALTAS INTERNAS,114.3x6.3,Tubo redondo
5877T1402,5877,codigo_numerico_candidato_a_projeto,7,7,OV2504689 | ABEL | TORRE 45M REV.0 #GERMANY | 1 UN,12x12,Varão quadrado
5877T1404,5877,codigo_numerico_candidato_a_projeto,5,5,FALTAS INTERNAS,114.3x6.3,Tubo redondo
5877T1503,5877,codigo_numerico_candidato_a_projeto,7,7,OV2504689 | ABEL | TORRE 45M REV.0 #GERMANY | 1 UN,12x12,Varão quadrado
5877T1504,5877,codigo_numerico_candidato_a_projeto,5,5,FALTAS INTERNAS,114.3x6.3,Tubo redondo
5877T1603,5877,codigo_numerico_candidato_a_projeto,7,7,OV2504689 | ABEL | TORRE 45M REV.0 #GERMANY | 1 UN,12x12,Varão quadrado
5877T1604,5877,codigo_numerico_candidato_a_projeto,5,5,FALTAS INTERNAS,114.3x6.3,Tubo redondo
5877T169,5877,codigo_numerico_candidato_a_projeto,6,6,OV2503133 + OV2503134 | ABEL | TORRE 45M REV.0 #GERMANY |2 UN,40x22x2,Calha
5877T1703,5877,codigo_numerico_candidato_a_projeto,7,7,OV2504689 | ABEL | TORRE 45M REV.0 #GERMANY | 1 UN,12x12,Varão quadrado
5877T1704,5877,codigo_numerico_candidato_a_projeto,5,5,FALTAS INTERNAS,114.3x6.3,Tubo redondo
5877T18,5877,codigo_numerico_candidato_a_projeto,5,5,TORRE 50M | ABEL | TORRE REV.0 #GERMANY | 1UN,UPN180x70,Perfil U
5877T1803,5877,codigo_numerico_candidato_a_projeto,8,8,REPOSIÇÃO PEÇAS MAL FABRICADAS,12x12,Varão quadrado
5877T1804,5877,codigo_numerico_candidato_a_projeto,4,4,TORRES 30M / 40M / 45M / 50M | ABEL | ACESSÓRIOS REV.0 #GERMANY | 17UN,114.3x6.3,Tubo redondo
5877T1902,5877,codigo_numerico_candidato_a_projeto,1,1,TORRES 30M / 40M / 45M / 50M | ABEL | ACESSÓRIOS REV.0 #GERMANY | 17UN,114.3x6.3,Tubo redondo
5877T1911,5877,codigo_numerico_candidato_a_projeto,3,3,TORRES 30M / 40M / 45M / 50M | ABEL | ACESSÓRIOS REV.0 #GERMANY | 17UN,114.3x6.3,Tubo redondo
5877T1929,5877,codigo_numerico_candidato_a_projeto,1,1,TORRES 30M / 40M / 45M / 50M | ABEL | ACESSÓRIOS REV.0 #GERMANY | 17UN,114.3x6.3,Tubo redondo
5877T208,5877,codigo_numerico_candidato_a_projeto,7,7,ABEL | ACESSÓRIOS P/TORRE 45M (REV.0) #GERMANY | 2UN.,40x22x2,Calha
5877T2101,5877,codigo_numerico_candidato_a_projeto,6,6,"FALTA DQ63-187_x000D_
2X BT60 + 1X BT212",UPN180,Perfil U
5877T211,5877,codigo_numerico_candidato_a_projeto,5,5,TORRES 40M / 50M | TELE-MOBIL | ACESSÓRIOS #GERMANY | 5UN,UPN180,Perfil U
5877T228,5877,codigo_numerico_candidato_a_projeto,6,5,ABEL | ACESSÓRIOS P/TORRE 50M (REV.0) #GERMANY | 3UN.,UPN50x25,Perfil U
5877T259,5877,codigo_numerico_candidato_a_projeto,5,5,TORRES 30M / 40M / 45M / 50M | ABEL | TORRE REV.0 #GERMANY | 9UN,40x22x2,Calha
5877T260,5877,codigo_numerico_candidato_a_projeto,5,5,TORRES 30M / 40M / 45M / 50M | ABEL | TORRE REV.0 #GERMANY | 9UN,40x22x2,Calha
5877T261,5877,codigo_numerico_candidato_a_projeto,5,5,TORRES 30M / 40M / 45M / 50M | ABEL | TORRE REV.0 #GERMANY | 9UN,40x22x2,Calha
5877T262,5877,codigo_numerico_candidato_a_projeto,5,5,TORRES 30M / 40M / 45M / 50M | ABEL | TORRE REV.0 #GERMANY | 9UN,40x22x2,Calha
5877T263,5877,codigo_numerico_candidato_a_projeto,5,5,TORRES 30M / 40M / 45M / 50M | ABEL | TORRE REV.0 #GERMANY | 9UN,40x22x2,Calha
5877T264,5877,codigo_numerico_candidato_a_projeto,5,5,TORRES 30M / 40M / 45M / 50M | ABEL | TORRE REV.0 #GERMANY | 9UN,40x22x2,Calha
5877T265,5877,codigo_numerico_candidato_a_projeto,5,5,TORRES 30M / 40M / 45M / 50M | ABEL | TORRE REV.0 #GERMANY | 9UN,40x22x2,Calha
5877T266,5877,codigo_numerico_candidato_a_projeto,1,1,TORRES 30M / 40M / 45M / 50M | ABEL | BASE + GABARIT REV.0 #GERMANY | 9UN,40x22,Calha
5877T267,5877,codigo_numerico_candidato_a_projeto,3,3,TORRES 30M / 40M / 45M / 50M | ABEL | BASE + GABARIT REV.0 #GERMANY | 9UN,40x22,Calha
5877T269,5877,codigo_numerico_candidato_a_projeto,2,2,TORRES 30M / 40M / 45M / 50M | ABEL | BASE + GABARIT REV.0 #GERMANY | 9UN,40x22,Calha
5877T301,5877,codigo_numerico_candidato_a_projeto,5,5,TORRES 30M / 40M / 45M / 50M | ABEL | TORRE REV.0 #GERMANY | 9UN,40x22x2,Calha
5877T34,5877,codigo_numerico_candidato_a_projeto,5,5,TORRE 50M | ABEL | TORRE REV.0 #GERMANY | 1UN,UPN180x70,Perfil U
5877T374,5877,codigo_numerico_candidato_a_projeto,4,4,TORRES 30M / 40M / 45M / 50M | ABEL | BASE + GABARIT REV.0 #GERMANY | 9UN,40x22,Calha
5877T39,5877,codigo_numerico_candidato_a_projeto,4,4,TORRES 40M / 50M | TELE-MOBIL | TORRE #GERMANY | 5UN,UPN180x70,Perfil U
5877T4101,5877,codigo_numerico_candidato_a_projeto,6,6,SUP. ANTENAS - AB=200 - 1X,100x60x5,Tubo retangular
5877T4102,5877,codigo_numerico_candidato_a_projeto,5,5,DQ54-124 - SUP. ANTENAS,100x60x5,Tubo retangular
5877T4103,5877,codigo_numerico_candidato_a_projeto,6,6,DQ54-124 - SUP. ANTENAS,114.3x6.3,Tubo redondo
5877T41036,5877,codigo_numerico_candidato_a_projeto,1,1,ABEL | ACESSÓRIOS P/TORRE 50M (REV.0) #GERMANY | 3UN.,114.3x6.3,Tubo redondo
5877T4104,5877,codigo_numerico_candidato_a_projeto,7,7,FALTAS INTERNAS,114.3x6.3,Tubo redondo
5877T5101,5877,codigo_numerico_candidato_a_projeto,6,6,ABEL | ACESSÓRIOS P/TORRE 50M (REV.0) #GERMANY | 3UN.,16,Varão redondo
5877T5102,5877,codigo_numerico_candidato_a_projeto,5,4,ABEL | ACESSÓRIOS P/TORRE 50M (REV.0) #GERMANY | 3UN.,UPN50x25,Perfil U
5877T6103,5877,codigo_numerico_candidato_a_projeto,7,7,REPOSIÇÃO PEÇAS MAL FABRICADAS,12x12,Varão quadrado
5877T6104,5877,codigo_numerico_candidato_a_projeto,4,4,TORRES 30M / 40M / 45M / 50M | ABEL | ACESSÓRIOS REV.0 #GERMANY | 17UN,114.3x6.3,Tubo redondo
5877T6422,5877,codigo_numerico_candidato_a_projeto,5,5,BT376 - DQ54-158,114.3x6.3,Tubo redondo
5877T98,5877,codigo_numerico_candidato_a_projeto,6,5,TORRE 50M | ABEL | TORRE REV.0 #GERMANY | 1UN,UPN180x70,Perfil U
587T5102,587,codigo_numerico_candidato_a_projeto,1,1,TORRES 40M / 50M | TELE-MOBIL | ACESSÓRIOS #GERMANY | 5UN,UPN50,Perfil U
5937R001,5937,codigo_numerico_candidato_a_projeto,1,1,TECPOLES | FOUNDATION PILES (HEB260) = 20X,HEB260B,Perfil H
5937R002,5937,codigo_numerico_candidato_a_projeto,1,1,TECPOLES | FOUNDATION PILES (HEB260) = 20X,HEB260B,Perfil H
5942V001,5942,codigo_numerico_candidato_a_projeto,1,1,TORRE TUBULAR 12M,273x5,Tubo redondo
5942V002,5942,codigo_numerico_candidato_a_projeto,1,1,TORRE TUBULAR 12M,114.3x3,Tubo redondo
5942V003,5942,codigo_numerico_candidato_a_projeto,1,1,CÉRCEAS TORRE TUBULAR 12M,M16,Varão roscado
5942V004,5942,codigo_numerico_candidato_a_projeto,1,1,TORRE TUBULAR 12M,60.3x3,Tubo redondo
5997T002,5997,codigo_numerico_candidato_a_projeto,1,1,BRAÇOS SIMPLES/AMOVIVEIS PARIS Ø60 0.75M/1M 5º |15UN,60.3x2.9,Tubo redondo
6003K004,6003,codigo_numerico_candidato_a_projeto,2,2,BRAÇO LUMINÁRIA P/ LIGHTING POLE,60.3x3.2,Tubo redondo
6009T002,6009,codigo_numerico_candidato_a_projeto,3,3,BRAÇOS CAO8 SIMPLES/DUPLOS 1.25M 10º |50UN,63x3,Tubo redondo
6052VTU1,6052,codigo_numerico_candidato_a_projeto,1,1,SUPORTE MW 1M P/ TORRE CA42M,60.3x3,Tubo redondo
6053V001,6053,codigo_numerico_candidato_a_projeto,2,1,COLUNAS STEPPED POLES N170230 (5UN),76.1x2.9,Tubo redondo
6053V002,6053,codigo_numerico_candidato_a_projeto,1,1,COLUNAS STEPPED POLES N170230 (5UN),133x4,Tubo redondo
6067V001,6067,codigo_numerico_candidato_a_projeto,1,1,BRAÇOS PBA Ø60 1M 3º |10UN,60.3x2.9,Tubo redondo
6068V002,6068,codigo_numerico_candidato_a_projeto,1,1,BRAÇOS Ø60 DECO PARIS SIMPLES/DUPLOS 1M 2ºINC | 23UN,60.3x2.9,Tubo redondo
6068V003,6068,codigo_numerico_candidato_a_projeto,1,1,BRAÇOS Ø60 DECO PARIS SIMPLES/DUPLOS 1M 2ºINC | 23UN,60.3x2.9,Tubo redondo
6068V004,6068,codigo_numerico_candidato_a_projeto,1,1,BRAÇOS Ø60 DECO PARIS SIMPLES/DUPLOS 1M 2ºINC | 23UN,60.3x2.9,Tubo redondo
6085U001,6085,codigo_numerico_candidato_a_projeto,2,2,COLUNAS LPS-21.2855 + LPS-21.2759-B_V (6UN),121x4,Tubo redondo
6105V002,6105,codigo_numerico_candidato_a_projeto,1,1,BRAÇOS SIMPLES Ø60 0.86M/0.88M 5ºINC + BOLA DECORATIVA | 43UN,60.3x2.9,Tubo redondo
6109T001,6109,codigo_numerico_candidato_a_projeto,3,3,BRAÇOS LORMONT 1.5M 5º INC C/ BOLA DECORATIVA | 9UN,60.3x2.9,Tubo redondo
6109T002,6109,codigo_numerico_candidato_a_projeto,1,1,BRAÇOS SIMPLES Ø60 LORMONT 1.5M 5º |8UN,60.3x2.9,Tubo redondo
6109T003,6109,codigo_numerico_candidato_a_projeto,1,1,BRAÇOS SIMPLES Ø60 LORMONT 1.5M 5º |8UN,60.3x2.9,Tubo redondo
6121V001,6121,codigo_numerico_candidato_a_projeto,1,1,BRAÇOS ESPECIAL JADE SIMPLES |30UN,76.1x3.2,Tubo redondo
6121V002,6121,codigo_numerico_candidato_a_projeto,1,1,BRAÇOS ESPECIAL JADE SIMPLES |30UN,60.3x2.9,Tubo redondo
6121V003,6121,codigo_numerico_candidato_a_projeto,1,1,BRAÇOS ESPECIAL JADE SIMPLES |30UN,60.3x2.9,Tubo redondo
6121V004,6121,codigo_numerico_candidato_a_projeto,1,1,BRAÇOS ESPECIAL JADE SIMPLES |30UN,60.3x2.9,Tubo redondo
6121V005,6121,codigo_numerico_candidato_a_projeto,1,1,BRAÇOS ESPECIAL JADE SIMPLES |30UN,60.3x2.9,Tubo redondo
6130V000,6130,codigo_numerico_candidato_a_projeto,1,1,--- CRSA_V 20M - TROÇOS (4UN),12,Varão redondo
6131V000,6131,codigo_numerico_candidato_a_projeto,2,2,"--- CRL5 18M - TRAVESSA 1,5M DRV TB QD P/Ø89 + LISTAS | 4UN",60x60x4,Tubo quadrado
6133V015,6133,codigo_numerico_candidato_a_projeto,1,1,ACESSÓRIOS PÓRTICO 23.195M,40x40x3,Tubo quadrado
6133V016,6133,codigo_numerico_candidato_a_projeto,1,1,ACESSÓRIOS PÓRTICO 23.195M,30x30x3,Tubo quadrado
6133V017,6133,codigo_numerico_candidato_a_projeto,1,1,ACESSÓRIOS PÓRTICO 23.195M,40x40x3,Tubo quadrado
6133V018,6133,codigo_numerico_candidato_a_projeto,1,1,ACESSÓRIOS PÓRTICO 23.195M,30x30x3,Tubo quadrado
6133V019,6133,codigo_numerico_candidato_a_projeto,1,1,ACESSÓRIOS PÓRTICO 23.195M,40x40x3,Tubo quadrado
6133V020,6133,codigo_numerico_candidato_a_projeto,1,1,ACESSÓRIOS PÓRTICO 23.195M,40x40x3,Tubo quadrado
6133V021,6133,codigo_numerico_candidato_a_projeto,1,1,ACESSÓRIOS PÓRTICO 23.195M,30x30x3,Tubo quadrado
6133V022,6133,codigo_numerico_candidato_a_projeto,1,1,ACESSÓRIOS PÓRTICO 23.195M,30x30x3,Tubo quadrado
6133V023,6133,codigo_numerico_candidato_a_projeto,1,1,ACESSÓRIOS PÓRTICO 23.195M,40x40x3,Tubo quadrado
6133V024,6133,codigo_numerico_candidato_a_projeto,1,1,ACESSÓRIOS PÓRTICO 23.195M,30x30x3,Tubo quadrado
6133V025,6133,codigo_numerico_candidato_a_projeto,1,1,ACESSÓRIOS PÓRTICO 23.195M,40x40x3,Tubo quadrado
6138V013,6138,codigo_numerico_candidato_a_projeto,1,1,ACESSÓRIOS - PÓRTICO 23.571M,40x40x3,Tubo quadrado
6138V014,6138,codigo_numerico_candidato_a_projeto,1,1,ACESSÓRIOS - PÓRTICO 23.571M,40x40x3,Tubo quadrado
6138V015,6138,codigo_numerico_candidato_a_projeto,1,1,ACESSÓRIOS - PÓRTICO 23.571M,40x40x3,Tubo quadrado
6138V017,6138,codigo_numerico_candidato_a_projeto,1,1,ACESSÓRIOS - PÓRTICO 23.571M,40x40x3,Tubo quadrado
6138V018,6138,codigo_numerico_candidato_a_projeto,1,1,ACESSÓRIOS - PÓRTICO 23.571M,30x30x3,Tubo quadrado
6138V019,6138,codigo_numerico_candidato_a_projeto,1,1,ACESSÓRIOS - PÓRTICO 23.571M,30x30x3,Tubo quadrado
6138V020,6138,codigo_numerico_candidato_a_projeto,1,1,ACESSÓRIOS - PÓRTICO 23.571M,30x30x3,Tubo quadrado
6138V021,6138,codigo_numerico_candidato_a_projeto,1,1,ACESSÓRIOS - PÓRTICO 23.571M,30x30x3,Tubo quadrado
6231V001,6231,codigo_numerico_candidato_a_projeto,1,1,,88.9x3.2,Tubo redondo
6231V002,6231,codigo_numerico_candidato_a_projeto,1,1,,60.3x2.9,Tubo redondo
6240N023,6240,codigo_numerico_candidato_a_projeto,1,1,ACESSORIOS TORRE TUBULAR 12M (1X) E 20M (2X),76.1x3.2,Tubo redondo
6243M001,6243,codigo_numerico_candidato_a_projeto,1,1,BRAÇO POR ABRAÇADEIRA 0.5M |2UN,60.3x2.9,Tubo redondo
6265N004,6265,codigo_numerico_candidato_a_projeto,1,1,ACESSÓRIOS TORRE TUBULAR 12M,UPN65,Perfil U
6265N014,6265,codigo_numerico_candidato_a_projeto,2,2,LIGHTPOLE 25M 2 LAYER - TELENET (1UN),76.1x3.25,Tubo redondo
6273U100,6273,codigo_numerico_candidato_a_projeto,7,7,PTUB | ELECNOR | PRIO 0 | OF1 | ACESSÓRIOS,90x90x4,Tubo quadrado
6273U101,6273,codigo_numerico_candidato_a_projeto,5,5,PTUB | ELECNOR | PRIO 2 | OF1 | ACESSÓRIOS,200x200x5,Tubo quadrado
6273U102,6273,codigo_numerico_candidato_a_projeto,4,4,PTUB | ELECNOR | PRIO 5 | ACESSÓRIOS,350x350x8,Tubo quadrado
6273U103,6273,codigo_numerico_candidato_a_projeto,1,1,PTUB | ELECNOR | PRIO 5 | ACESSÓRIOS,350x350x8,Tubo quadrado
6273U300,6273,codigo_numerico_candidato_a_projeto,8,7,PTUB | ELECNOR | PRIO 1 | OF2 | POSTES,UPN80x45,Perfil U
6273U850,6273,codigo_numerico_candidato_a_projeto,11,10,PTUB | ELECNOR | PRIO 2 | OF2 | POSTES,75x45,Chapa
6297L001,6297,codigo_numerico_candidato_a_projeto,1,1,BRAÇO SIMPLES Ø60 ASKA 0.75M C/ BOLA DECORATIVA |1UN,60.3x2.9,Tubo redondo
6299V001,6299,codigo_numerico_candidato_a_projeto,2,1,COLUNAS ESPECIAIS BI-CILINDRICAS 6M FE DRT (1224UN),139.7x5,Tubo redondo
6309U001,6309,codigo_numerico_candidato_a_projeto,12,6,COLUNAS ESPECIAIS 4.5M (50UN),76x4,Tubo redondo
6309U002,6309,codigo_numerico_candidato_a_projeto,6,6,COLUNAS ESPECIAIS 4.5M (50UN),150x4,Tubo redondo
6343Q013,6343,codigo_numerico_candidato_a_projeto,2,2,BRAÇOS CAO3 SIMPLES/DUPLOS 0.75M + CEC1 SIMPLES 1M 5º |22UN,60x2.9,Tubo redondo
6370U001,6370,codigo_numerico_candidato_a_projeto,1,1,___RECLAMAÇÃO___FLANGES DE TRANSIÇÃO (3UN),139.7x6,Tubo redondo
6377V012,6377,codigo_numerico_candidato_a_projeto,1,1,CHUMBADOUROS M24X700 + M18X500 |944UN,16,Varão redondo
6377V013,6377,codigo_numerico_candidato_a_projeto,1,1,CHUMBADOUROS M24X700 + M18X500 |944UN,22,Varão redondo
6388V001,6388,codigo_numerico_candidato_a_projeto,1,1,BRAÇO CAO3 TRIPLO 0.75M 5ºINC | 1UN,63x3,Tubo redondo
6393T003,6393,codigo_numerico_candidato_a_projeto,1,1,BRAÇO DUPLO 0.5M 5º INC + BRAÇO R7660 SIMPLES KC 1.5M 5º INC | 2UN,76.1x3.25,Tubo redondo
6413V001,6413,codigo_numerico_candidato_a_projeto,3,1,COLUNAS TRI-CILINDRICAS ESPECIAIS DRT (30UN),159x10,Tubo redondo
6429V001,6429,codigo_numerico_candidato_a_projeto,1,1,ESQUADRO PARA SEMI PORTICO / 1UN,350x350x10,Tubo quadrado
6440S001,6440,codigo_numerico_candidato_a_projeto,1,1,COLUNAS CLCA_V 9M FF DRV C/PON. Ø76X700 (1UN),80x3,Tubo redondo
6442N001,6442,codigo_numerico_candidato_a_projeto,1,1,ACESSÓRIOS PARA LIGHTPOLE 25M 2 LAYER - TELENET (1UN),88.9x3.2,Tubo redondo
6442V001,6442,codigo_numerico_candidato_a_projeto,1,1,--- FLANGE DE TRANSIÇÃO |1UN,406x10,Tubo redondo
6454U001,6454,codigo_numerico_candidato_a_projeto,3,1,____RECLAMAÇÃO____COLUNAS BI-CILÍNDRICAS 7M FF DRT C/ REDUÇÃO (1UN),88.9x3.2,Tubo redondo
6457V001,6457,codigo_numerico_candidato_a_projeto,1,1,IPE400 - 4UN,IPE400,Perfil I
6462U001,6462,codigo_numerico_candidato_a_projeto,1,1,BRAÇOS DUPLOS 1.5M/1M 5ºINC | 3UN,76.1x3.25,Tubo redondo
6468U004,6468,codigo_numerico_candidato_a_projeto,1,1,"--- CRL3_V - 16M - TRAVESSA 0,5M + LISTAS | 4UN",UPN140x60,Perfil U
6481V001,6481,codigo_numerico_candidato_a_projeto,1,1,TUBO Ø89 2000X1300 30º |40UN,89x3,Tubo redondo
6482-S1,,sem_padrao,1,1,STATNETT | SUBS | BUSBAR RACKS | 2026,273x12.5,Tubo redondo
6482-S2,,sem_padrao,1,1,STATNETT | SUBS | BUSBAR RACKS | 2026,273x12.5,Tubo redondo
6482B-1,,sem_padrao,1,1,STATNETT | SUBS | BUSBAR RACKS | 2026,UPE160,Perfil U
6501V001,6501,codigo_numerico_candidato_a_projeto,6,2,COLUNAS CGTB_V 6.5M FE DRT C/ STEEL SLEEVE (2UN),76x2.6,Tubo redondo
6564U001,6564,codigo_numerico_candidato_a_projeto,1,1,"_____RECLAMAÇÃO______x000D_
ADAPTADOR PARA LUMINÁRIA>FLAMINGO |15UN",100x100x4,Tubo quadrado
6568J004,6568,codigo_numerico_candidato_a_projeto,6,2,COLUNAS CIT1 4M FE DRT (30UN),60x3,Tubo redondo
6579T001,6579,codigo_numerico_candidato_a_projeto,1,1,COROA CIRCULAR Ø1M |1UN,40x40x4,Tubo quadrado
6579T002,6579,codigo_numerico_candidato_a_projeto,1,1,COROA CIRCULAR Ø1M |1UN,40x40x4,Tubo quadrado
6586V003,6586,codigo_numerico_candidato_a_projeto,1,1,BRAÇO DMAD03-500/1500 | 1UN,16,Varão redondo
6607V001,6607,codigo_numerico_candidato_a_projeto,1,1,"BRAÇOS ""WING"" SIMPLES/DUPLOS 0.5M 5º |6UN",60.3x2.9,Tubo redondo
6607V002,6607,codigo_numerico_candidato_a_projeto,1,1,"BRAÇOS ""WING"" SIMPLES/DUPLOS 0.5M 5º |6UN",48.3x2.9,Tubo redondo
6607V003,6607,codigo_numerico_candidato_a_projeto,1,1,"BRAÇOS ""WING"" SIMPLES/DUPLOS 0.5M 5º |6UN",60.3x2.9,Tubo redondo
6607V004,6607,codigo_numerico_candidato_a_projeto,1,1,"BRAÇOS ""WING"" SIMPLES/DUPLOS 0.5M 5º |6UN",60.3x2.9,Tubo redondo
660V005,660,codigo_numerico_candidato_a_projeto,1,1,"BRAÇOS ""WING"" SIMPLES/DUPLOS 0.5M 5º |6UN",48.3x2.9,Tubo redondo
6647V009,6647,codigo_numerico_candidato_a_projeto,2,2,ACESSÓRIOS TORRE TUBULAR 30M - MOD. CA63O,UPN65x42,Perfil U
6647V010,6647,codigo_numerico_candidato_a_projeto,2,2,ACESSÓRIOS TORRE TUBULAR 30M - MOD. CA63O,UPN50x25,Perfil U
6647V011,6647,codigo_numerico_candidato_a_projeto,2,2,ACESSÓRIOS TORRE TUBULAR 30M - MOD. CA63O,UPN50x25,Perfil U
6647V012,6647,codigo_numerico_candidato_a_projeto,2,2,ACESSÓRIOS TORRE TUBULAR 30M - MOD. CA63O,UPN50x25,Perfil U
6647V013,6647,codigo_numerico_candidato_a_projeto,2,2,ACESSÓRIOS TORRE TUBULAR 30M - MOD. CA63O,76.1x3.2,Tubo redondo
6655S002,6655,codigo_numerico_candidato_a_projeto,2,2,BRAÇOS CEC1 SIMPLES 1.25M 10º |1UN,60x2.9,Tubo redondo
66599950,,sem_padrao,1,1,PETITJEAN | ANEIS = 400X,76.1x3,Tubo redondo
6690V005,6690,codigo_numerico_candidato_a_projeto,1,1,ACESSÓRIOS TORRE TUBULAR 12M,76.1x3.2,Tubo redondo
6708V001,6708,codigo_numerico_candidato_a_projeto,1,1,TORRE TUBULAR 36M,UPN120x55,Perfil U
6708V015,6708,codigo_numerico_candidato_a_projeto,1,1,ACESSÓRIOS PARA TORRE TUBULAR 36M,88.9x3.2,Tubo redondo
6708V016,6708,codigo_numerico_candidato_a_projeto,1,1,ACESSÓRIOS PARA TORRE TUBULAR 36M,88.9x3.2,Tubo redondo
6708V017,6708,codigo_numerico_candidato_a_projeto,1,1,ACESSÓRIOS PARA TORRE TUBULAR 36M,76.1x3.2,Tubo redondo
6708V018,6708,codigo_numerico_candidato_a_projeto,1,1,ACESSÓRIOS PARA TORRE TUBULAR 36M,76.1x3.2,Tubo redondo
6708V019,6708,codigo_numerico_candidato_a_projeto,1,1,ACESSÓRIOS PARA TORRE TUBULAR 36M,76.1x3.2,Tubo redondo
6708V020,6708,codigo_numerico_candidato_a_projeto,1,1,ACESSÓRIOS PARA TORRE TUBULAR 36M,76.1x3.2,Tubo redondo
6708V021,6708,codigo_numerico_candidato_a_projeto,1,1,ACESSÓRIOS PARA TORRE TUBULAR 36M,76.1x3.2,Tubo redondo
6708V022,6708,codigo_numerico_candidato_a_projeto,1,1,ACESSÓRIOS PARA TORRE TUBULAR 36M,76.1x3.2,Tubo redondo
6708V026,6708,codigo_numerico_candidato_a_projeto,1,1,ACESSÓRIOS PARA TORRE TUBULAR 36M,76.1x3.2,Tubo redondo
6708V027,6708,codigo_numerico_candidato_a_projeto,1,1,ACESSÓRIOS PARA TORRE TUBULAR 36M,60.3x2.9,Tubo redondo
6795Q001,6795,codigo_numerico_candidato_a_projeto,2,2,COLUNAS CFC2_V 6M FF DRT C/ REDUÇÃO Ø60X100 (2UN),60.3x2.9,Tubo redondo
6832O002,6832,codigo_numerico_candidato_a_projeto,1,1,COLUNAS ESPECIAIS 10M FF DRT (2UN),15,Varão redondo
6836V000,6836,codigo_numerico_candidato_a_projeto,1,1,"--- CRL3_V/ CRL4_V - 16M - TRAVESSA TOPO TB QD 60X60 2M + TRAVESSA ESTRIBOS 1,55M + LISTAS | 4UN",60x60x4,Tubo quadrado
6872U000,6872,codigo_numerico_candidato_a_projeto,1,1,--- CRS3 - 25M - SUPORTE PÁRA-RAIOS | 3UN,88.9x3.2,Tubo redondo
6926Q001,6926,codigo_numerico_candidato_a_projeto,3,3,TECPOLES | FOUNDATION PILES (HEB260) = 20X,HEB260B,Perfil H
6926Q002,6926,codigo_numerico_candidato_a_projeto,1,1,TECPOLES | FOUNDATION PILES (HEB260) = 20X,30x4,Tubo redondo
6970U002,6970,codigo_numerico_candidato_a_projeto,1,1,BRAÇOS MURAL 1M 0º + BRAÇOS PBA SIMPLES 0.5M 5º + BRAÇOS SIMPLES/DUPLOS 2M 5º |9UN,108x3,Tubo redondo
6996V001,6996,codigo_numerico_candidato_a_projeto,2,1,--- STEPPED POLES 45827006-10457665 (30UN),168x5,Tubo redondo
7012V001,7012,codigo_numerico_candidato_a_projeto,2,1,COLUNAS STEPPED POLES (10UN),133x4,Tubo redondo
7012V002,7012,codigo_numerico_candidato_a_projeto,1,1,COLUNAS STEPPED POLES (10UN),141x3,Tubo redondo
7012V003,7012,codigo_numerico_candidato_a_projeto,1,1,COLUNAS STEPPED POLES (10UN),25,Varão redondo
7012V004,7012,codigo_numerico_candidato_a_projeto,3,1,COLUNAS STEPPED POLES 36039422 (50UN),76x2.6,Tubo redondo
7012V005,7012,codigo_numerico_candidato_a_projeto,1,1,COLUNAS STEPPED POLES 36039422 (50UN),133x4,Tubo redondo
7033V001,7033,codigo_numerico_candidato_a_projeto,1,1,"--- CRSA 20M - TRAVESSA 2,75M + SUPOR. PROJ. +  LISTAS | 1UN",80x80x5,Tubo quadrado
7063VJ01,7063,codigo_numerico_candidato_a_projeto,1,1,COLUNA CIL7_V 4.5M FF DRT (1UN),101.6x3,Tubo redondo
7067V001,7067,codigo_numerico_candidato_a_projeto,1,1,COLUNAS CIB5_V 8M FE DRT (1UN),89x3,Tubo redondo
7067V002,7067,codigo_numerico_candidato_a_projeto,1,1,COLUNAS CIB5_V 8M FE DRT (1UN),140x3,Tubo redondo
7115V001,7115,codigo_numerico_candidato_a_projeto,2,1,IPE180 / 4UN,IPE180,Perfil I
7151VJ01,7151,codigo_numerico_candidato_a_projeto,1,1,COLUNAS CIB2_V 4M FF DRT (1UN),140x4,Tubo redondo
7151VJ02,7151,codigo_numerico_candidato_a_projeto,1,1,COLUNAS CIB2_V 4M FF DRT (1UN),76x3,Tubo redondo
7151VJ03,7151,codigo_numerico_candidato_a_projeto,1,1,COLUNAS CIB5_V 6M FF DRT (5UN),140x4,Tubo redondo
7182V001,7182,codigo_numerico_candidato_a_projeto,1,1,BRAÇO TRIPLO 0.25M 15º INC | 1UN,76.1x3.2,Tubo redondo
7258V001,7258,codigo_numerico_candidato_a_projeto,1,1,PRUMO FIXAÇÃO DE REDE + CHAPAS + ESCORAS - 124UN,60x40x4,Tubo retangular
7258V002,7258,codigo_numerico_candidato_a_projeto,1,1,PRUMO FIXAÇÃO DE REDE + CHAPAS + ESCORAS - 124UN,60x40x4,Tubo retangular
7258V003,7258,codigo_numerico_candidato_a_projeto,1,1,PRUMO FIXAÇÃO DE REDE + CHAPAS + ESCORAS - 124UN,60x40x4,Tubo retangular
7275V001,7275,codigo_numerico_candidato_a_projeto,1,1,"TRAVESSAS ""R76"" 1M/1.5M/2M | 11UN",UPN65,Perfil U
7275V002,7275,codigo_numerico_candidato_a_projeto,1,1,"TRAVESSAS ""R76"" 1M/1.5M/2M | 11UN",UPN65,Perfil U
7275V003,7275,codigo_numerico_candidato_a_projeto,1,1,"TRAVESSAS ""R76"" 1M/1.5M/2M | 11UN",UPN65,Perfil U
7276V001,7276,codigo_numerico_candidato_a_projeto,1,1,CABEÇOTES SIMPLES E DUPLOS PARA COLUNAS CEC1 | 35UN,60.3x2.9,Tubo redondo
7276V002,7276,codigo_numerico_candidato_a_projeto,1,1,CABEÇOTES SIMPLES E DUPLOS PARA COLUNAS CEC1 | 35UN,76.1x3.2,Tubo redondo
7276V003,7276,codigo_numerico_candidato_a_projeto,1,1,CABEÇOTES SIMPLES E DUPLOS PARA COLUNAS CEC1 | 35UN,76.1x3.2,Tubo redondo
7283V001,7283,codigo_numerico_candidato_a_projeto,1,1,"BRAÇOS DUPLOS ""CORNO DE BOI"" 0.6M | 13UN",60.3x2.9,Tubo redondo
7283V002,7283,codigo_numerico_candidato_a_projeto,1,1,"BRAÇOS DUPLOS ""CORNO DE BOI"" 0.6M | 13UN",60.3x2.9,Tubo redondo
7312U001,7312,codigo_numerico_candidato_a_projeto,2,1,COLUNAS STEPPED POLES N4006387 + N4006392 + N4012212 + N4006390 (180UN),76.1x3,Tubo redondo
7336VJ01,7336,codigo_numerico_candidato_a_projeto,2,2,COLUNAS RECTANGULARES 4M FF DRT (21UN),200x100x4,Tubo retangular
7355VTU1,7355,codigo_numerico_candidato_a_projeto,1,1,ACESSÓRIOS TORRES TUBULARES 30M (1X) E 40M (1X) - MOD. CA43M E CA52M,76.1x3.2,Tubo redondo
7391V001,7391,codigo_numerico_candidato_a_projeto,1,1,TRAVESSAS Ø60 1M/1.5M + TRAVESSA C/ SUPORTE DE PAREDE 1.5M + SUPORTE + BRAÇO AMOVIVEL 0.15M 0º |89UN,80x80,Tubo quadrado
7391V020,7391,codigo_numerico_candidato_a_projeto,1,1,TRAVESSAS Ø60 1M/1.5M + TRAVESSA C/ SUPORTE DE PAREDE 1.5M + SUPORTE + BRAÇO AMOVIVEL 0.15M 0º |89UN,60.3x2.9,Tubo redondo
7406S004,7406,codigo_numerico_candidato_a_projeto,2,2,ACESSÓRIOS TORRE TUBULAR 25M,60.3x2.9,Tubo redondo
7406S012,7406,codigo_numerico_candidato_a_projeto,1,1,ACESSÓRIOS TORRE TUBULAR 15M,UPN65x42,Perfil U
7429V001,7429,codigo_numerico_candidato_a_projeto,1,1,VARÃO ROSCADO M20X200 - 352UN,M20,Varão roscado
7448U001,7448,codigo_numerico_candidato_a_projeto,7,1,TREILLIES T251 - 21UN - DQ54-199,60.3x2.9,Tubo redondo
7450V001,7450,codigo_numerico_candidato_a_projeto,10,2,COLUNAS ESPECIAIS BI-CILINDRICAS 3M/5M/6M FE DRT (1400UN),76.1x2.5,Tubo redondo
7502H005,7502,codigo_numerico_candidato_a_projeto,1,1,"BRAÇOS ""MOD CANA"" Ø60 0.75M 5ºINC | 5UN",60.3x2.9,Tubo redondo
7502H020,7502,codigo_numerico_candidato_a_projeto,1,1,"BRAÇOS ""MOD CANA"" Ø60 0.75M 5ºINC | 5UN",60.3x2.9,Tubo redondo
751VJ04,751,codigo_numerico_candidato_a_projeto,1,1,COLUNAS CIB5_V 6M FF DRT (5UN),89x3,Tubo redondo
7541T005,7541,codigo_numerico_candidato_a_projeto,1,1,ACESSÓRIOS P/ TORRE TUBULAR 18M (1X) E 20M (2X),20,Varão redondo
7541T009,7541,codigo_numerico_candidato_a_projeto,1,1,ACESSÓRIOS P/ TORRE TUBULAR 18M (1X) E 20M (2X),76x4,Tubo redondo
7541T010,7541,codigo_numerico_candidato_a_projeto,1,1,ACESSÓRIOS P/ TORRE TUBULAR 18M (1X) E 20M (2X),76x4,Tubo redondo
7545K001,7545,codigo_numerico_candidato_a_projeto,1,1,BRAÇOS SIMPLES Ø60 0.86M/0.88M 5ºINC + BOLA DECORATIVA | 43UN,60.3x2.9,Tubo redondo
7556V001,7556,codigo_numerico_candidato_a_projeto,1,1,ACESSÓRIOS TORRE TUBULAR 20M GREENTOWER - 1UN,101.6x5,Tubo redondo
7556V002,7556,codigo_numerico_candidato_a_projeto,1,1,ACESSÓRIOS TORRE TUBULAR 20M GREENTOWER - 1UN,50x50x5,Tubo quadrado
7556V003,7556,codigo_numerico_candidato_a_projeto,1,1,ACESSÓRIOS TORRE TUBULAR 20M GREENTOWER - 1UN,80x80x8,Tubo quadrado
7590M005,7590,codigo_numerico_candidato_a_projeto,3,3,"BRAÇO SIMPLES ""VIRGULE"" 1.5M 5ºINC | 1UN",60.3x2.9,Tubo redondo
7590M007,7590,codigo_numerico_candidato_a_projeto,1,1,"BRAÇO SIMPLES ""VIRGULE"" 1.5M 5ºINC | 1UN",76.1x3.25,Tubo redondo
7709VJ01,7709,codigo_numerico_candidato_a_projeto,1,1,COLUNAS CIL4_V 3M FF DRT C/ REDUÇÃO Ø60X70 (3UN),88.9x3,Tubo redondo
7711V001,7711,codigo_numerico_candidato_a_projeto,1,1,BRAÇOS SIMPLES C/ DRV 1M 5ºINC | 12UN,76.1x3.2,Tubo redondo
7711V002,7711,codigo_numerico_candidato_a_projeto,1,1,BRAÇOS SIMPLES C/ DRV 1M 5ºINC | 12UN,60.3x2.9,Tubo redondo
7711V003,7711,codigo_numerico_candidato_a_projeto,1,1,BRAÇOS SIMPLES C/ DRV 1M 5ºINC | 12UN,60.3x2.9,Tubo redondo
7745T001,7745,codigo_numerico_candidato_a_projeto,1,1,BRAÇOS SIMPLES/DUPLOS EPURE 1.5M 5º + BRAÇO DUPLO VELA 1.2M 5º + BRAÇO SIMPLES 0.1M 5º |23UN,76.1x3.2,Tubo redondo
7745T002,7745,codigo_numerico_candidato_a_projeto,1,1,BRAÇOS SIMPLES/DUPLOS EPURE 1.5M 5º + BRAÇO DUPLO VELA 1.2M 5º + BRAÇO SIMPLES 0.1M 5º |23UN,60.3x2.9,Tubo redondo
7745T003,7745,codigo_numerico_candidato_a_projeto,1,1,BRAÇOS SIMPLES/DUPLOS EPURE 1.5M 5º + BRAÇO DUPLO VELA 1.2M 5º + BRAÇO SIMPLES 0.1M 5º |23UN,76.1x3.2,Tubo redondo
7761O001,7761,codigo_numerico_candidato_a_projeto,1,1,COLUNAS CGC7 7.5M FE C/ BRAÇO SIMPLES 1.5M 15º C/ STEEL SLEEVE (2UN),42.4x2.65,Tubo redondo
7771V001,7771,codigo_numerico_candidato_a_projeto,1,1,PRUMOS IPN260 - 3UN,IPN260,Perfil I
7771V002,7771,codigo_numerico_candidato_a_projeto,1,1,PRUMOS IPN260 - 3UN,IPN260,Perfil I
7853V001,7853,codigo_numerico_candidato_a_projeto,1,1,ACESSÓRIOS TORRE PINHEIRO ESPECIAL 8M - MOD. CA22O,76.1x3.2,Tubo redondo
7853V002,7853,codigo_numerico_candidato_a_projeto,1,1,ACESSÓRIOS TORRE PINHEIRO ESPECIAL 8M - MOD. CA22O,76.1x3.2,Tubo redondo
7853VTU1,7853,codigo_numerico_candidato_a_projeto,1,1,ACESSÓRIOS TORRE PINHEIRO ESPECIAL 8M - MOD. CA22O,76.3x3.2,Tubo redondo
7853VTU2,7853,codigo_numerico_candidato_a_projeto,1,1,ACESSÓRIOS TORRE PINHEIRO ESPECIAL 8M - MOD. CA22O,76.3x3.2,Tubo redondo
7882V000,7882,codigo_numerico_candidato_a_projeto,1,1,"--- CRL3/ CRL5 16M - TRAVESSAS 2/2,3M + LISTAS | 6UN",UPN140x60,Perfil U
7892V001,7892,codigo_numerico_candidato_a_projeto,1,1,BRAÇOS SIMPLES 0.1M 5º INC | 2UN,76x4,Tubo redondo
7892V002,7892,codigo_numerico_candidato_a_projeto,1,1,BRAÇOS SIMPLES 0.1M 5º INC | 2UN,60.3x2.9,Tubo redondo
7893S001,7893,codigo_numerico_candidato_a_projeto,3,3,ACESSÓRIOS P/ PÓRTICO 19.25M,UPN120x55,Perfil U
7897V002,7897,codigo_numerico_candidato_a_projeto,1,1,PÓRTICOS | 350X350 | 2UN,350x350x16,Tubo quadrado
7897V003,7897,codigo_numerico_candidato_a_projeto,1,1,PÓRTICOS | 350X350 | 2UN,350x350x10,Tubo quadrado
7897V004,7897,codigo_numerico_candidato_a_projeto,1,1,PÓRTICOS | 350X350 | 2UN,350x350x10,Tubo quadrado
7897V005,7897,codigo_numerico_candidato_a_projeto,1,1,PÓRTICOS | 350X350 | 2UN,350x350x16,Tubo quadrado
7935Q001,7935,codigo_numerico_candidato_a_projeto,3,1,COLUNAS FLAMINGO 6M/9M/12M FE/FF DRT + BRAÇO 1M (56UN),70x70x6,Tubo quadrado
7935Q005,7935,codigo_numerico_candidato_a_projeto,1,1,COLUNAS FLAMINGO 6M/9M/12M FE/FF DRT + BRAÇO 1M (56UN),100x100x4,Tubo quadrado
8072V1,8072,codigo_numerico_candidato_a_projeto,1,1,CERCEAS E CHUMBADOUROS - TORRE TRIANGULAR 65M,UPN80,Perfil U
8072V2,8072,codigo_numerico_candidato_a_projeto,1,1,CERCEAS E CHUMBADOUROS - TORRE TRIANGULAR 65M,UPN80,Perfil U
8083S004,8083,codigo_numerico_candidato_a_projeto,1,1,TORRE PINHEIRO 12M ACCÈS NACELLE,114.3x4.5,Tubo redondo
8083S005,8083,codigo_numerico_candidato_a_projeto,1,1,TORRE PINHEIRO 12M ACCÈS NACELLE,114.3x4.5,Tubo redondo
8083S006,8083,codigo_numerico_candidato_a_projeto,1,1,TORRE PINHEIRO 12M ACCÈS NACELLE,114.3x4.5,Tubo redondo
8083S007,8083,codigo_numerico_candidato_a_projeto,1,1,TORRE PINHEIRO 12M ACCÈS NACELLE,114.3x4.5,Tubo redondo
8083S009,8083,codigo_numerico_candidato_a_projeto,1,1,TORRE PINHEIRO 12M ACCÈS NACELLE,114.3x4.5,Tubo redondo
8083S011,8083,codigo_numerico_candidato_a_projeto,1,1,TORRE PINHEIRO 12M ACCÈS NACELLE,114.3x4.5,Tubo redondo
8083S012,8083,codigo_numerico_candidato_a_projeto,1,1,TORRE PINHEIRO 12M ACCÈS NACELLE,101.6x4.5,Tubo redondo
8102V100,8102,codigo_numerico_candidato_a_projeto,1,1,RTE | G15 T4 W = 1UN | ACESSÓRIOS,UPE140,Perfil U
8102V101,8102,codigo_numerico_candidato_a_projeto,1,1,RTE | G15 T4 W = 1UN | ACESSÓRIOS,UPE140,Perfil U
8102V102,8102,codigo_numerico_candidato_a_projeto,1,1,RTE | G15 T4 W = 1UN | ACESSÓRIOS,UPE160,Perfil U
8102V103,8102,codigo_numerico_candidato_a_projeto,1,1,RTE | G15 T4 W = 1UN | ACESSÓRIOS,UPE120,Perfil U
8102V104,8102,codigo_numerico_candidato_a_projeto,1,1,RTE | G15 T4 W = 1UN | ACESSÓRIOS,UPE120,Perfil U
8102V105,8102,codigo_numerico_candidato_a_projeto,1,1,RTE | G15 T4 W = 1UN | ACESSÓRIOS,UPE120,Perfil U
8136R001,8136,codigo_numerico_candidato_a_projeto,3,3,ACESSÓRIOS MONOPOLE 12M (2X),76.1x3.2,Tubo redondo
8136RTU2,8136,codigo_numerico_candidato_a_projeto,3,3,ACESSÓRIOS MONOPOLE 12M (2X),76.1x3.2,Tubo redondo
8168V001,8168,codigo_numerico_candidato_a_projeto,1,1,COLUNA CIL7_V 6M FF C/ REDUÇÃO Ø60X70MM (1UN),101.6x3,Tubo redondo
8210U006,8210,codigo_numerico_candidato_a_projeto,1,1,SUPORTES DE PAINEL | 10 UN,IPE100,Perfil I
8210U007,8210,codigo_numerico_candidato_a_projeto,1,1,SUPORTES DE PAINEL | 10 UN,IPN100,Perfil I
8344R002,8344,codigo_numerico_candidato_a_projeto,4,4,BRAÇOS CAO8 SIMPLES 0.75M 0º/10º |85UN,63x3,Tubo redondo
8357U006,8357,codigo_numerico_candidato_a_projeto,1,1,ACESSÓRIOS PARA TORRE TUBULAR 36M,UPN65,Perfil U
8363T001,8363,codigo_numerico_candidato_a_projeto,1,1,BRAÇOS Ø60 SIMPLES OHM 1M 5º |18UN,60.3x2.9,Tubo redondo
8371T002,8371,codigo_numerico_candidato_a_projeto,1,1,"BRAÇOS ""KC"" Ø60 DUPLOS 1.5M 5º + ""KC"" Ø60 DUPLO 0.5M 5º C/90º AFASTAMENTO + MURAL Ø60 1M 5º |3UN",60.3x2.9,Tubo redondo
8446R001,8446,codigo_numerico_candidato_a_projeto,1,1,BRAÇOS SIMPLES 1.3M 15ºINC | 6UN,60.3x2.9,Tubo redondo
8691O001,8691,codigo_numerico_candidato_a_projeto,1,1,BRAÇO SIMPLES PUNTA Ø60MM 1M 5º DE INC |1UN,60.3x2.9,Tubo redondo
8691O002,8691,codigo_numerico_candidato_a_projeto,1,1,BRAÇO SIMPLES PUNTA Ø60MM 1M 5º DE INC |1UN,60.3x2.9,Tubo redondo
8691O003,8691,codigo_numerico_candidato_a_projeto,1,1,BRAÇO SIMPLES PUNTA Ø60MM 1M 5º DE INC |1UN,60.3x2.9,Tubo redondo
8693R003,8693,codigo_numerico_candidato_a_projeto,1,1,BRAÇOS PICHEY/KC Ø60 1M/1.5M/2.5M 5ºINC | 5UN,10,Varão redondo
8717U001,8717,codigo_numerico_candidato_a_projeto,1,1,ACESSÓRIOS TORRE PINHEIRO 12M - MOD. CA22O,76.1x3.2,Tubo redondo
8717UTU1,8717,codigo_numerico_candidato_a_projeto,1,1,ACESSÓRIOS TORRE PINHEIRO 12M - MOD. CA22O,76.1x3.2,Tubo redondo
8726U001,8726,codigo_numerico_candidato_a_projeto,1,1,ACESSÓRIOS TORRE PINHEIRO 16M - MOD. CA13I,76.1x3.2,Tubo redondo
8726U002,8726,codigo_numerico_candidato_a_projeto,1,1,ACESSÓRIOS TORRE PINHEIRO 16M - MOD. CA13I,76.1x3.2,Tubo redondo
8726U003,8726,codigo_numerico_candidato_a_projeto,1,1,ACESSÓRIOS TORRE PINHEIRO 16M - MOD. CA13I,76.1x3.2,Tubo redondo
8726UTU1,8726,codigo_numerico_candidato_a_projeto,1,1,ACESSÓRIOS TORRE PINHEIRO 16M - MOD. CA13I,76.1x3.2,Tubo redondo
8726UTU2,8726,codigo_numerico_candidato_a_projeto,1,1,ACESSÓRIOS TORRE PINHEIRO 16M - MOD. CA13I,76.1x3.2,Tubo redondo
8741U004,8741,codigo_numerico_candidato_a_projeto,1,1,PLATAFORMA ESPECIAL TORRE PINHEIRO 36M - MOD. CA22O,UPN80x45,Perfil U
8741U004A,8741,codigo_numerico_candidato_a_projeto,1,1,PLATAFORMA ESPECIAL TORRE PINHEIRO 36M - MOD. CA22O,UPN80x45,Perfil U
8742Q002,8742,codigo_numerico_candidato_a_projeto,1,1,BRAÇOS CAO8_V SIMPLES 1M 5ºINC + KC Ø60 DUPLOS 0.5M 5ºINC | 6UN,63x3,Tubo redondo
8788V001,8788,codigo_numerico_candidato_a_projeto,1,1,TRANSNET | SUPORTE | 5826N-P1-P5,500x300x8,Tubo retangular
8788V003,8788,codigo_numerico_candidato_a_projeto,1,1,TRANSNET | SUPORTE | 5826N-P1-P5,500x300x8,Tubo retangular
8788V004,8788,codigo_numerico_candidato_a_projeto,1,1,TRANSNET | SUPORTE | 5826N-P1-P5,500x300x8,Tubo retangular
8788V005,8788,codigo_numerico_candidato_a_projeto,1,1,TRANSNET | SUPORTE | 5826N-P1-P5,500x300x8,Tubo retangular
8788V006,8788,codigo_numerico_candidato_a_projeto,1,1,TRANSNET | SUPORTE | 5826N-P1-P5,500x300x8,Tubo retangular
8788V007,8788,codigo_numerico_candidato_a_projeto,1,1,TRANSNET | SUPORTE | 5826N-P1-P5,500x300x8,Tubo retangular
8788V009,8788,codigo_numerico_candidato_a_projeto,1,1,TRANSNET | SUPORTE | 5829N,500x300x8,Tubo retangular
8788V010,8788,codigo_numerico_candidato_a_projeto,1,1,TRANSNET | SUPORTE | 5829N,500x300x8,Tubo retangular
8788V012,8788,codigo_numerico_candidato_a_projeto,1,1,TRANSNET | SUPORTE | 5829N,500x300x8,Tubo retangular
8788V013,8788,codigo_numerico_candidato_a_projeto,1,1,TRANSNET | SUPORTE | 5829N,500x300x8,Tubo retangular
8788V014,8788,codigo_numerico_candidato_a_projeto,1,1,TRANSNET | SUPORTE | 5829N,500x300x8,Tubo retangular
8788V015,8788,codigo_numerico_candidato_a_projeto,1,1,TRANSNET | SUPORTE | 5829N,500x300x8,Tubo retangular
8788V016,8788,codigo_numerico_candidato_a_projeto,1,1,TRANSNET | SUPORTE | 5828N,500x300x8,Tubo retangular
8788V017,8788,codigo_numerico_candidato_a_projeto,1,1,TRANSNET | SUPORTE | 5828N,500x300x8,Tubo retangular
8788V018,8788,codigo_numerico_candidato_a_projeto,1,1,TRANSNET | SUPORTE | 5828N,500x300x8,Tubo retangular
8788V019,8788,codigo_numerico_candidato_a_projeto,1,1,TRANSNET | SUPORTE | 5828N,500x300x8,Tubo retangular
8788V020,8788,codigo_numerico_candidato_a_projeto,1,1,TRANSNET | SUPORTE | 5828N,500x300x8,Tubo retangular
8788V021,8788,codigo_numerico_candidato_a_projeto,1,1,TRANSNET | SUPORTE | 5827N,500x300x8,Tubo retangular
8788V022,8788,codigo_numerico_candidato_a_projeto,1,1,TRANSNET | SUPORTE | 5827N,500x300x8,Tubo retangular
8788V023,8788,codigo_numerico_candidato_a_projeto,1,1,TRANSNET | SUPORTE | 5827N,500x300x8,Tubo retangular
8788V024,8788,codigo_numerico_candidato_a_projeto,1,1,TRANSNET | SUPORTE | 5827N,500x300x8,Tubo retangular
8788V025,8788,codigo_numerico_candidato_a_projeto,1,1,TRANSNET | SUPORTE | 5827N,500x300x8,Tubo retangular
8788V026,8788,codigo_numerico_candidato_a_projeto,1,1,TRANSNET | SUPORTE | 5827N,500x300x8,Tubo retangular
8788V100,8788,codigo_numerico_candidato_a_projeto,1,1,TRANSNET | SUPORTE | 5826N-P1-P5,200x200x10,Tubo quadrado
8788V101,8788,codigo_numerico_candidato_a_projeto,1,1,TRANSNET | SUPORTE | 5826N-P1-P5,200x200x10,Tubo quadrado
8788V102,8788,codigo_numerico_candidato_a_projeto,1,1,TRANSNET | SUPORTE | 5826N-P1-P5,200x200x10,Tubo quadrado
8788V103,8788,codigo_numerico_candidato_a_projeto,1,1,TRANSNET | SUPORTE | 5826N-P1-P5,200x200x10,Tubo quadrado
8788V104,8788,codigo_numerico_candidato_a_projeto,1,1,TRANSNET | SUPORTE | 5826N-P1-P5,200x200x10,Tubo quadrado
8788V105,8788,codigo_numerico_candidato_a_projeto,1,1,TRANSNET | SUPORTE | 5826N-P1-P5,200x200x10,Tubo quadrado
8788V106,8788,codigo_numerico_candidato_a_projeto,1,1,TRANSNET | SUPORTE | 5829N,200x200x10,Tubo quadrado
8788V107,8788,codigo_numerico_candidato_a_projeto,1,1,TRANSNET | SUPORTE | 5829N,200x200x10,Tubo quadrado
8788V108,8788,codigo_numerico_candidato_a_projeto,1,1,TRANSNET | SUPORTE | 5829N,200x200x10,Tubo quadrado
8788V109,8788,codigo_numerico_candidato_a_projeto,1,1,TRANSNET | SUPORTE | 5829N,200x200x10,Tubo quadrado
8788V110,8788,codigo_numerico_candidato_a_projeto,1,1,TRANSNET | SUPORTE | 5829N,200x200x10,Tubo quadrado
8788V111,8788,codigo_numerico_candidato_a_projeto,1,1,TRANSNET | SUPORTE | 5829N,200x200x10,Tubo quadrado
8788V116,8788,codigo_numerico_candidato_a_projeto,1,1,TRANSNET | SUPORTE | 5828N,200x200x6,Tubo quadrado
8788V117,8788,codigo_numerico_candidato_a_projeto,1,1,TRANSNET | SUPORTE | 5828N,200x200x6,Tubo quadrado
8788V118,8788,codigo_numerico_candidato_a_projeto,1,1,TRANSNET | SUPORTE | 5828N,200x200x6,Tubo quadrado
8788V119,8788,codigo_numerico_candidato_a_projeto,1,1,TRANSNET | SUPORTE | 5828N,200x200x6,Tubo quadrado
8788V120,8788,codigo_numerico_candidato_a_projeto,1,1,TRANSNET | SUPORTE | 5828N,200x200x6,Tubo quadrado
8788V121,8788,codigo_numerico_candidato_a_projeto,1,1,TRANSNET | SUPORTE | 5827N,200x200x6,Tubo quadrado
8788V122,8788,codigo_numerico_candidato_a_projeto,1,1,TRANSNET | SUPORTE | 5827N,200x200x6,Tubo quadrado
8788V123,8788,codigo_numerico_candidato_a_projeto,1,1,TRANSNET | SUPORTE | 5827N,200x200x6,Tubo quadrado
8788V124,8788,codigo_numerico_candidato_a_projeto,1,1,TRANSNET | SUPORTE | 5827N,200x200x6,Tubo quadrado
8788V125,8788,codigo_numerico_candidato_a_projeto,1,1,TRANSNET | SUPORTE | 5827N,200x200x6,Tubo quadrado
8788V126,8788,codigo_numerico_candidato_a_projeto,1,1,TRANSNET | SUPORTE | 5827N,200x200x6,Tubo quadrado
8874T002,8874,codigo_numerico_candidato_a_projeto,1,1,BRAÇOS SIMPLES/MURAL LORMONT 1M/1.5M 5º |11UN,60.3x2.9,Tubo redondo
8901P01,8901,codigo_numerico_candidato_a_projeto,1,1,FORN | PROJETO BARREIRAS,IPN120,Perfil I
8901P02,8901,codigo_numerico_candidato_a_projeto,1,1,FORN | PROJETO BARREIRAS,HEA120A,Perfil H
8901P03,8901,codigo_numerico_candidato_a_projeto,1,1,FORN | PROJETO BARREIRAS,HEA120A,Perfil H
8951M003,8951,codigo_numerico_candidato_a_projeto,4,4,TORRE PALMEIRA 15M - MOD. CA54N,20,Varão redondo
8951M026,8951,codigo_numerico_candidato_a_projeto,3,3,ACESSÓRIOS TORRE PALMEIRA 15M - MOD. CA54N,42.4x4,Tubo redondo
8951M030,8951,codigo_numerico_candidato_a_projeto,4,4,ACESSÓRIOS TORRE PALMEIRA 15M - MOD. CA54N,42.4x4,Tubo redondo
8951M031,8951,codigo_numerico_candidato_a_projeto,2,2,ACESSÓRIOS TORRE PALMEIRA 20M - MOD. CA54N,42.4x4,Tubo redondo
8951M032,8951,codigo_numerico_candidato_a_projeto,2,2,ACESSÓRIOS TORRE PALMEIRA 20M - MOD. CA54N,42.4x4,Tubo redondo
8951M033,8951,codigo_numerico_candidato_a_projeto,2,2,ACESSÓRIOS TORRE PALMEIRA 20M - MOD. CA54N,42.4x4,Tubo redondo
8951M034,8951,codigo_numerico_candidato_a_projeto,2,2,ACESSÓRIOS TORRE PALMEIRA 20M - MOD. CA54N,42.4x4,Tubo redondo
8951M035,8951,codigo_numerico_candidato_a_projeto,2,2,ACESSÓRIOS TORRE PALMEIRA 20M - MOD. CA54N,42.4x4,Tubo redondo
8990P001,8990,codigo_numerico_candidato_a_projeto,1,1,"BRAÇOS SIMPLES ""KC"" Ø60 1.5M 5º + BRAÇO AMOVIVEL 0.5M 15º |2UN",60.3x2.9,Tubo redondo
9001UTU1,9001,codigo_numerico_candidato_a_projeto,1,1,ACESSÓRIOS EXTRA PINHEIRO,76.3x3.2,Tubo redondo
9001UTU2,9001,codigo_numerico_candidato_a_projeto,1,1,ACESSÓRIOS EXTRA PINHEIRO,76.3x3.2,Tubo redondo
9042U001,9042,codigo_numerico_candidato_a_projeto,3,1,COLUNAS CIT1 7M FF DRT (10UN),76x3,Tubo redondo
9088U001,9088,codigo_numerico_candidato_a_projeto,1,1,BRAÇOS CURVOS Ø60 1M/1.5M 3º |80UN,88.9x2.9,Tubo redondo
9138U001,9138,codigo_numerico_candidato_a_projeto,1,1,PÓRTICO 16.997M,114.3x3.6,Tubo redondo
9138U002,9138,codigo_numerico_candidato_a_projeto,1,1,PÓRTICO 16.997M,60.3x2.9,Tubo redondo
9138U004,9138,codigo_numerico_candidato_a_projeto,1,1,PÓRTICO 16.997M,114.3x3.6,Tubo redondo
9138U006,9138,codigo_numerico_candidato_a_projeto,1,1,PÓRTICO 16.997M,60.3x2.9,Tubo redondo
9138U007,9138,codigo_numerico_candidato_a_projeto,1,1,ACESSÓRIOS PÓRTICO 16.997M,UPN120x55,Perfil U
9138U008,9138,codigo_numerico_candidato_a_projeto,1,1,ACESSÓRIOS PÓRTICO 16.997M,UPN120x55,Perfil U
9138U009,9138,codigo_numerico_candidato_a_projeto,1,1,PÓRTICO 16.997M,60.3x2.9,Tubo redondo
9138U012,9138,codigo_numerico_candidato_a_projeto,1,1,ACESSÓRIOS PÓRTICO 16.997M,40x40x3,Tubo quadrado
9138U013,9138,codigo_numerico_candidato_a_projeto,1,1,ACESSÓRIOS PÓRTICO 16.997M,30x30x3,Tubo quadrado
9138U014,9138,codigo_numerico_candidato_a_projeto,1,1,ACESSÓRIOS PÓRTICO 16.997M,40x40x3,Tubo quadrado
9138U015,9138,codigo_numerico_candidato_a_projeto,1,1,ACESSÓRIOS PÓRTICO 16.997M,40x40x3,Tubo quadrado
9138U016,9138,codigo_numerico_candidato_a_projeto,1,1,ACESSÓRIOS PÓRTICO 16.997M,40x40x3,Tubo quadrado
9138U017,9138,codigo_numerico_candidato_a_projeto,1,1,ACESSÓRIOS PÓRTICO 16.997M,30x30x3,Tubo quadrado
9138U018,9138,codigo_numerico_candidato_a_projeto,1,1,ACESSÓRIOS PÓRTICO 16.997M,40x40x3,Tubo quadrado
9138U019,9138,codigo_numerico_candidato_a_projeto,1,1,ACESSÓRIOS PÓRTICO 16.997M,30x30x3,Tubo quadrado
9138U020,9138,codigo_numerico_candidato_a_projeto,1,1,ACESSÓRIOS PÓRTICO 16.997M,30x30x3,Tubo quadrado
9191U019,9191,codigo_numerico_candidato_a_projeto,1,1,TORRE TUBULAR 25M,60.9x2.9,Tubo redondo
9253U001,9253,codigo_numerico_candidato_a_projeto,1,1,COLUNAS ESPECIAIS 10M FF DRT (2UN),60.3x2.9,Tubo redondo
9271U000,9271,codigo_numerico_candidato_a_projeto,2,2,"--- CRS3_V 30M - COROA Ø2,3M + LISTAS | 9UN",50x40x3,Tubo retangular
9271U001,9271,codigo_numerico_candidato_a_projeto,2,2,"--- CRS3_V 30M - COROA Ø2,3M + LISTAS | 9UN",50x40x3,Tubo retangular
9271U002,9271,codigo_numerico_candidato_a_projeto,2,2,"--- CRS3_V 30M - COROA Ø2,3M + LISTAS | 9UN",40x40x5,Tubo quadrado
9271U003,9271,codigo_numerico_candidato_a_projeto,2,2,"--- CRS3_V 30M - COROA Ø2,3M + LISTAS | 9UN",40x40x5,Tubo quadrado
9271U004,9271,codigo_numerico_candidato_a_projeto,1,1,--- CRS3_V 30M - PATINS DES./ SUP. PARA-RAIOS/ DEGRAUS | 9UN,60.3x2.9,Tubo redondo
9271U005,9271,codigo_numerico_candidato_a_projeto,2,2,"--- CRS3_V 30M - COROA Ø2,3M + LISTAS | 9UN",200x5,Tubo redondo
9271U006,9271,codigo_numerico_candidato_a_projeto,2,2,--- CRS3_V 30M - PATINS DES./ SUP. PARA-RAIOS/ DEGRAUS | 9UN,40x40x3,Tubo quadrado
9271U007,9271,codigo_numerico_candidato_a_projeto,2,2,--- CRS3_V 30M - PATINS DES./ SUP. PARA-RAIOS/ DEGRAUS | 9UN,48.3x2.9,Tubo redondo
9286U001,9286,codigo_numerico_candidato_a_projeto,1,1,"TRAVESSAS ""R76"" UPN140 1M | 5UN",76.1x3.2,Tubo redondo
9299U001,9299,codigo_numerico_candidato_a_projeto,3,3,COLUNAS CILINDRICAS 3.35M FF DRT (1UN),88.9x3,Tubo redondo
9355O001,9355,codigo_numerico_candidato_a_projeto,1,1,BRAÇO MURAL QUARTZ 0.75M 0º |1UN,UPN160x65,Perfil U
9355O002,9355,codigo_numerico_candidato_a_projeto,1,1,BRAÇO MURAL QUARTZ 0.75M 0º |1UN,70x50x3,Tubo retangular
9355O003,9355,codigo_numerico_candidato_a_projeto,1,1,BRAÇO MURAL QUARTZ 0.75M 0º |1UN,100x100x4,Tubo quadrado
9355O004,9355,codigo_numerico_candidato_a_projeto,1,1,BRAÇO MURAL QUARTZ 0.75M 0º |1UN,12,Varão redondo
9369U001,9369,codigo_numerico_candidato_a_projeto,3,1,COLUNAS CGTB_V 6M FE DRT (1UN),76x2.6,Tubo redondo
9382R002,9382,codigo_numerico_candidato_a_projeto,1,1,COLUNAS CIB5_V 4M FF DRT (4UN),89x3,Tubo redondo
9422N10,9422,codigo_numerico_candidato_a_projeto,2,2,MONTANTES - TORRES IP 30M (13X) + 18M (1X),76.1x3,Tubo redondo
9422N20,9422,codigo_numerico_candidato_a_projeto,2,2,MONTANTES - TORRES IP 30M (13X) + 18M (1X),114.3x3,Tubo redondo
9422N30,9422,codigo_numerico_candidato_a_projeto,2,2,MONTANTES - TORRES IP 30M (13X) + 18M (1X),168.3x4,Tubo redondo
9422N40,9422,codigo_numerico_candidato_a_projeto,2,2,MONTANTES - TORRES IP 30M (13X) + 18M (1X),193.7x5,Tubo redondo
9422N45,9422,codigo_numerico_candidato_a_projeto,1,1,MONTANTES - TORRES IP 30M (13X) + 18M (1X),193.7x5,Tubo redondo
9422N50,9422,codigo_numerico_candidato_a_projeto,2,2,MONTANTES - TORRES IP 30M (13X) + 18M (1X),219.1x6,Tubo redondo
9422N60,9422,codigo_numerico_candidato_a_projeto,2,2,MONTANTES - TORRES IP 30M (13X) + 18M (1X),219.1x6,Tubo redondo
9422N817,9422,codigo_numerico_candidato_a_projeto,2,2,ACESSÓRIO P/ TORRE IP 30M (13X) + 18M (1X),12,Varão redondo
9422N818,9422,codigo_numerico_candidato_a_projeto,2,2,ACESSÓRIO P/ TORRE IP 30M (13X) + 18M (1X),12,Varão redondo
9422NU14,9422,codigo_numerico_candidato_a_projeto,2,2,CÉRCEAS + GABARIT P/ TORRES IP 18M (1X) E 30M (13X),UPN80x45,Perfil U
9432U003,9432,codigo_numerico_candidato_a_projeto,1,1,--- TRAVESSAS 1.2M + COROA 1.2M | 8UN,UPN140x60,Perfil U
9432U004,9432,codigo_numerico_candidato_a_projeto,1,1,--- TRAVESSAS 1.2M + COROA 1.2M | 8UN,60x40x4,Tubo retangular
9432U005,9432,codigo_numerico_candidato_a_projeto,1,1,--- TRAVESSAS 1.2M + COROA 1.2M | 8UN,40x40x5,Tubo quadrado
9492UJ01,9492,codigo_numerico_candidato_a_projeto,1,1,COLUNAS CIQ2_V 6M FF DRT C/ REDUÇÃO Ø76X175 (14UN),120x120x4,Tubo quadrado
9499R001,9499,codigo_numerico_candidato_a_projeto,2,2,ACESSÓRIOS TORRE PINHEIRO 16M - MOD. CA13I,76.1x3.2,Tubo redondo
9529U001,9529,codigo_numerico_candidato_a_projeto,3,3,BRAÇOS SIMPLES/DUPLOS CAO8 1.5M 10º |28UN,63x3,Tubo redondo
9529U002,9529,codigo_numerico_candidato_a_projeto,2,2,BRAÇOS SIMPLES/DUPLOS CAO8 1.5M 10º |28UN,63x3,Tubo redondo
9565UJ01,9565,codigo_numerico_candidato_a_projeto,1,1,COLUNAS CCS1 6M FF DRT (1UN),140x3,Tubo redondo
9565UJ02,9565,codigo_numerico_candidato_a_projeto,1,1,COLUNAS CCS1 6M FF DRT (1UN),76x3,Tubo redondo
9579U009,9579,codigo_numerico_candidato_a_projeto,2,2,"PATAMAR, ANEL E SUP. ANTENAS",88.9x3.2,Tubo redondo
9598M001,9598,codigo_numerico_candidato_a_projeto,3,3,BRAÇO SIMPLES JADE 1M |1UN + ANEIS DE FIXAÇÃO |2UN,48.3x2.9,Tubo redondo
9598M600,9598,codigo_numerico_candidato_a_projeto,1,1,BRAÇO SIMPLES JADE 1M |1UN + ANEIS DE FIXAÇÃO |2UN,41,Varão redondo
9634U001,9634,codigo_numerico_candidato_a_projeto,1,1,POSTES DE PROTEÇÃO C/ TAMPA (90UN),114.3x3.2,Tubo redondo
9637T001,9637,codigo_numerico_candidato_a_projeto,1,1,COLUNAS CIR3 FF DRT (10UN),300x100x5,Tubo retangular
9637T002,9637,codigo_numerico_candidato_a_projeto,1,1,COLUNAS CIR3 FF DRT (10UN),300x100x5,Tubo retangular
9637T003,9637,codigo_numerico_candidato_a_projeto,1,1,COLUNAS CIR3 FF DRT (10UN),300x100x5,Tubo retangular
9659U000,9659,codigo_numerico_candidato_a_projeto,1,1,"--- CRSA - 24M - COROA 1,5M | 3UN",180x6,Tubo redondo
9659U001,9659,codigo_numerico_candidato_a_projeto,1,1,--- CRSA - 24M - SUP. PÁRA-RAIOS + SUP. CAMARA + LISTAS | 3UN,48.3x2.9,Tubo redondo
9659U002,9659,codigo_numerico_candidato_a_projeto,1,1,--- CRSA - 24M - SUP. PÁRA-RAIOS + SUP. CAMARA + LISTAS | 3UN,48.3x2.9,Tubo redondo
9659U003,9659,codigo_numerico_candidato_a_projeto,1,1,--- CRSA - 24M - SUP. PÁRA-RAIOS + SUP. CAMARA + LISTAS | 3UN,48.3x2.9,Tubo redondo
9697T010,9697,codigo_numerico_candidato_a_projeto,1,1,CATENÁRIA - C4H3  (1 UN),48.4x4,Tubo redondo
9697T012,9697,codigo_numerico_candidato_a_projeto,1,1,CATENÁRIA - C2H3  (1 UN),48.4x4,Tubo redondo
9731Q001,9731,codigo_numerico_candidato_a_projeto,2,1,--- COLUNAS TUBULARES 10457667 (30UN),168x4.5,Tubo redondo
9731Q003,9731,codigo_numerico_candidato_a_projeto,3,2,--- COLUNAS 10401041 TECPOLES (3UN),108x4,Tubo redondo
9735P002,9735,codigo_numerico_candidato_a_projeto,1,1,RAQUETES LIMPAR BANHO RETIRAR PICOS E RAQUETES RETIRA PICOS,25,Varão redondo
9735P01,9735,codigo_numerico_candidato_a_projeto,1,1,RAQUETES LIMPAR BANHO RETIRAR PICOS E RAQUETES RETIRA PICOS,25x1.5,Tubo redondo
9735P03,9735,codigo_numerico_candidato_a_projeto,1,1,RAQUETES LIMPAR BANHO RETIRAR PICOS E RAQUETES RETIRA PICOS,25x1.5,Tubo redondo
9735P04,9735,codigo_numerico_candidato_a_projeto,1,1,RAQUETES LIMPAR BANHO RETIRAR PICOS E RAQUETES RETIRA PICOS,6,Varão redondo
9735R01,9735,codigo_numerico_candidato_a_projeto,1,1,RAQUETES LIMPAR BANHO RETIRAR PICOS E RAQUETES RETIRA PICOS,25x1.5,Tubo redondo
9735R03,9735,codigo_numerico_candidato_a_projeto,1,1,RAQUETES LIMPAR BANHO RETIRAR PICOS E RAQUETES RETIRA PICOS,25x1.5,Tubo redondo
9756U001,9756,codigo_numerico_candidato_a_projeto,1,1,"BRAÇOS SIMPLES ""VIRGULE"" 1.5M 2ºINC + EMBOUT Ø76/Ø60 | 11UN",76.1x3.25,Tubo redondo
9756U002,9756,codigo_numerico_candidato_a_projeto,4,3,"BRAÇOS SIMPLES ""VIRGULE"" 1.5M 2ºINC + EMBOUT Ø76/Ø60 | 11UN",60.3x2.9,Tubo redondo
9778UJ01,9778,codigo_numerico_candidato_a_projeto,1,1,COLUNAS CILÍNDRICA ESPECIAL DE 8M FE DRT (1UN),160x4,Tubo redondo
9814U001,9814,codigo_numerico_candidato_a_projeto,1,1,"BRAÇOS ""LORMONT"" SIMPLES 1M 0ºINC | 19UN",60.3x2.9,Tubo redondo
9814U002,9814,codigo_numerico_candidato_a_projeto,1,1,"BRAÇOS ""LORMONT"" SIMPLES 1M 0ºINC | 19UN",60.3x2.9,Tubo redondo
9864U001,9864,codigo_numerico_candidato_a_projeto,1,1,PÓRTICO 19.78M,114.3x3.6,Tubo redondo
9864U002,9864,codigo_numerico_candidato_a_projeto,1,1,PÓRTICO 19.78M,60.3x2.9,Tubo redondo
9864U004,9864,codigo_numerico_candidato_a_projeto,1,1,PÓRTICO 19.78M,114.3x3.6,Tubo redondo
9864U005,9864,codigo_numerico_candidato_a_projeto,1,1,PÓRTICO 19.78M,60.3x2.9,Tubo redondo
9864U007,9864,codigo_numerico_candidato_a_projeto,1,1,PÓRTICO 19.78M,114.3x3.6,Tubo redondo
9864U009,9864,codigo_numerico_candidato_a_projeto,1,1,PÓRTICO 19.78M,60.3x2.9,Tubo redondo
9864U010,9864,codigo_numerico_candidato_a_projeto,1,1,PÓRTICO 19.78M,60.3x2.9,Tubo redondo
9864U013,9864,codigo_numerico_candidato_a_projeto,1,1,PÓRTICO 19.78M,60.3x2.9,Tubo redondo
9864U014,9864,codigo_numerico_candidato_a_projeto,2,2,"ACESSÓRIOS P/ PÓRTICO 19,78M",40x40x3,Tubo quadrado
9864U015,9864,codigo_numerico_candidato_a_projeto,1,1,"ACESSÓRIOS P/ PÓRTICO 19,78M",40x40x3,Tubo quadrado
9864U016,9864,codigo_numerico_candidato_a_projeto,1,1,"ACESSÓRIOS P/ PÓRTICO 19,78M",30x30x3,Tubo quadrado
9864U017,9864,codigo_numerico_candidato_a_projeto,1,1,"ACESSÓRIOS P/ PÓRTICO 19,78M",40x40x3,Tubo quadrado
9864U018,9864,codigo_numerico_candidato_a_projeto,1,1,"ACESSÓRIOS P/ PÓRTICO 19,78M",30x30x3,Tubo quadrado
9864U019,9864,codigo_numerico_candidato_a_projeto,1,1,"ACESSÓRIOS P/ PÓRTICO 19,78M",40x40x3,Tubo quadrado
9864U020,9864,codigo_numerico_candidato_a_projeto,1,1,"ACESSÓRIOS P/ PÓRTICO 19,78M",30x30x3,Tubo quadrado
9864U021,9864,codigo_numerico_candidato_a_projeto,1,1,"ACESSÓRIOS P/ PÓRTICO 19,78M",40x40x3,Tubo quadrado
9864U022,9864,codigo_numerico_candidato_a_projeto,1,1,"ACESSÓRIOS P/ PÓRTICO 19,78M",30x30x3,Tubo quadrado
9864U023,9864,codigo_numerico_candidato_a_projeto,1,1,"ACESSÓRIOS P/ PÓRTICO 19,78M",40x40x3,Tubo quadrado
9864U024,9864,codigo_numerico_candidato_a_projeto,1,1,"ACESSÓRIOS P/ PÓRTICO 19,78M",30x30x3,Tubo quadrado
9864U025,9864,codigo_numerico_candidato_a_projeto,1,1,"ACESSÓRIOS P/ PÓRTICO 19,78M",40x40x3,Tubo quadrado
9864U026,9864,codigo_numerico_candidato_a_projeto,1,1,"ACESSÓRIOS P/ PÓRTICO 19,78M",30x30x3,Tubo quadrado
9864U027,9864,codigo_numerico_candidato_a_projeto,1,1,"ACESSÓRIOS P/ PÓRTICO 19,78M",40x40x3,Tubo quadrado
9864U028,9864,codigo_numerico_candidato_a_projeto,1,1,PÓRTICO 19.78M,114.3x3.6,Tubo redondo
9864U029,9864,codigo_numerico_candidato_a_projeto,1,1,PÓRTICO 19.78M,60.3x2.9,Tubo redondo
9935S001,9935,codigo_numerico_candidato_a_projeto,5,3,"BRAÇOS ""VELA"" Ø60 SIMPLES 1.2M 5º REMONTE 1M |8UN",60.3x2.9,Tubo redondo
9935S002,9935,codigo_numerico_candidato_a_projeto,1,1,"BRAÇOS ""VELA"" Ø60 SIMPLES 1.2M 5º REMONTE 1M |8UN",60.3x2.9,Tubo redondo
9955T010,9955,codigo_numerico_candidato_a_projeto,6,6,BRAÇOS R7660KC100S2_V + R7660KC050S2 | 2UN,76.1x3.2,Tubo redondo
9955T011,9955,codigo_numerico_candidato_a_projeto,8,8,BRAÇOS R7660KC100S2_V + R7660KC050S2 | 2UN,60.3x2.9,Tubo redondo
9955T012,9955,codigo_numerico_candidato_a_projeto,1,1,"___RECLAMAÇÃO___BRAÇOS ""CNINF"" / ""CTUB1"" SIMPLES 1M/1.5M 5ºINC | 3UN",76.1x3.2,Tubo redondo
9987UJ01,9987,codigo_numerico_candidato_a_projeto,1,1,COLUNAS CIL5_V 3.5M FF DRT C/REDUÇÃO Ø60X70 (48UN),114x3,Tubo redondo
A017U001,A017,letras_numero_letras_numero,2,2,COLUNAS BI-CILINDRICAS ESPECIAIS 6M/7M FF DRV (24UN),140x4,Tubo redondo
A017U002,A017,letras_numero_letras_numero,3,2,COLUNAS BI-CILINDRICAS ESPECIAIS 6M/7M FF DRV (24UN),76x4,Tubo redondo
A101Q001,A101,letras_numero_letras_numero,1,1,"BRAÇO TIPO ""PUNTA"" 1.25M 5º INC | 1UN",60.3x2.9,Tubo redondo
A101Q002,A101,letras_numero_letras_numero,1,1,"BRAÇO TIPO ""PUNTA"" 1.25M 5º INC | 1UN",60.3x2.9,Tubo redondo
A101Q003,A101,letras_numero_letras_numero,1,1,"BRAÇO TIPO ""PUNTA"" 1.25M 5º INC | 1UN",60.3x2.9,Tubo redondo
A114U003,A114,letras_numero_letras_numero,2,2,ACESSÓRIOS TORRE PALMEIRA 15M - MOD. CA54N,101.6x4,Tubo redondo
A114U004,A114,letras_numero_letras_numero,1,1,ACESSÓRIOS TORRE PALMEIRA 15M - MOD. CA54N,76.1x3.2,Tubo redondo
A114U005,A114,letras_numero_letras_numero,1,1,ACESSÓRIOS TORRE PALMEIRA 15M - MOD. CA54N,76.1x3.2,Tubo redondo
A114UTU1,A114,letras_numero_letras_numero,3,3,ACESSÓRIOS TORRE PALMEIRA 15M - MOD. CA54N,76.1x3.2,Tubo redondo
A114UTU2,A114,letras_numero_letras_numero,3,3,ACESSÓRIOS TORRE PALMEIRA 15M - MOD. CA54N,76.1x3.2,Tubo redondo
A114UTU3,A114,letras_numero_letras_numero,1,1,ACESSÓRIOS TORRE PALMEIRA 15M - MOD. CA54N,76.1x3.2,Tubo redondo
A114UTU4,A114,letras_numero_letras_numero,1,1,ACESSÓRIOS TORRE PALMEIRA 15M - MOD. CA54N,88.9x3.2,Tubo redondo
A131T028,A131,letras_numero_letras_numero,1,1,VARANDINS / PÓRTICO PMV 1UN,20,Varão redondo
A131T060,A131,letras_numero_letras_numero,1,1,VARANDINS / PÓRTICO PMV 1UN,20,Varão redondo
A131T061,A131,letras_numero_letras_numero,1,1,VARANDINS / PÓRTICO PMV 1UN,20,Varão redondo
A131T062,A131,letras_numero_letras_numero,1,1,VARANDINS / PÓRTICO PMV 1UN,20,Varão redondo
A131T078,A131,letras_numero_letras_numero,1,1,SUPORTES DE PAINEL | 5 UN,IPN120,Perfil I
A139U002,A139,letras_numero_letras_numero,1,1,--- COLUNAS ESTÁDIO 24M / 26M (4UN),10,Varão redondo
A251U001,A251,letras_numero_letras_numero,3,1,COLUNAS ESPECIAIS 3.5M/4.3M FF/FE DRT (70UN),168.3x5,Tubo redondo
A25S301,A25,letras_numero_letras_numero,1,1,TENNET | A390 | MAST 73 | EP2599,200x200x26,Cantoneira
A25S302,A25,letras_numero_letras_numero,1,1,TENNET | A390 | MAST 73 | EP2599,200x200x26,Cantoneira
A25S401,A25,letras_numero_letras_numero,1,1,TENNET | A390 | MAST 73 | EP2599,250x250x35,Cantoneira
A25S402,A25,letras_numero_letras_numero,1,1,TENNET | A390 | MAST 73 | EP2599,250x250x35,Cantoneira
A25S501,A25,letras_numero_letras_numero,1,1,TENNET | A390 | MAST 73 | EP2599,250x250x35,Cantoneira
A25S502,A25,letras_numero_letras_numero,1,1,TENNET | A390 | MAST 73 | EP2599,250x250x35,Cantoneira
A25S601,A25,letras_numero_letras_numero,1,1,TENNET | A390 | MAST 73 | EP2599,250x250x35,Cantoneira
A25S602,A25,letras_numero_letras_numero,1,1,TENNET | A390 | MAST 73 | EP2599,250x250x35,Cantoneira
A25S701,A25,letras_numero_letras_numero,1,1,TENNET A390 - PERNA POSTE 73 - EP2598,250x250x35,Cantoneira
A25S702,A25,letras_numero_letras_numero,1,1,TENNET A390 - PERNA POSTE 73 - EP2598,250x250x35,Cantoneira
A264U001,A264,letras_numero_letras_numero,1,1,,M45,Varão roscado
A264U002,A264,letras_numero_letras_numero,1,1,,M42,Varão roscado
A30S401,A30,letras_numero_letras_numero,1,1,TENNET A390 | TROÇOS POSTE 52 |  EP2650,250x250x24,Cantoneira
A30S402,A30,letras_numero_letras_numero,1,1,TENNET A390 | TROÇOS POSTE 52 |  EP2650,250x250x24,Cantoneira
A30S501,A30,letras_numero_letras_numero,1,1,TENNET A390 | TROÇOS POSTE 52 |  EP2650,250x250x24,Cantoneira
A30S502,A30,letras_numero_letras_numero,1,1,TENNET A390 | TROÇOS POSTE 52 |  EP2650,250x250x24,Cantoneira
A30S601,A30,letras_numero_letras_numero,1,1,"= PERNA POSTE 52 / 78 = EP2618 =_x000D_
= TENNET A390 =",250x250x24,Cantoneira
A30S602,A30,letras_numero_letras_numero,1,1,"= PERNA POSTE 52 / 78 = EP2618 =_x000D_
= TENNET A390 =",250x250x24,Cantoneira
A31S401,A31,letras_numero_letras_numero,3,3,TENNET A390 | TROÇOS POSTE 46 | EP2637,250x250x24,Cantoneira
A31S402,A31,letras_numero_letras_numero,3,3,TENNET A390 | TROÇOS POSTE 46 | EP2637,250x250x24,Cantoneira
A31S501,A31,letras_numero_letras_numero,3,3,TENNET A390 | TROÇOS POSTE 46 | EP2637,250x250x26,Cantoneira
A31S502,A31,letras_numero_letras_numero,3,3,TENNET A390 | TROÇOS POSTE 46 | EP2637,250x250x26,Cantoneira
A31S601,A31,letras_numero_letras_numero,3,3,TENNET A390 | TROÇOS POSTE 46 | EP2637,250x250x26,Cantoneira
A31S602,A31,letras_numero_letras_numero,3,3,TENNET A390 | TROÇOS POSTE 46 | EP2637,250x250x26,Cantoneira
A31S701,A31,letras_numero_letras_numero,2,2,"= PERNA POSTE 46 / 47 = EP2617 =_x000D_
= TENNET A390 =",250x250x26,Cantoneira
A31S702,A31,letras_numero_letras_numero,2,2,"= PERNA POSTE 46 / 47 = EP2617 =_x000D_
= TENNET A390 =",250x250x26,Cantoneira
A348Q003,A348,letras_numero_letras_numero,2,2,--- BRAÇO SIMPLES 1M 5º MURAL PARIS | 3UN,60.3x2.9,Tubo redondo
A35TT112,A35,letras_numero_letras_numero,1,1,TENNET | A390 | MAST 73 | EP2599,250x250x28,Cantoneira
A35TT113,A35,letras_numero_letras_numero,1,1,TENNET | A390 | MAST 73 | EP2599,250x250x28,Cantoneira
A35TT126,A35,letras_numero_letras_numero,1,1,TENNET | A390 | MAST 73 | EP2599,HEA220A,Perfil H
A35TT127,A35,letras_numero_letras_numero,1,1,TENNET | A390 | MAST 73 | EP2599,HEA220A,Perfil H
A35TT128,A35,letras_numero_letras_numero,1,1,TENNET | A390 | MAST 73 | EP2599,HEA220A,Perfil H
A35TT129,A35,letras_numero_letras_numero,1,1,TENNET | A390 | MAST 73 | EP2599,HEA220A,Perfil H
A35TT142,A35,letras_numero_letras_numero,1,1,TENNET | A390 | MAST 73 | EP2599,HEA220A,Perfil H
A35TT143,A35,letras_numero_letras_numero,1,1,TENNET | A390 | MAST 73 | EP2599,HEA220A,Perfil H
A35TT144,A35,letras_numero_letras_numero,1,1,TENNET | A390 | MAST 73 | EP2599,HEA220A,Perfil H
A35TT145,A35,letras_numero_letras_numero,1,1,TENNET | A390 | MAST 73 | EP2599,HEA220A,Perfil H
A35TT511,A35,letras_numero_letras_numero,1,1,TENNET | A390 | MAST 73 | EP2599,UPN140x60,Perfil U
A35TT512,A35,letras_numero_letras_numero,1,1,TENNET | A390 | MAST 73 | EP2599,UPN140x60,Perfil U
A35TT522,A35,letras_numero_letras_numero,1,1,TENNET | A390 | MAST 73 | EP2599,UPN140x60,Perfil U
A35TT523,A35,letras_numero_letras_numero,1,1,TENNET | A390 | MAST 73 | EP2599,UPN140x60,Perfil U
A35TT535,A35,letras_numero_letras_numero,1,1,TENNET | A390 | MAST 73 | EP2599,UPN140x60,Perfil U
A35TT536,A35,letras_numero_letras_numero,1,1,TENNET | A390 | MAST 73 | EP2599,UPN140x60,Perfil U
A364U001,A364,letras_numero_letras_numero,1,1,TORRE PINHEIRO 30M - MOD. CA22O,114.3x3,Tubo redondo
A393S001,A393,letras_numero_letras_numero,1,1,BRAÇOS SIMPLES PALIO Ø76 1M 0º |1UN,76.1x3.2,Tubo redondo
A424U001,A424,letras_numero_letras_numero,1,1,"BRAÇO DUPLOS ""DCTUB0.5"" 0.5M 5º |1UN",60.3x2.9,Tubo redondo
A457U001,A457,letras_numero_letras_numero,1,1,SOLAR COMPONENTS - PYLONS - IPE160 + IPE180,IPE160,Perfil I
A457U002,A457,letras_numero_letras_numero,1,1,SOLAR COMPONENTS - PYLONS - IPE160 + IPE180,IPE180,Perfil I
A475P001,A475,letras_numero_letras_numero,3,3,ACESSÓRIOS P/ TORRES TUBULARES 30M - MOD.CA03D (2UN),42.4x2.6,Tubo redondo
A475P002,A475,letras_numero_letras_numero,3,3,ACESSÓRIOS P/ TORRES TUBULARES 30M - MOD.CA03D (2UN),42.4x2.6,Tubo redondo
A515U002,A515,letras_numero_letras_numero,1,1,COLUNAS CIL6_V 7M FF DRT (2UN),114.3x3.65,Tubo redondo
A515U005,A515,letras_numero_letras_numero,1,1,TRAVESSA Ø140 0.5M (2UN),140x3.75,Tubo redondo
A570R008,A570,letras_numero_letras_numero,1,1,BRAÇOS CAO8 DUPLO 0.75M 5º C/ 90º DE AFASTAMENTO |1UN,63x3,Tubo redondo
A587UJ02,A587,letras_numero_letras_numero,2,2,COLUNAS CIB5_V 2.9M FF DRT (20UN),89x3,Tubo redondo
A620S005,A620,letras_numero_letras_numero,2,2,ACESSÓRIOS TORRE PINHEIRO 16M - MOD. CA13I,76.1x3.2,Tubo redondo
A620S006,A620,letras_numero_letras_numero,1,1,ACESSÓRIOS TORRE TUBULAR 15M,76.1x3.2,Tubo redondo
A661S001,A661,letras_numero_letras_numero,1,1,BRAÇOS CLO1 SIMPLES 1.25M 10º |10UN,60.3x3,Tubo redondo
A670T001,A670,letras_numero_letras_numero,2,2,COLUNAS OCTOGONAIS 8M FE DRV (20UN),16,Varão redondo
A709U001,A709,letras_numero_letras_numero,1,1,--- COLUNAS ESPECIAIS 16M (4UN),41x21x2.5,Calha
A750U001,A750,letras_numero_letras_numero,1,1,"BRAÇOS ""KC"" SIMPLES 0.5M 0º + ""KC"" SIMPLES 0.4M 0º C/REDUÇÃO Ø42X100 |23UN",60.3x2.9,Tubo redondo
A902U002,A902,letras_numero_letras_numero,1,1,ACESSÓRIOS TORRE TUBULAR 25M,UPN65x42,Perfil U
A902U003,A902,letras_numero_letras_numero,1,1,ACESSÓRIOS TORRE TUBULAR 25M,UPN65x42,Perfil U
A902U004,A902,letras_numero_letras_numero,1,1,ACESSÓRIOS TORRE TUBULAR 25M,UPN65x42,Perfil U
A902U005,A902,letras_numero_letras_numero,1,1,ACESSÓRIOS TORRE TUBULAR 25M,UPN65x42,Perfil U
A902U006,A902,letras_numero_letras_numero,1,1,ACESSÓRIOS TORRE TUBULAR 25M,UPN65x42,Perfil U
A902U007,A902,letras_numero_letras_numero,1,1,ACESSÓRIOS TORRE TUBULAR 25M,UPN65x42,Perfil U
A902U008,A902,letras_numero_letras_numero,1,1,ACESSÓRIOS TORRE TUBULAR 25M,UPN65x42,Perfil U
A902U009,A902,letras_numero_letras_numero,1,1,ACESSÓRIOS TORRE TUBULAR 25M,UPN65x42,Perfil U
A902U010,A902,letras_numero_letras_numero,1,1,ACESSÓRIOS TORRE TUBULAR 25M,UPN65x42,Perfil U
A902U011,A902,letras_numero_letras_numero,1,1,ACESSÓRIOS TORRE TUBULAR 25M,UPN65x42,Perfil U
A902U012,A902,letras_numero_letras_numero,1,1,ACESSÓRIOS TORRE TUBULAR 25M,76.1x3.2,Tubo redondo
A902U013,A902,letras_numero_letras_numero,1,1,ACESSÓRIOS TORRE TUBULAR 25M,UPN65x42,Perfil U
A902U014,A902,letras_numero_letras_numero,1,1,ACESSÓRIOS TORRE TUBULAR 25M,10.6,Varão redondo
A920T002,A920,letras_numero_letras_numero,1,1,MEMBRURE E110301 + E110302  = RECLAMAÇÃO DQ61-084 =,168.3x6,Tubo redondo
A929U001,A929,letras_numero_letras_numero,10,3,COLUNAS CBH1 8M FE C/ BRAÇO SIMPLES 1.5M 5º (99UN),159x4,Tubo redondo
A929U005,A929,letras_numero_letras_numero,2,2,COLUNAS CBH1 8M FE C/ BRAÇO SIMPLES 1.5M 5º (99UN),60x2.9,Tubo redondo
A929U006,A929,letras_numero_letras_numero,1,1,BRAÇOS DUPLOS 1.5M CBH1 |11UN,60.3x2.9,Tubo redondo
A929U007,A929,letras_numero_letras_numero,1,1,BRAÇOS DUPLOS 1.5M CBH1 |11UN,60.3x2.9,Tubo redondo
A975U001,A975,letras_numero_letras_numero,1,1,COLUNAS CLCC_V 10M FF DRV (2UN),20x10x1,Calha
A9S401,A9,letras_numero_letras_numero,1,1,TENNET A390 | TROÇOS POSTE 78 | EP2645,200x200x26,Cantoneira
A9S402,A9,letras_numero_letras_numero,1,1,TENNET A390 | TROÇOS POSTE 78 | EP2645,200x200x26,Cantoneira
A9S501,A9,letras_numero_letras_numero,1,1,TENNET A390 | TROÇOS POSTE 78 | EP2645,200x200x26,Cantoneira
A9S502,A9,letras_numero_letras_numero,1,1,TENNET A390 | TROÇOS POSTE 78 | EP2645,200x200x26,Cantoneira
A9S601,A9,letras_numero_letras_numero,2,2,= PERNAS POSTE 93 = TENNET A390 = FABRICAR APÓS VALIDAÇÃO EP2618 =,200x200x26,Cantoneira
A9S602,A9,letras_numero_letras_numero,2,2,= PERNAS POSTE 93 = TENNET A390 = FABRICAR APÓS VALIDAÇÃO EP2618 =,200x200x26,Cantoneira
AB28-202,AB,prefixo_alfabetico,1,1,= ESCADAS POSTE A390_L4=,UPN280,Perfil U
AB31-202,AB,prefixo_alfabetico,2,2,= ESCADAS POSTE A390_L3=,UPN280,Perfil U
AFNTD001.1,AFNTD,prefixo_alfabetico,3,1,ETF | AFNT E5+E7 | 4ªPRIORIDADE = 58X,80,Varão redondo
AFNTD002.1,AFNTD,prefixo_alfabetico,3,1,ETF | AFNT E5+E7 | 4ªPRIORIDADE = 58X,80,Varão redondo
AFNTD003.1,AFNTD,prefixo_alfabetico,1,1,ETF | AFNT E5+E7 | 5ªPRIORIDADE = 106X,HEB300,Perfil H
AFNTD004.1,AFNTD,prefixo_alfabetico,1,1,ETF | AFNT E5+E7 | 5ªPRIORIDADE = 106X,HEB260,Perfil H
AFNTD005.1,AFNTD,prefixo_alfabetico,1,1,ETF | AFNT E5+E7 | 4ªPRIORIDADE = 58X,HEM320,Perfil H
AFNTD011.1,AFNTD,prefixo_alfabetico,3,1,ETF | AFNT E5+E7 | 4ªPRIORIDADE = 58X,80,Varão redondo
AFNTD013.1,AFNTD,prefixo_alfabetico,1,1,ETF | AFNT E5+E7 | 5ªPRIORIDADE = 106X,HEB300,Perfil H
AFNTD015.1,AFNTD,prefixo_alfabetico,1,1,ETF | AFNT E5+E7 | 5ªPRIORIDADE = 106X,HEB300,Perfil H
AFNTD017.1,AFNTD,prefixo_alfabetico,1,1,ETF | AFNT E5+E7 | 5ªPRIORIDADE = 106X,HEB260,Perfil H
AFNTD018.1,AFNTD,prefixo_alfabetico,1,1,ETF | AFNT E5+E7 | 4ªPRIORIDADE = 58X,HEM320,Perfil H
AFNTD124.1,AFNTD,prefixo_alfabetico,1,1,ETF | AFNT E5+E7 | 5ªPRIORIDADE = 106X,HEB260,Perfil H
AFNTD126.1,AFNTD,prefixo_alfabetico,1,1,ETF | AFNT E5+E7 | 4ªPRIORIDADE = 58X,HEM320,Perfil H
AFNTD127.1,AFNTD,prefixo_alfabetico,1,1,ETF | AFNT E5+E7 | 4ªPRIORIDADE = 58X,HEM320,Perfil H
AFNTD132.1,AFNTD,prefixo_alfabetico,1,1,ETF | AFNT E5+E7 | 4ªPRIORIDADE = 58X,HEB260,Perfil H
AFNTD134.1,AFNTD,prefixo_alfabetico,1,1,ETF | AFNT E5+E7 | 4ªPRIORIDADE = 58X,HEM320,Perfil H
AFNTD137.1,AFNTD,prefixo_alfabetico,1,1,ETF | AFNT E5+E7 | 5ªPRIORIDADE = 106X,HEB300,Perfil H
AFNTD140.1,AFNTD,prefixo_alfabetico,3,1,ETF | AFNT E5+E7 | 4ªPRIORIDADE = 58X,80,Varão redondo
AFNTD148.1,AFNTD,prefixo_alfabetico,1,1,ETF | AFNT E5+E7 | 5ªPRIORIDADE = 106X,HEB260,Perfil H
AKM-607,AKM,prefixo_alfabetico,1,1,"ENERGINET - SMALL PLATES AND U-BOLTS - LETRA P/ REFERENCIAR ""CS""",12,Varão redondo
AT1A134,AT1,letras_numero_letras_numero,1,1,= TENNET A390 | TROÇOS POSTE 78 =,HEA200A,Perfil H
AT1T110,AT1,letras_numero_letras_numero,6,6,= TENNET A390 | TROÇOS POSTE 46 =,UPN140x60,Perfil U
AT1T111,AT1,letras_numero_letras_numero,6,6,= TENNET A390 | TROÇOS POSTE 46 =,UPN140x60,Perfil U
AT1T121,AT1,letras_numero_letras_numero,6,6,= TENNET A390 | TROÇOS POSTE 46 =,HEA200A,Perfil H
AT1T122,AT1,letras_numero_letras_numero,6,6,= TENNET A390 | TROÇOS POSTE 46 =,HEA200A,Perfil H
AT1T134,AT1,letras_numero_letras_numero,5,5,= TENNET A390 | TROÇOS POSTE 46 =,HEA200A,Perfil H
AT1T135,AT1,letras_numero_letras_numero,6,6,= TENNET A390 | TROÇOS POSTE 46 =,HEA200A,Perfil H
AT1T148,AT1,letras_numero_letras_numero,7,7,"= FALTAS DE MATERIAL =_x000D_
= RECLAMAÇÃO DQ63-214 =",UPN140x60,Perfil U
AT1T149,AT1,letras_numero_letras_numero,7,7,"= FALTAS DE MATERIAL =_x000D_
= RECLAMAÇÃO DQ63-214 =",UPN140x60,Perfil U
AT1T241,AT1,letras_numero_letras_numero,6,6,= TENNET A390 | TROÇOS POSTE 46 =,HEA200A,Perfil H
AT1T242,AT1,letras_numero_letras_numero,6,6,= TENNET A390 | TROÇOS POSTE 46 =,HEA200A,Perfil H
AT1T301,AT1,letras_numero_letras_numero,6,6,= TENNET A390 | TROÇOS POSTE 46 =,HEA200A,Perfil H
AT1T302,AT1,letras_numero_letras_numero,6,6,= TENNET A390 | TROÇOS POSTE 46 =,HEA200A,Perfil H
AT2T513,AT2,letras_numero_letras_numero,6,6,= TENNET A390 | TROÇOS POSTE 46 =,UPN140x60,Perfil U
AT2T514,AT2,letras_numero_letras_numero,6,6,= TENNET A390 | TROÇOS POSTE 46 =,UPN140x60,Perfil U
AT2T524,AT2,letras_numero_letras_numero,6,6,= TENNET A390 | TROÇOS POSTE 49 =,UPN140x60,Perfil U
AT2T525,AT2,letras_numero_letras_numero,6,6,= TENNET A390 | TROÇOS POSTE 46 =,UPN140x60,Perfil U
AT2T535,AT2,letras_numero_letras_numero,6,6,= TENNET A390 | TROÇOS POSTE 49 =,UPN140x60,Perfil U
AT2T536,AT2,letras_numero_letras_numero,6,6,= TENNET A390 | TROÇOS POSTE 49 =,UPN140x60,Perfil U
B046T002,B046,letras_numero_letras_numero,2,2,BRAÇOS SIMPLES ESPECIAIS 1M 5º |2UN,89x3,Tubo redondo
B046T003,B046,letras_numero_letras_numero,1,1,BRAÇOS SIMPLES ROTTERDAM 0.75M/1M |33UN,26.9x2.65,Tubo redondo
B057Q510,B057,letras_numero_letras_numero,2,2,"BRAÇOS SIMPLES ""FILIFORME"" 1M 2ºINC | 9UN",10,Varão redondo
B093U002,B093,letras_numero_letras_numero,1,1,"____RECLAMAÇÃO____ BRAÇOS ""KC PIQUÉ"" |10UN",60.3x2.9,Tubo redondo
B093U004,B093,letras_numero_letras_numero,1,1,"____RECLAMAÇÃO____ BRAÇOS ""KC PIQUÉ"" |10UN",10,Varão redondo
B093U005,B093,letras_numero_letras_numero,1,1,"____RECLAMAÇÃO____ BRAÇOS ""KC PIQUÉ"" |10UN",60.3x2.9,Tubo redondo
B179UJ01,B179,letras_numero_letras_numero,2,2,COLUNAS CIL7_V 5M FF DRT C/REDUÇÃO Ø76X100 (8UN),101.6x3,Tubo redondo
B317S001,B317,letras_numero_letras_numero,2,1,BRAÇOS SIMPLES FLECHE Ø60/Ø76 1M/1.5M 10º + BRAÇO Ø76 SIMPLES 1.5M 10º |12UN,60.3x2.9,Tubo redondo
B357T001,B357,letras_numero_letras_numero,1,1,BRAÇOS CLO1 SIMPLES/DUPLOS 0.75M 15º |23UN,60x3,Tubo redondo
B357T002,B357,letras_numero_letras_numero,1,1,BRAÇOS CLO1 SIMPLES/DUPLOS 0.75M 15º |23UN,60x3,Tubo redondo
B390S001,B390,letras_numero_letras_numero,1,1,COLUNA CGCA_V 6.5M FE DRT (1UN),219x3,Tubo redondo
B390S003,B390,letras_numero_letras_numero,2,2,COLUNA CGCA_V 6.5M FE DRT (1UN),80x40x3,Tubo retangular
B481U001,B481,letras_numero_letras_numero,1,1,BRAÇOS SIMPLES/DUPLOS 1.25M 10º |13UN,76.1x3.25,Tubo redondo
B481U003,B481,letras_numero_letras_numero,1,1,BRAÇOS SIMPLES/DUPLOS 1.25M 10º |13UN,76.1x3.25,Tubo redondo
B505U00,B505,letras_numero_letras_numero,1,1,--- CONJUNTO DE CHUMBADOUROS Ø750X660 M22X1200 | 4UN,20,Varão redondo
B506U000,B506,letras_numero_letras_numero,1,1,"--- SPECIAL MAST 24M - TRAVESSA TOPO 3,2M + TRAVESSA ESTRIBOS 3,2M | 4UN",UPN140x60,Perfil U
B567U002,B567,letras_numero_letras_numero,1,1,BRAÇOS SIMPLES COM TIRANTE 1.5M 5º |1UN,60x2.9,Tubo redondo
B583U001,B583,letras_numero_letras_numero,1,1,COLUNAS CSS2_V 9M FF DRT (2UN),194x3,Tubo redondo
B583U002,B583,letras_numero_letras_numero,2,2,COLUNAS CSS2_V 9M FF DRT (2UN),120x3,Tubo redondo
B617U001,B617,letras_numero_letras_numero,1,1,BRAÇO KC DUPLO + BRAÇOS MURAL 0.5M 5º INC | 25UN,UPN80x45,Perfil U
B653U001,B653,letras_numero_letras_numero,2,1,SUSPENSÃO BS03S003G + PRUMO BS05SB03G + ANILHA BS199141G + CHUMB BSBCH007G + CHUMB M16X340 - 1400UN,M16,Varão roscado
B655U001,B655,letras_numero_letras_numero,3,2,COLUNAS BI-CILINDRICAS TECPOLES 5.8M/7M (700UN),76.1x3,Tubo redondo
B655U002,B655,letras_numero_letras_numero,3,2,COLUNAS BI-CILINDRICAS TECPOLES 5.8M/7M (700UN),133x4,Tubo redondo
B681U510,B681,letras_numero_letras_numero,1,1,COLUNAS CGC3_V 6M FE C/ STEEL SLEEVE DRT (40UN),177.8x4,Tubo redondo
B681U511,B681,letras_numero_letras_numero,1,1,COLUNAS CGC3_V 8M FE DRT (10UN),193.7x3.6,Tubo redondo
B703U009,B703,letras_numero_letras_numero,1,1,"ACESSÓRIOS PÓRTICO 23,84M",40x40x3,Tubo quadrado
B703U015,B703,letras_numero_letras_numero,1,1,"ACESSÓRIOS PÓRTICO 23,84M",40x40x3,Tubo quadrado
B703U016,B703,letras_numero_letras_numero,1,1,"ACESSÓRIOS PÓRTICO 23,84M",30x30x3,Tubo quadrado
B703U017,B703,letras_numero_letras_numero,1,1,"ACESSÓRIOS PÓRTICO 23,84M",40x40x3,Tubo quadrado
B703U018,B703,letras_numero_letras_numero,1,1,"ACESSÓRIOS PÓRTICO 23,84M",30x30x3,Tubo quadrado
B703U019,B703,letras_numero_letras_numero,1,1,"ACESSÓRIOS PÓRTICO 23,84M",40x40x3,Tubo quadrado
B703U020,B703,letras_numero_letras_numero,1,1,"ACESSÓRIOS PÓRTICO 23,84M",30x30x3,Tubo quadrado
B703U021,B703,letras_numero_letras_numero,1,1,"ACESSÓRIOS PÓRTICO 23,84M",30x30x3,Tubo quadrado
B703U022,B703,letras_numero_letras_numero,1,1,"ACESSÓRIOS PÓRTICO 23,84M",40x40x3,Tubo quadrado
B703U023,B703,letras_numero_letras_numero,1,1,"ACESSÓRIOS PÓRTICO 23,84M",30x30x3,Tubo quadrado
B703U024,B703,letras_numero_letras_numero,1,1,"ACESSÓRIOS PÓRTICO 23,84M",40x40x3,Tubo quadrado
B703U025,B703,letras_numero_letras_numero,1,1,"ACESSÓRIOS PÓRTICO 23,84M",30x30x3,Tubo quadrado
B703U026,B703,letras_numero_letras_numero,1,1,"ACESSÓRIOS PÓRTICO 23,84M",40x40x3,Tubo quadrado
B703U031,B703,letras_numero_letras_numero,1,1,"ACESSÓRIOS PÓRTICO 23,84M",30x30x3,Tubo quadrado
B703U032,B703,letras_numero_letras_numero,1,1,"ACESSÓRIOS PÓRTICO 23,84M",40x40x3,Tubo quadrado
B703U033,B703,letras_numero_letras_numero,1,1,"ACESSÓRIOS PÓRTICO 23,84M",40x40x3,Tubo quadrado
B703U034,B703,letras_numero_letras_numero,1,1,"ACESSÓRIOS PÓRTICO 23,84M",40x40x3,Tubo quadrado
B704T001,B704,letras_numero_letras_numero,3,1,COLUNAS CGTB_V 6.5M FE DRT C/ STEEL SLEEVE (1UN),76x2.6,Tubo redondo
B708S001,B708,letras_numero_letras_numero,6,3,COLUNAS  STEPPED POLES 5M N17516 (129UN)_x000D_,76x2.9,Tubo redondo
B708S500,B708,letras_numero_letras_numero,2,2,COLUNAS STEPPED POLES N4008464 + N171516 (250UN),139.7x4,Tubo redondo
B713U003,B713,letras_numero_letras_numero,1,1,--- COLUNAS CRL4_V 24M (4UN),41x21x2.5,Calha
B714T001,B714,letras_numero_letras_numero,1,1,BRAÇO ANAC 1.2M 5º |2UN,60.3x2.9,Tubo redondo
B775U000,B775,letras_numero_letras_numero,1,1,COLUNA CILINDRICA 5M (4UN),15,Varão redondo
B775UJ00,B775,letras_numero_letras_numero,1,1,COLUNA CILINDRICA 5M (4UN),139.7x5,Tubo redondo
B823U007,B823,letras_numero_letras_numero,1,1,ACESSÓRIOS P/ PÓRTICO 19.25M,40x40x3,Tubo quadrado
B823U012,B823,letras_numero_letras_numero,1,1,ACESSÓRIOS P/ PÓRTICO 19.25M,30x30x3,Tubo quadrado
B823U013,B823,letras_numero_letras_numero,1,1,ACESSÓRIOS P/ PÓRTICO 19.25M,30x30x3,Tubo quadrado
B823U015,B823,letras_numero_letras_numero,1,1,ACESSÓRIOS P/ PÓRTICO 19.25M,40x40x3,Tubo quadrado
B823U018,B823,letras_numero_letras_numero,1,1,ACESSÓRIOS P/ PÓRTICO 19.25M,40x40x3,Tubo quadrado
B823U019,B823,letras_numero_letras_numero,1,1,ACESSÓRIOS P/ PÓRTICO 19.25M,40x40x3,Tubo quadrado
B823U020,B823,letras_numero_letras_numero,1,1,ACESSÓRIOS P/ PÓRTICO 19.25M,30x30x3,Tubo quadrado
B823U021,B823,letras_numero_letras_numero,1,1,ACESSÓRIOS P/ PÓRTICO 19.25M,40x40x3,Tubo quadrado
B823U022,B823,letras_numero_letras_numero,1,1,ACESSÓRIOS P/ PÓRTICO 19.25M,40x40x3,Tubo quadrado
B823U023,B823,letras_numero_letras_numero,1,1,ACESSÓRIOS P/ PÓRTICO 19.25M,30x30x3,Tubo quadrado
B823U024,B823,letras_numero_letras_numero,1,1,ACESSÓRIOS P/ PÓRTICO 19.25M,40x40x3,Tubo quadrado
B823U025,B823,letras_numero_letras_numero,1,1,ACESSÓRIOS P/ PÓRTICO 19.25M,30x30x3,Tubo quadrado
B823U026,B823,letras_numero_letras_numero,1,1,ACESSÓRIOS P/ PÓRTICO 19.25M,40x40x3,Tubo quadrado
B823U027,B823,letras_numero_letras_numero,1,1,ACESSÓRIOS P/ PÓRTICO 19.25M,30x30x3,Tubo quadrado
B823U028,B823,letras_numero_letras_numero,1,1,ACESSÓRIOS P/ PÓRTICO 19.25M,30x30x3,Tubo quadrado
B823U029,B823,letras_numero_letras_numero,1,1,ACESSÓRIOS P/ PÓRTICO 19.25M,40x40x3,Tubo quadrado
B823U030,B823,letras_numero_letras_numero,1,1,ACESSÓRIOS P/ PÓRTICO 19.25M,30x30x3,Tubo quadrado
B823U033,B823,letras_numero_letras_numero,2,2,ACESSÓRIOS P/ PÓRTICO 19.25M,40x40x3,Tubo quadrado
B830U001,B830,letras_numero_letras_numero,1,1,"BRAÇO MURAL ""CHANDELIER"" 0.8M 0º  + TRAVESSA 0.4M|1UN",60x40x3,Tubo retangular
B838U022,B838,letras_numero_letras_numero,1,1,BRAÇOS SIMPLES CAO3 0.9M 15º |1UN,63x3,Tubo redondo
B872U001,B872,letras_numero_letras_numero,1,1,ACESSÓRIOS P/ TORRE PINHEIRO 12M ACCÈS NACELLE,76.1x3.2,Tubo redondo
B872UTU1,B872,letras_numero_letras_numero,1,1,ACESSÓRIOS P/ TORRE PINHEIRO 12M ACCÈS NACELLE,76.1x3.2,Tubo redondo
B893S001,B893,letras_numero_letras_numero,1,1,BRAÇOS CAC4 TRIPLO 1.25M 5º |1UN,60x2.9,Tubo redondo
B931S001,B931,letras_numero_letras_numero,3,1,COLUNA CGTB_V 6.5M FE DRT (1UN),76x2.6,Tubo redondo
B931S002,B931,letras_numero_letras_numero,1,1,COLUNA CGTB_V 6.5M FE DRT (1UN),127x4,Tubo redondo
B994U001,B994,letras_numero_letras_numero,1,1,BRAÇO 36015255 DUPLO 0.35M 5º |100UN,88.9x3.25,Tubo redondo
B994U002,B994,letras_numero_letras_numero,1,1,BRAÇO 36015255 DUPLO 0.35M 5º |100UN,88.9x3.25,Tubo redondo
BA0125A4002,BA0125,letras_numero_letras_numero,1,1,BARREIRAS AVIFAUNA | 100+400UN,90x90x4,Tubo quadrado
BA1225A3019,BA1225,letras_numero_letras_numero,1,1,TERMINAIS | AVIFAUNA | 16UN,80x60x3,Tubo retangular
BA1225A4001,BA1225,letras_numero_letras_numero,2,2,BARREIRAS AVIFAUNA | (1582UN),80x60x3,Tubo retangular
BASE 10 - 1199,,codigo_com_espacos,1,1,ALSTOM | MONORAIL | MODELO 1 | VARANDINS ESQ / DIR = 374X,50x50x3,Tubo quadrado
BASE 10 - 1208,,codigo_com_espacos,1,1,ALSTOM | MONORAIL | MODELO 1 | VARANDINS ESQ / DIR = 374X,50x50x3,Tubo quadrado
BASE 11 - 1255,,codigo_com_espacos,1,1,ALSTOM | MONORAIL | MODELO 1 | VARANDINS ESQ / DIR = 374X,50x50x3,Tubo quadrado
BASE 11 - 1312,,codigo_com_espacos,1,1,ALSTOM | MONORAIL | MODELO 1 | VARANDINS ESQ / DIR = 374X,50x50x3,Tubo quadrado
BASE 11 - 1326,,codigo_com_espacos,1,1,ALSTOM | MONORAIL | MODELO 1 | VARANDINS ESQ / DIR = 374X,50x50x3,Tubo quadrado
BASE 12 - 1331,,codigo_com_espacos,1,1,ALSTOM | MONORAIL | MODELO 1 | VARANDINS ESQ / DIR = 374X,50x50x3,Tubo quadrado
BASE 12 - 1340,,codigo_com_espacos,1,1,ALSTOM | MONORAIL | MODELO 1 | VARANDINS ESQ / DIR = 374X,50x50x3,Tubo quadrado
BASE 12 - 1359,,codigo_com_espacos,1,1,ALSTOM | MONORAIL | MODELO 1 | VARANDINS ESQ / DIR = 374X,50x50x3,Tubo quadrado
BASE 12 - 1369,,codigo_com_espacos,1,1,ALSTOM | MONORAIL | MODELO 1 | VARANDINS ESQ / DIR = 374X,50x50x3,Tubo quadrado
BASE 12 - 1406,,codigo_com_espacos,1,1,ALSTOM | MONORAIL | MODELO 1 | VARANDINS ESQ / DIR = 374X,50x50x3,Tubo quadrado
BASE 12 - 1439,,codigo_com_espacos,1,1,ALSTOM | MONORAIL | MODELO 1 | VARANDINS ESQ / DIR = 374X,50x50x3,Tubo quadrado
BASE 13 - 1543,,codigo_com_espacos,1,1,ALSTOM | MONORAIL | MODELO 1 | VARANDINS ESQ / DIR = 374X,50x50x3,Tubo quadrado
BASE 14 - 1552,,codigo_com_espacos,1,1,ALSTOM | MONORAIL | MODELO 1 | VARANDINS ESQ / DIR = 374X,50x50x3,Tubo quadrado
BASE 14 - 1562,,codigo_com_espacos,1,1,ALSTOM | MONORAIL | MODELO 1 | VARANDINS ESQ / DIR = 374X,50x50x3,Tubo quadrado
BASE 14 - 1585,,codigo_com_espacos,1,1,ALSTOM | MONORAIL | MODELO 1 | VARANDINS ESQ / DIR = 374X,50x50x3,Tubo quadrado
BASE 14 - 1618,,codigo_com_espacos,1,1,ALSTOM | MONORAIL | MODELO 1 | VARANDINS ESQ / DIR = 374X,50x50x3,Tubo quadrado
BASE 15 - 1745,,codigo_com_espacos,1,1,ALSTOM | MONORAIL | MODELO 1 | VARANDINS ESQ / DIR = 374X,50x50x3,Tubo quadrado
BASE 16 - 1849,,codigo_com_espacos,1,1,ALSTOM | MONORAIL | MODELO 1 | VARANDINS ESQ / DIR = 374X,50x50x3,Tubo quadrado
BASE 16 - 1863,,codigo_com_espacos,1,1,ALSTOM | MONORAIL | MODELO 1 | VARANDINS ESQ / DIR = 374X,50x50x3,Tubo quadrado
BASE 17 - 1915,,codigo_com_espacos,1,1,ALSTOM | MONORAIL | MODELO 1 | VARANDINS ESQ / DIR = 374X,50x50x3,Tubo quadrado
BASE 17 - 1924,,codigo_com_espacos,1,1,ALSTOM | MONORAIL | MODELO 1 | VARANDINS ESQ / DIR = 374X,50x50x3,Tubo quadrado
BASE 19 - 2127,,codigo_com_espacos,1,1,ALSTOM | MONORAIL | MODELO 1 | VARANDINS ESQ / DIR = 374X,50x50x3,Tubo quadrado
BASE 19 - 2141,,codigo_com_espacos,1,1,ALSTOM | MONORAIL | MODELO 1 | VARANDINS ESQ / DIR = 374X,50x50x3,Tubo quadrado
BASE 19 - 2169,,codigo_com_espacos,1,1,ALSTOM | MONORAIL | MODELO 1 | VARANDINS ESQ / DIR = 374X,50x50x3,Tubo quadrado
BASE 20 - 2207,,codigo_com_espacos,1,1,ALSTOM | MONORAIL | MODELO 1 | VARANDINS ESQ / DIR = 374X,50x50x3,Tubo quadrado
BASE 20 - 2221,,codigo_com_espacos,1,1,ALSTOM | MONORAIL | MODELO 1 | VARANDINS ESQ / DIR = 374X,50x50x3,Tubo quadrado
BASE 20 - 2245,,codigo_com_espacos,1,1,ALSTOM | MONORAIL | MODELO 1 | VARANDINS ESQ / DIR = 374X,50x50x3,Tubo quadrado
BASE 20 - 2259,,codigo_com_espacos,1,1,ALSTOM | MONORAIL | MODELO 1 | VARANDINS ESQ / DIR = 374X,50x50x3,Tubo quadrado
BASE 20 - 2296,,codigo_com_espacos,1,1,ALSTOM | MONORAIL | MODELO 1 | VARANDINS ESQ / DIR = 374X,50x50x3,Tubo quadrado
BASE 21 - 2320,,codigo_com_espacos,1,1,ALSTOM | MONORAIL | MODELO 1 | VARANDINS ESQ / DIR = 374X,50x50x3,Tubo quadrado
BASE 21 - 2339,,codigo_com_espacos,1,1,ALSTOM | MONORAIL | MODELO 1 | VARANDINS ESQ / DIR = 374X,50x50x3,Tubo quadrado
BASE 21 - 2348,,codigo_com_espacos,1,1,ALSTOM | MONORAIL | MODELO 1 | VARANDINS ESQ / DIR = 374X,50x50x3,Tubo quadrado
BASE 24 - 2673,,codigo_com_espacos,1,1,ALSTOM | MONORAIL | MODELO 1 | VARANDINS ESQ / DIR = 374X,50x50x3,Tubo quadrado
BASE 25 - 2772,,codigo_com_espacos,1,1,ALSTOM | MONORAIL | MODELO 1 | VARANDINS ESQ / DIR = 374X,50x50x3,Tubo quadrado
BASE 25 - 2777,,codigo_com_espacos,1,1,ALSTOM | MONORAIL | MODELO 1 | VARANDINS ESQ / DIR = 374X,50x50x3,Tubo quadrado
BASE 25 - 2781,,codigo_com_espacos,1,1,ALSTOM | MONORAIL | MODELO 1 | VARANDINS ESQ / DIR = 374X,50x50x3,Tubo quadrado
BASE 25 - 2791,,codigo_com_espacos,1,1,ALSTOM | MONORAIL | MODELO 1 | VARANDINS ESQ / DIR = 374X,50x50x3,Tubo quadrado
BASE 25 - 2810,,codigo_com_espacos,1,1,ALSTOM | MONORAIL | MODELO 1 | VARANDINS ESQ / DIR = 374X,50x50x3,Tubo quadrado
BASE 25 - 2819,,codigo_com_espacos,1,1,ALSTOM | MONORAIL | MODELO 1 | VARANDINS ESQ / DIR = 374X,50x50x3,Tubo quadrado
BASE 25 - 2829,,codigo_com_espacos,1,1,ALSTOM | MONORAIL | MODELO 1 | VARANDINS ESQ / DIR = 374X,50x50x3,Tubo quadrado
BASE 26 - 2847,,codigo_com_espacos,1,1,ALSTOM | MONORAIL | MODELO 1 | VARANDINS ESQ / DIR = 374X,50x50x3,Tubo quadrado
BASE 26 - 2852,,codigo_com_espacos,1,1,ALSTOM | MONORAIL | MODELO 1 | VARANDINS ESQ / DIR = 374X,50x50x3,Tubo quadrado
BASE 26 - 2862,,codigo_com_espacos,1,1,ALSTOM | MONORAIL | MODELO 1 | VARANDINS ESQ / DIR = 374X,50x50x3,Tubo quadrado
BASE 26 - 2866,,codigo_com_espacos,1,1,ALSTOM | MONORAIL | MODELO 1 | VARANDINS ESQ / DIR = 374X,50x50x3,Tubo quadrado
BASE 26 - 2871,,codigo_com_espacos,1,1,ALSTOM | MONORAIL | MODELO 1 | VARANDINS ESQ / DIR = 374X,50x50x3,Tubo quadrado
BASE 26 - 2876,,codigo_com_espacos,1,1,ALSTOM | MONORAIL | MODELO 1 | VARANDINS ESQ / DIR = 374X,50x50x3,Tubo quadrado
BASE 26 - 2880,,codigo_com_espacos,1,1,ALSTOM | MONORAIL | MODELO 1 | VARANDINS ESQ / DIR = 374X,50x50x3,Tubo quadrado
BASE 26 - 2885,,codigo_com_espacos,1,1,ALSTOM | MONORAIL | MODELO 1 | VARANDINS ESQ / DIR = 374X,50x50x3,Tubo quadrado
BASE 26 - 2899,,codigo_com_espacos,1,1,ALSTOM | MONORAIL | MODELO 1 | VARANDINS ESQ / DIR = 374X,50x50x3,Tubo quadrado
BASE 26 - 2904,,codigo_com_espacos,1,1,ALSTOM | MONORAIL | MODELO 1 | VARANDINS ESQ / DIR = 374X,50x50x3,Tubo quadrado
BASE 26 - 2909,,codigo_com_espacos,1,1,ALSTOM | MONORAIL | MODELO 1 | VARANDINS ESQ / DIR = 374X,50x50x3,Tubo quadrado
BASE 26 - 2923,,codigo_com_espacos,1,1,ALSTOM | MONORAIL | MODELO 1 | VARANDINS ESQ / DIR = 374X,50x50x3,Tubo quadrado
BASE 26 - 2932,,codigo_com_espacos,1,1,ALSTOM | MONORAIL | MODELO 1 | VARANDINS ESQ / DIR = 374X,50x50x3,Tubo quadrado
BASE 26 - 2946,,codigo_com_espacos,1,1,ALSTOM | MONORAIL | MODELO 1 | VARANDINS ESQ / DIR = 374X,50x50x3,Tubo quadrado
BASE 26 - 2951,,codigo_com_espacos,1,1,ALSTOM | MONORAIL | MODELO 1 | VARANDINS ESQ / DIR = 374X,50x50x3,Tubo quadrado
BASE 27 - 2965,,codigo_com_espacos,1,1,ALSTOM | MONORAIL | MODELO 1 | VARANDINS ESQ / DIR = 374X,50x50x3,Tubo quadrado
BASE 27 - 2970,,codigo_com_espacos,1,1,ALSTOM | MONORAIL | MODELO 1 | VARANDINS ESQ / DIR = 374X,50x50x3,Tubo quadrado
BASE 27 - 2975,,codigo_com_espacos,1,1,ALSTOM | MONORAIL | MODELO 1 | VARANDINS ESQ / DIR = 374X,50x50x3,Tubo quadrado
BASE 27 - 2979,,codigo_com_espacos,1,1,ALSTOM | MONORAIL | MODELO 1 | VARANDINS ESQ / DIR = 374X,50x50x3,Tubo quadrado
BASE 27 - 2998,,codigo_com_espacos,1,1,ALSTOM | MONORAIL | MODELO 1 | VARANDINS ESQ / DIR = 374X,50x50x3,Tubo quadrado
BM-609,BM,prefixo_alfabetico,2,2,"ENERGINET - BM30 (1UN) - LETRA P/ REFERENCIAR ""CQ""",12,Varão redondo
BM-619,BM,prefixo_alfabetico,1,1,"ENERGINET - BM30 (1UN) - LETRA P/ REFERENCIAR ""CQ""",M12,Varão roscado
BM22-308,BM,prefixo_alfabetico,1,1,"ENERGINET - BM30 (1UN) - LETRA P/ REFERENCIAR ""CQ""",60,Varão redondo
BM30-300,BM,prefixo_alfabetico,1,1,"ENERGINET - BM30 (1UN) - LETRA P/ REFERENCIAR ""CQ""",60,Varão redondo
BM32-300,BM,prefixo_alfabetico,2,2,"ENERGINET - MATERIAL REPOSIÇÃO - LETRA P/ REFERENCIAR ""CP""",168.3x10,Tubo redondo
BM32-301,BM,prefixo_alfabetico,2,2,"ENERGINET - MATERIAL REPOSIÇÃO - LETRA P/ REFERENCIAR ""CP""",114.3x10,Tubo redondo
BM33-300,BM,prefixo_alfabetico,1,1,"ENERGINET - BM30 (1UN) - LETRA P/ REFERENCIAR ""CQ""",170,Varão redondo
BM34-300,BM,prefixo_alfabetico,1,1,"ENERGINET - BM30 (1UN) - LETRA P/ REFERENCIAR ""CQ""",60,Varão redondo
BS0822A4004,BS0822,letras_numero_letras_numero,8,8,CHUMBADOUROS M16X190 - 132UN,M16,Varão roscado
BS0822A4005,BS0822,letras_numero_letras_numero,1,1,ESTRIBOS + CALHAS W + CHAPAS CONTRA BASE + PERNOS ROSCADOS + TERMINAIS + SUSPENSÕES - 6060UN,14.5,Varão redondo
BS0822A4007,BS0822,letras_numero_letras_numero,1,1,ESTRIBOS + CALHAS W + CHAPAS CONTRA BASE + PERNOS ROSCADOS + TERMINAIS + SUSPENSÕES - 6060UN,14.5,Varão redondo
BS0822A4011,BS0822,letras_numero_letras_numero,1,1,ESTRIBO BS08R011G - 4UN,14.5,Varão redondo
BS0922A4003,BS0922,letras_numero_letras_numero,1,1,SUSPENSÃO BS09R612G + BS09RS02G + BAINHA BSBBA002G - 216UN,120x60x3,Tubo retangular
BSBPR129G,BSBPR,prefixo_alfabetico,1,1,PRUMO BSBPR129G + PRUMO BSBPR130G - 200UN,UPN120x55,Perfil U
BSBPR130G,BSBPR,prefixo_alfabetico,1,1,PRUMO BSBPR129G + PRUMO BSBPR130G - 200UN,UPN120x55,Perfil U
C006U001,C006,letras_numero_letras_numero,1,1,CHUMBADOUROS PARA BARREIRAS ACUSTICAS - 42UN_x000D_,M20,Varão roscado
C006U002,C006,letras_numero_letras_numero,1,1,BARREIRAS ACUSTICAS HEA160/180 | 42UN,HEA160A,Perfil H
C006U003,C006,letras_numero_letras_numero,1,1,BARREIRAS ACUSTICAS HEA160/180 | 42UN,HEA180A,Perfil H
C029U001,C029,letras_numero_letras_numero,3,1,COLUNAS CGTB_V 8M FE DRT C/STEEL SLEEVE (15UN),76x3,Tubo redondo
C054T001,C054,letras_numero_letras_numero,1,1,"BRAÇOS SIMPLES ""VELA"" 1.2M 5º |7UN",60.3x2.9,Tubo redondo
C057Q001,C057,letras_numero_letras_numero,3,3,"BRAÇOS SIMPLES ""FILIFORME"" 1M 2ºINC | 9UN",76.1x3.25,Tubo redondo
C057Q002,C057,letras_numero_letras_numero,1,1,"BRAÇOS SIMPLES ""FILIFORME"" 1M 2º INC | 2UN",60.3x2.9,Tubo redondo
C057Q003,C057,letras_numero_letras_numero,1,1,"BRAÇOS SIMPLES ""FILIFORME"" 1M 2º INC | 2UN",10,Varão redondo
C073U001,C073,letras_numero_letras_numero,1,1,"BRAÇOS CURVOS DUPLOS/TRIPLOS 0.7M ""JADE"" | 7UN",60.3x2.9,Tubo redondo
C073U005,C073,letras_numero_letras_numero,1,1,"BRAÇOS CURVOS DUPLOS/TRIPLOS 0.7M ""JADE"" | 7UN",101.6x3.6,Tubo redondo
C091U001,C091,letras_numero_letras_numero,1,1,ACESSÓRIOS TORRE TUBULAR 15M,76.1x3.2,Tubo redondo
C091UTU1,C091,letras_numero_letras_numero,1,1,ACESSÓRIOS TORRE TUBULAR 15M,76.1x3.2,Tubo redondo
C091UTU2,C091,letras_numero_letras_numero,1,1,ACESSÓRIOS TORRE TUBULAR 15M,76.1x3.2,Tubo redondo
C097R004,C097,letras_numero_letras_numero,1,1,ACESSÓRIOS TORRE PALMEIRA 20M - MOD. CA54N,101.6x4,Tubo redondo
C114T001,C114,letras_numero_letras_numero,1,1,BRAÇO DUPLO 0.5M 5º INC + BRAÇO R7660 SIMPLES KC 1.5M 5º INC | 2UN,76.1x3.25,Tubo redondo
C120U001,C120,letras_numero_letras_numero,1,1,COLUNAS CSS2_V 9M FE DRT (7UN),194x3,Tubo redondo
C131U001,C131,letras_numero_letras_numero,1,1,IPN140 - 16UN.,IPN140,Perfil I
C139U000,C139,letras_numero_letras_numero,2,2,--- CES ESPECIAL 24M - TROÇOS + PAINEL INC. (4UN),10,Varão redondo
C139U001,C139,letras_numero_letras_numero,2,2,--- CES ESPECIAL 24M - TROÇOS + PAINEL INC. (4UN),10,Varão redondo
C139U002,C139,letras_numero_letras_numero,1,1,--- CES ESPECIAL 24M - TROÇOS + PAINEL INC. (4UN),10,Varão redondo
C139U003,C139,letras_numero_letras_numero,1,1,--- CES ESPECIAL 24M - TROÇOS + PAINEL INC. (4UN),UPN65x42,Perfil U
C139U004,C139,letras_numero_letras_numero,1,1,"--- CES ESPECIAL 24M - TRAVESSA 3,5M + ESCADAS + SUP.PARA RAIOS + ACESSÓRIOS + LISTAS",80x80x5,Tubo quadrado
C139U005,C139,letras_numero_letras_numero,1,1,"--- CES ESPECIAL 24M - TRAVESSA 3,5M + ESCADAS + SUP.PARA RAIOS + ACESSÓRIOS + LISTAS",88.9x3.2,Tubo redondo
C184T602,C184,letras_numero_letras_numero,1,1,CATENÁRIAS ROUND CONICAL | LYON - BHNS | C4H4 = 3X,100x14,Barra
C184T606,C184,letras_numero_letras_numero,1,1,CATENÁRIAS ROUND CONICAL | LYON - BHNS | C4H4 = 3X,60x14,Barra
C195U001,C195,letras_numero_letras_numero,1,1,MONTANTES - TORRE RADAR 27M,219.1x6.3,Tubo redondo
C195U002,C195,letras_numero_letras_numero,2,2,MONTANTES - TORRE RADAR 27M,219.1x6.3,Tubo redondo
C195U003,C195,letras_numero_letras_numero,2,2,MONTANTES - TORRE RADAR 27M,219.1x6.3,Tubo redondo
C195U004,C195,letras_numero_letras_numero,2,2,DIAGONAIS E TRAVESSA TORRE 27M,114.3x4,Tubo redondo
C195U005,C195,letras_numero_letras_numero,1,1,DIAGONAIS E TRAVESSA TORRE 27M,114.3x4,Tubo redondo
C195U006,C195,letras_numero_letras_numero,2,2,DIAGONAIS E TRAVESSA TORRE 27M,114.3x4,Tubo redondo
C195U007,C195,letras_numero_letras_numero,2,2,DIAGONAIS E TRAVESSA TORRE 27M,114.3x4,Tubo redondo
C195U008,C195,letras_numero_letras_numero,1,1,PÁRA-RAIOS,33.7x2.3,Tubo redondo
C195U010,C195,letras_numero_letras_numero,1,1,PÁRA-RAIOS,101.6x3.2,Tubo redondo
C195U011,C195,letras_numero_letras_numero,1,1,PÁRA-RAIOS,42.4x2.9,Tubo redondo
C195U012,C195,letras_numero_letras_numero,1,1,PÁRA-RAIOS,101.6x3.2,Tubo redondo
C230U001,C230,letras_numero_letras_numero,1,1,ACESSÓRIOS TORRE CIPRESTE 20M - MOD. CA24I,76.1x3.2,Tubo redondo
C230U002,C230,letras_numero_letras_numero,1,1,ACESSÓRIOS TORRE CIPRESTE 20M - MOD. CA24I,76.1x3.2,Tubo redondo
C230UTU1,C230,letras_numero_letras_numero,1,1,ACESSÓRIOS TORRE CIPRESTE 20M - MOD. CA24I,88.9x3.2,Tubo redondo
C245U000,C245,letras_numero_letras_numero,1,1,--- CRL5 16M - TRAVESSA 1M DRV UPN140 Ø89 + LISTAS | 4UN,UPN140x60,Perfil U
C272U001,C272,letras_numero_letras_numero,1,1,--- SUPORTE DE CÂMARA |1UN,10.6,Varão redondo
C364RB00,C364,letras_numero_letras_numero,2,2,BRAÇOS SIMPLES 1.5M 5ºINC | 20UN,60.3x2.9,Tubo redondo
C774T000,C774,letras_numero_letras_numero,1,1,"--- CTS3_V 18M - TRAVESSAS 2,2M + ESTRIBOS M16 + LISTAS | 8UN",UPN65x42,Perfil U
C774T001,C774,letras_numero_letras_numero,1,1,"--- CTS3_V 18M - TRAVESSAS 2,2M + ESTRIBOS M16 + LISTAS | 8UN",14.5,Varão redondo
CA0408A4020,CA0408,letras_numero_letras_numero,1,1,"SUP DE ANTENAS CA63OJ09 (9X)_x000D_
CA63O528 (3X) + ESTRIBOS",10.6,Varão redondo
CA0408A4021,CA0408,letras_numero_letras_numero,1,1,"SUP DE ANTENAS CA63OJ09 (9X)_x000D_
CA63O528 (3X) + ESTRIBOS",10.6,Varão redondo
CA0408A4025,CA0408,letras_numero_letras_numero,1,1,"SUP DE ANTENAS CA63OJ09 (9X)_x000D_
CA63O528 (3X) + ESTRIBOS",14.5,Varão redondo
CA0709A4009,CA0709,letras_numero_letras_numero,1,1,60UN. ESTRIBOS QZ12/74-120,10.6,Varão redondo
CA0797A4005,CA0797,letras_numero_letras_numero,4,4,ESCADA C/ CAMINHO DE CABOS - 1UN,20,Varão redondo
CA1012A4001,CA1012,letras_numero_letras_numero,19,19,TORRE PINHEIRO 12M - MOD. CA22O,UPN100x50,Perfil U
CA1012A4003,CA1012,letras_numero_letras_numero,19,19,TORRE PINHEIRO 12M - MOD. CA22O,16x16,Varão quadrado
CA1012A4028,CA1012,letras_numero_letras_numero,17,17,TORRE PINHEIRO 12M - MOD. CA22O,10,Varão redondo
CA1012A4029,CA1012,letras_numero_letras_numero,17,17,TORRE PINHEIRO 12M - MOD. CA22O,21.3x2.6,Tubo redondo
CA1012A4030,CA1012,letras_numero_letras_numero,4,2,ACESSÓRIOS PINHEIRO STOCK,14,Varão redondo
CA1012A4060,CA1012,letras_numero_letras_numero,2,2,ACESSÓRIOS PINHEIRO STOCK,UPN80x45,Perfil U
CA1012A4062,CA1012,letras_numero_letras_numero,2,2,ACESSÓRIOS PINHEIRO STOCK,UPN80x45,Perfil U
CA1012A4063,CA1012,letras_numero_letras_numero,2,2,ACESSÓRIOS PINHEIRO STOCK,UPN80x45,Perfil U
CA1012A4065,CA1012,letras_numero_letras_numero,2,2,ACESSÓRIOS PINHEIRO STOCK,UPN80x45,Perfil U
CA1012A4066,CA1012,letras_numero_letras_numero,2,2,ACESSÓRIOS PINHEIRO STOCK,UPN80x45,Perfil U
CA1012A4068,CA1012,letras_numero_letras_numero,2,2,ACESSÓRIOS PINHEIRO STOCK,UPN80x45,Perfil U
CA1012A4070,CA1012,letras_numero_letras_numero,2,2,ACESSÓRIOS PINHEIRO STOCK,UPN80x45,Perfil U
CA1012A4073,CA1012,letras_numero_letras_numero,2,2,ACESSÓRIOS PINHEIRO STOCK,33.7x3.2,Tubo redondo
CA1012A4074,CA1012,letras_numero_letras_numero,2,2,ACESSÓRIOS PINHEIRO STOCK,26.9x2,Tubo redondo
CA1012A4075,CA1012,letras_numero_letras_numero,2,2,ACESSÓRIOS PINHEIRO STOCK,10.6,Varão redondo
CA1012A4076,CA1012,letras_numero_letras_numero,5,5,ACESSÓRIOS TORRE PINHEIRO 12M - MOD. CA22O,76.1x5,Tubo redondo
CA1396A4500,CA1396,letras_numero_letras_numero,8,8,ACESSÓRIOS TORRE TUBULAR 30M - MOD. CA03D,14.5,Varão redondo
CA13I005,CA13,letras_numero_letras_numero,1,1,TORRE PINHEIRO 16M - MOD. CA13I,101.6x4.5,Tubo redondo
CA13I006,CA13,letras_numero_letras_numero,1,1,TORRE PINHEIRO 16M - MOD. CA13I,114x4,Tubo redondo
CA13I008,CA13,letras_numero_letras_numero,1,1,TORRE PINHEIRO 16M - MOD. CA13I,101.6x4.5,Tubo redondo
CA13I009,CA13,letras_numero_letras_numero,1,1,TORRE PINHEIRO 16M - MOD. CA13I,101.6x4.5,Tubo redondo
CA13I010,CA13,letras_numero_letras_numero,1,1,TORRE PINHEIRO 16M - MOD. CA13I,101.6x4.5,Tubo redondo
CA13I011,CA13,letras_numero_letras_numero,1,1,TORRE PINHEIRO 16M - MOD. CA13I,101.6x4.5,Tubo redondo
CA13I012,CA13,letras_numero_letras_numero,1,1,TORRE PINHEIRO 16M - MOD. CA13I,101.6x4.5,Tubo redondo
CA1497A4502,CA1497,letras_numero_letras_numero,18,18,TORRE TUBULAR 30M - MOD. CA03D,10,Varão redondo
CA17H011,CA17,letras_numero_letras_numero,4,4,TORRE PALMEIRA 15M - MOD. CA54N,16x16,Varão quadrado
CA17H021,CA17,letras_numero_letras_numero,4,4,ACESSÓRIOS TORRE PALMEIRA 15M - MOD. CA54N,10,Varão redondo
CA17H064,CA17,letras_numero_letras_numero,3,3,ACESSÓRIOS TORRE PALMEIRA 15M - MOD. CA54N,12,Varão redondo
CA17HAL2,CA17,letras_numero_letras_numero,4,4,ACESSÓRIOS TORRE PALMEIRA 15M - MOD. CA54N,16,Varão redondo
CA1AO19,CA1,letras_numero_letras_numero,26,26,ACESSÓRIOS TORRE TUBULAR 30M - MOD. CA03D,20,Varão redondo
CA2023A4010,CA2023,letras_numero_letras_numero,6,6,--- CAS6_V 25M - TROÇOS (3UN),8,Varão redondo
CA2098A4006,CA2098,letras_numero_letras_numero,4,3,ACESSÓRIOS TORRE TUBULAR 30M - MOD. CA03D,76x3.25,Tubo redondo
CA2098A4500,CA2098,letras_numero_letras_numero,7,7,ACESSÓRIOS TORRE TUBULAR 30M - MOD. CA03D,14.5,Varão redondo
CA2219A4002,CA2219,letras_numero_letras_numero,2,2,ACESSÓRIOS PINHEIRO STOCK,M20,Varão roscado
CA2219A4003,CA2219,letras_numero_letras_numero,13,13,TORRE PINHEIRO 28M - MOD.CA22O,101.6x4.5,Tubo redondo
CA2219A4005,CA2219,letras_numero_letras_numero,16,16,TORRE PINHEIRO 12M - MOD. CA22O,101.6x4.5,Tubo redondo
CA2219A4007,CA2219,letras_numero_letras_numero,7,7,TORRE PINHEIRO 28M - MOD.CA22O,101.6x4.5,Tubo redondo
CA2219A4009,CA2219,letras_numero_letras_numero,6,6,TORRE PINHEIRO 28M - MOD.CA22O,101.6x4.5,Tubo redondo
CA2219A4011,CA2219,letras_numero_letras_numero,15,15,TORRE PINHEIRO 12M - MOD. CA22O,101.6x4.5,Tubo redondo
CA2219A4014,CA2219,letras_numero_letras_numero,15,15,TORRE PINHEIRO 12M - MOD. CA22O,101.6x4.5,Tubo redondo
CA2219A4015,CA2219,letras_numero_letras_numero,16,16,TORRE PINHEIRO 12M - MOD. CA22O,101.6x4.5,Tubo redondo
CA2219A4016,CA2219,letras_numero_letras_numero,14,14,TORRE PINHEIRO 12M - MOD. CA22O,101.6x4.5,Tubo redondo
CA2219A4021,CA2219,letras_numero_letras_numero,11,11,ACESSÓRIOS PINHEIRO STOCK,101.6x4.5,Tubo redondo
CA2219A4022,CA2219,letras_numero_letras_numero,11,11,ACESSÓRIOS PINHEIRO STOCK,12,Varão redondo
CA2219A4025,CA2219,letras_numero_letras_numero,2,2,TORRE SEKOIA 18M - MOD. CA27J,101.6x4.5,Tubo redondo
CA2219A4101,CA2219,letras_numero_letras_numero,16,16,TORRE PINHEIRO 12M - MOD. CA22O,101.6x4.5,Tubo redondo
CA2219A4102,CA2219,letras_numero_letras_numero,16,16,TORRE PINHEIRO 12M - MOD. CA22O,101.6x4.5,Tubo redondo
CA2219A4103,CA2219,letras_numero_letras_numero,16,16,TORRE PINHEIRO 12M - MOD. CA22O,101.6x4.5,Tubo redondo
CA2219A4104,CA2219,letras_numero_letras_numero,16,16,TORRE PINHEIRO 12M - MOD. CA22O,101.6x4.5,Tubo redondo
CA2219A4121,CA2219,letras_numero_letras_numero,1,1,ACESSÓRIOS PINHEIRO STOCK,76.1x3,Tubo redondo
CA2219A4123,CA2219,letras_numero_letras_numero,4,4,ACESSÓRIOS PINHEIRO STOCK,114.3x5,Tubo redondo
CA2219A4145,CA2219,letras_numero_letras_numero,2,2,ACESSÓRIOS PINHEIRO STOCK,88.9x4,Tubo redondo
CA2219A4146,CA2219,letras_numero_letras_numero,2,2,ACESSÓRIOS PINHEIRO STOCK,88.9x4,Tubo redondo
CA2219A4147,CA2219,letras_numero_letras_numero,2,2,ACESSÓRIOS PINHEIRO STOCK,101.6x4.5,Tubo redondo
CA2219A4161,CA2219,letras_numero_letras_numero,10,10,ACESSÓRIOS PINHEIRO STOCK,10.6,Varão redondo
CA2219A4213,CA2219,letras_numero_letras_numero,3,3,ACESSÓRIOS PINHEIRO P/ STOCK,UPN80x45,Perfil U
CA2219A4214,CA2219,letras_numero_letras_numero,3,3,ACESSÓRIOS PINHEIRO P/ STOCK,UPN80x45,Perfil U
CA2219A4215,CA2219,letras_numero_letras_numero,4,4,ACESSÓRIOS PINHEIRO P/ STOCK,UPN80x45,Perfil U
CA2219A4216,CA2219,letras_numero_letras_numero,4,4,ACESSÓRIOS PINHEIRO P/ STOCK,UPN80x45,Perfil U
CA2219A4217,CA2219,letras_numero_letras_numero,4,4,ACESSÓRIOS PINHEIRO P/ STOCK,UPN80x45,Perfil U
CA2219A4218,CA2219,letras_numero_letras_numero,2,2,ACESSÓRIOS EXTRA TORRE PINHEIRO 30M - MOD. CA22O,UPN80x45,Perfil U
CA2219A4219,CA2219,letras_numero_letras_numero,3,3,ACESSÓRIOS PINHEIRO P/ STOCK,UPN80x45,Perfil U
CA2219A4220,CA2219,letras_numero_letras_numero,3,3,ACESSÓRIOS PINHEIRO P/ STOCK,UPN80x45,Perfil U
CA2219A4522,CA2219,letras_numero_letras_numero,5,5,TORRE PINHEIRO 12M - MOD. CA22O,101.6x4.5,Tubo redondo
CA2219A4523,CA2219,letras_numero_letras_numero,2,2,TORRE PINHEIRO 24M - MOD.CA22O,100x10,Barra
CA2219A4524,CA2219,letras_numero_letras_numero,2,2,TORRE PINHEIRO 24M - MOD.CA22O,100x10,Barra
CA2219A4TU1,CA2219,letras_numero_letras_numero,2,2,ACESSÓRIOS PINHEIRO STOCK,76.3x3.3,Tubo redondo
CA2219A4TU3,CA2219,letras_numero_letras_numero,4,4,TUBO + ESTRIBOS,76.1x3.2,Tubo redondo
CA22O121,CA22,letras_numero_letras_numero,3,3,TAMPA PARA-RAIOS P/ PINHEIRO,76.1x3,Tubo redondo
CA2397A4001,CA2397,letras_numero_letras_numero,30,29,ACESSÓRIOS TORRE TUBULAR 30M - MOD. CA03D,12,Varão redondo
CA2413A4004,CA2413,letras_numero_letras_numero,2,2,TORRE CIPRESTE 20M - MOD. CA24I,88.9x4.5,Tubo redondo
CA2413A4005,CA2413,letras_numero_letras_numero,2,2,TORRE CIPRESTE 20M - MOD. CA24I,88.9x4.5,Tubo redondo
CA2413A4006,CA2413,letras_numero_letras_numero,2,2,TORRE CIPRESTE 20M - MOD. CA24I,88.9x4.5,Tubo redondo
CA2413A4007,CA2413,letras_numero_letras_numero,1,1,TORRE CIPRESTE 20M - MOD. CA24I,88.9x4.5,Tubo redondo
CA2413A4008,CA2413,letras_numero_letras_numero,1,1,TORRE CIPRESTE 20M - MOD. CA24I,88.9x4.5,Tubo redondo
CA2413A4009,CA2413,letras_numero_letras_numero,2,2,TORRE CIPRESTE 20M - MOD. CA24I,88.9x4.5,Tubo redondo
CA2413A4010,CA2413,letras_numero_letras_numero,2,2,TORRE CIPRESTE 20M - MOD. CA24I,88.9x4.5,Tubo redondo
CA2413A4011,CA2413,letras_numero_letras_numero,2,2,TORRE CIPRESTE 20M - MOD. CA24I,88.9x4.5,Tubo redondo
CA2413A4012,CA2413,letras_numero_letras_numero,2,2,TORRE CIPRESTE 20M - MOD. CA24I,88.9x4.5,Tubo redondo
CA2413A4013,CA2413,letras_numero_letras_numero,2,2,TORRE CIPRESTE 20M - MOD. CA24I,88.9x4.5,Tubo redondo
CA2413A4014,CA2413,letras_numero_letras_numero,2,2,TORRE CIPRESTE 20M - MOD. CA24I,88.9x4.5,Tubo redondo
CA2413A4015,CA2413,letras_numero_letras_numero,2,2,TORRE CIPRESTE 20M - MOD. CA24I,88.9x4.5,Tubo redondo
CA2413A4016,CA2413,letras_numero_letras_numero,2,2,TORRE CIPRESTE 20M - MOD. CA24I,88.9x4.5,Tubo redondo
CA2413A4034,CA2413,letras_numero_letras_numero,6,6,ACESSÓRIOS TORRE PINHEIRO 16M - MOD. CA13I,114.3x5,Tubo redondo
CA2413A4035,CA2413,letras_numero_letras_numero,6,6,ACESSÓRIOS TORRE PINHEIRO 16M - MOD. CA13I,76.1x3.2,Tubo redondo
CA2413A4036,CA2413,letras_numero_letras_numero,1,1,ACESSÓRIOS TORRE CIPRESTE 20M - MOD. CA24I,76.1x3.2,Tubo redondo
CA2413A4037,CA2413,letras_numero_letras_numero,1,1,ACESSÓRIOS TORRE CIPRESTE 20M - MOD. CA24I,76.1x3.2,Tubo redondo
CA2413A4039,CA2413,letras_numero_letras_numero,1,1,ACESSÓRIOS MONOPOLE 12M (2X),48.3x3.2,Tubo redondo
CA2413A4040,CA2413,letras_numero_letras_numero,1,1,ACESSÓRIOS MONOPOLE 12M (2X),48.3x3.2,Tubo redondo
CA4117A4001,CA4117,letras_numero_letras_numero,28,28,TORRE TUBULAR 25M,UPN100x50,Perfil U
CA4317A4007,CA4317,letras_numero_letras_numero,7,7,ACESSÓRIOS TORRE TUBULAR 50M - MOD. CA41M,UPN65x42,Perfil U
CA4317A4008,CA4317,letras_numero_letras_numero,5,5,ACESSÓRIOS TORRE TUBULAR 30M - MOD. CA03D,33.7x2.6,Tubo redondo
CA4317A4009,CA4317,letras_numero_letras_numero,7,7,ACESSÓRIOS TORRE TUBULAR 30M - MOD. CA03D,26.9x2.3,Tubo redondo
CA4317A4010,CA4317,letras_numero_letras_numero,7,7,ACESSÓRIOS TORRE TUBULAR 30M - MOD. CA03D,33.7x2.6,Tubo redondo
CA4317A4011,CA4317,letras_numero_letras_numero,5,5,ACESSÓRIOS TORRE TUBULAR 50M - MOD. CA41M,UPN65x42,Perfil U
CA4317A4012,CA4317,letras_numero_letras_numero,5,5,ACESSÓRIOS TORRE TUBULAR 50M - MOD. CA41M,UPN65x42,Perfil U
CA4317A4013,CA4317,letras_numero_letras_numero,8,7,ACESSÓRIOS TORRE TUBULAR 50M - MOD. CA41M,UPN65x42,Perfil U
CA4317A4014,CA4317,letras_numero_letras_numero,7,7,--- RECLAMAÇÃO VARÃO Ø14 |1IN,14,Varão redondo
CA4A19A4001,CA4,letras_numero_letras_numero,5,5,ACESSÓRIOS MONOPOLE 12M (2X),M10,Varão roscado
CA6119A4003,CA6119,letras_numero_letras_numero,2,2,"PATAMAR, ANEL E SUP. ANTENAS",UPN65x42,Perfil U
CA6119A4006,CA6119,letras_numero_letras_numero,1,1,"PATAMAR, ANEL E SUP. ANTENAS",UPN50x38,Perfil U
CA6119A4007,CA6119,letras_numero_letras_numero,1,1,"PATAMAR, ANEL E SUP. ANTENAS",UPN50x38,Perfil U
CA6119A4010,CA6119,letras_numero_letras_numero,1,1,"PATAMAR, ANEL E SUP. ANTENAS",UPN50x38,Perfil U
CA6319A4019,CA6319,letras_numero_letras_numero,1,1,ACESSÓRIOS TORRE TUBULAR 30M - MOD. CA63O,76.1x3.2,Tubo redondo
CA6319A4036,CA6319,letras_numero_letras_numero,1,1,"SUP DE ANTENAS CA63OJ09 (9X)_x000D_
CA63O528 (3X) + ESTRIBOS",UPN80x45,Perfil U
CA6319A4037,CA6319,letras_numero_letras_numero,1,1,ACESSÓRIOS TORRE TUBULAR 30M - MOD. CA73Q,76.1x3.2,Tubo redondo
CA6319A4046,CA6319,letras_numero_letras_numero,2,2,PLATAFORMA INTERMÉDIA P/ TORRE TUBULAR 40M - MOD. CA62O (2X),UPN65x42,Perfil U
CA6319A4051,CA6319,letras_numero_letras_numero,12,10,1UN - CA63OJ16 + 1UN. CA1AOJ18,12,Varão redondo
CA6319A4055,CA6319,letras_numero_letras_numero,2,2,ACESSÓRIOS TORRE TUBULAR 30M - MOD. CA73Q,42.4x2.6,Tubo redondo
CA6319A4056,CA6319,letras_numero_letras_numero,4,4,ACESSÓRIOS TORRE TUBULAR 30M - MOD. CA73Q,42.4x2.6,Tubo redondo
CA6319A4057,CA6319,letras_numero_letras_numero,2,2,ACESSÓRIOS TORRE TUBULAR 30M - MOD. CA73Q,33.7x2.6,Tubo redondo
CA6319A4058,CA6319,letras_numero_letras_numero,6,6,ACESSÓRIOS TORRE TUBULARES 40M (7X) E 50M (4X) - MOD.CA62O E CA61O,33.7x2.6,Tubo redondo
CA6319A4059,CA6319,letras_numero_letras_numero,4,4,1UN. CA63OJ19 - DQ54-138,UPN80x45,Perfil U
CA6319A4060,CA6319,letras_numero_letras_numero,4,4,1UN. CA63OJ19 - DQ54-138,UPN65x42,Perfil U
CA6319A4061,CA6319,letras_numero_letras_numero,3,3,PLATAFORMA INTERMÉDIA P/ TORRE TUBULAR 40M - MOD. CA62O (2X),UPN80x45,Perfil U
CA6319A4062,CA6319,letras_numero_letras_numero,3,3,PLATAFORMA INTERMÉDIA P/ TORRE TUBULAR 40M - MOD. CA62O (2X),UPN65x42,Perfil U
CA6319A4063,CA6319,letras_numero_letras_numero,4,4,1UN. CA63OJ19 - DQ54-138,UPN65x42,Perfil U
CA6319A4064,CA6319,letras_numero_letras_numero,3,3,PLATAFORMA INTERMÉDIA P/ TORRE TUBULAR 40M - MOD. CA62O (2X),UPN65x42,Perfil U
CA6319A4066,CA6319,letras_numero_letras_numero,8,8,ACESSÓRIOS TORRE TUBULARES 40M (7X) E 50M (4X) - MOD.CA62O E CA61O,10.6,Varão redondo
CA6319A4067,CA6319,letras_numero_letras_numero,8,8,ACESSÓRIOS TORRE TUBULARES 40M (7X) E 50M (4X) - MOD.CA62O E CA61O,10.6,Varão redondo
CA6319A4069,CA6319,letras_numero_letras_numero,5,5,FALTAS,42.4x2.6,Tubo redondo
CA6319A4070,CA6319,letras_numero_letras_numero,3,3,SUP. ANTENAS PLAT INFERIOR CA6XO,10.6,Varão redondo
CA6319A4071,CA6319,letras_numero_letras_numero,3,3,SUP. ANTENAS PLAT INFERIOR CA6XO,10.6,Varão redondo
CA6319A4072,CA6319,letras_numero_letras_numero,1,1,ACESSÓRIOS TORRE TUBULAR 30M - MOD. CA73Q,UPN65x42,Perfil U
CA6319A4073,CA6319,letras_numero_letras_numero,1,1,ACESSÓRIOS TORRE TUBULAR 30M - MOD. CA73Q,UPN65x42,Perfil U
CA6319A4074,CA6319,letras_numero_letras_numero,1,1,ACESSÓRIOS TORRE TUBULAR 30M - MOD. CA73Q,UPN65x42,Perfil U
CA6319A4075,CA6319,letras_numero_letras_numero,2,2,ACESSÓRIOS TORRE TUBULAR 30M - MOD. CA73Q,33.7x2.6,Tubo redondo
CA6319A4087,CA6319,letras_numero_letras_numero,3,3,ACESSÓRIOS TORRE TUBULAR 25M,10.6,Varão redondo
CA6319A4090,CA6319,letras_numero_letras_numero,7,7,ACESSÓRIOS TORRE TUBULARES 40M (7X) E 50M (4X) - MOD.CA62O E CA61O,42.4x2.6,Tubo redondo
CA6319A4091,CA6319,letras_numero_letras_numero,6,6,ACESSÓRIOS P/TORRE TUBULAR 30M - MOD.CA63O (1UN.),33.7x2.6,Tubo redondo
CA6319A4092,CA6319,letras_numero_letras_numero,5,5,ACESSÓRIOS TORRE TUBULARES 40M (7X) E 50M (4X) - MOD.CA62O E CA61O,42.4x2.6,Tubo redondo
CA6319A4094,CA6319,letras_numero_letras_numero,8,8,ACESSÓRIOS TORRE TUBULARES 40M (7X) E 50M (4X) - MOD.CA62O E CA61O,10.6,Varão redondo
CA6319A4112,CA6319,letras_numero_letras_numero,1,1,ACESSÓRIOS TORRE TUBULAR CA62O 40M - 1 UN,UPN80,Perfil U
CA6319A4113,CA6319,letras_numero_letras_numero,5,5,ACESSÓRIOS TORRE TUBULARES 40M (7X) E 50M (4X) - MOD.CA62O E CA61O,UPN80x45,Perfil U
CA6319A4122,CA6319,letras_numero_letras_numero,2,2,ACESSÓRIOS TORRE TUBULAR 40M (3X) - MOD. CA62O,UPN80x45,Perfil U
CA6319A4127,CA6319,letras_numero_letras_numero,10,10,ACESSÓRIOS TORRE TUBULARES 40M (7X) E 50M (4X) - MOD.CA62O E CA61O,48.3x3.2,Tubo redondo
CA6319A4128,CA6319,letras_numero_letras_numero,11,11,ACESSÓRIOS TORRE TUBULARES 40M (7X) E 50M (4X) - MOD.CA62O E CA61O,48.3x3.2,Tubo redondo
CA6319A4129,CA6319,letras_numero_letras_numero,9,9,ACESSÓRIOS TORRE TUBULARES 40M (7X) E 50M (4X) - MOD.CA62O E CA61O,76.1x3.2,Tubo redondo
CA6319A4130,CA6319,letras_numero_letras_numero,9,9,ACESSÓRIOS TORRE TUBULARES 40M (7X) E 50M (4X) - MOD.CA62O E CA61O,76.1x3.2,Tubo redondo
CA6319A9122,CA6319,letras_numero_letras_numero,1,1,ACESSÓRIOS TORRE TUBULARES 40M (3X) E 50M (1X) - MOD.CA62O E CA61O,UPN80x45,Perfil U
CA63O131,CA63,letras_numero_letras_numero,1,1,SUP. ANTENAS PLAT INFERIOR CA6XO,10.6,Varão redondo
CA63O132,CA63,letras_numero_letras_numero,1,1,SUP. ANTENAS PLAT INFERIOR CA6XO,101.6x3.2,Tubo redondo
CA6A19A4019,CA6,letras_numero_letras_numero,1,1,ACESSÓRIOS TORRE TUBULAR 15M,20,Varão redondo
CA6AO019,CA6,letras_numero_letras_numero,1,1,ACESSÓRIOS PARA TORRE TUBULAR 36M,20,Varão redondo
CAIAO19,CAIAO,prefixo_alfabetico,1,1,"ESCADAS, SUP. CABOS E PORTA ANTI-ESCALAMENTO - TORRE TUBULAR 12M (2X)",20,Varão redondo
CB0207A4J01,CB0207,letras_numero_letras_numero,1,1,COLUNAS CIB2 4M FF DRT (1UN),140x3,Tubo redondo
CB0207A4J02,CB0207,letras_numero_letras_numero,1,1,COLUNAS CIB2 4M FF DRT (1UN),76.1x3.25,Tubo redondo
CB3314A4J01,CB3314,letras_numero_letras_numero,8,8,COLUNAS CIB5_V 3.5M FF DRT (19UN),140x3,Tubo redondo
CB3314A4J02,CB3314,letras_numero_letras_numero,11,11,COLUNA CIB8 4.5M FF DRT (1UN),76x3,Tubo redondo
CC0111A4602,CC0111,letras_numero_letras_numero,1,1,COLUNAS CIL4_V 2M FF DRT (12UN),30x1.5,Chapa
CC0111A4606,CC0111,letras_numero_letras_numero,1,1,COLUNAS CGC3_V 4M FE DRT C/ STEEL SLEEVE (100UN),20x8x0.75,Calha
CC0111A4610,CC0111,letras_numero_letras_numero,15,15,--- CRL5_16M - TRAVESSA 1M DRV UPN140 Ø89 + LISTAS | 2UN,76.1x3.25,Tubo redondo
CC0111A4613,CC0111,letras_numero_letras_numero,12,12,COLUNAS ESPECIAIS 3.5M/4.3M FF/FE DRT (70UN),20x10x1,Calha
CC0111A4616,CC0111,letras_numero_letras_numero,4,4,COLUNAS CGC2_V 5M FE DRT (9UN),20x10x1,Calha
CC0111A4618,CC0111,letras_numero_letras_numero,14,14,BRAÇOS CLO1/CT/CAO2 SIMPLES/DUPLOS/QUADRUPLO 0.75M/1.25M/1.5M 5º/15º |179UN,60x2.9,Tubo redondo
CC0111A4619,CC0111,letras_numero_letras_numero,1,1,COLUNAS CIQ1_V 6M FE DRT (8UN),20x10x1,Calha
CC0111A4620,CC0111,letras_numero_letras_numero,5,5,COLUNAS CLCA_V 4M FF DRT (4UN),20x10x1,Calha
CC0111A4622,CC0111,letras_numero_letras_numero,1,1,COLUNA CBO1 5M FE DRT (1UN),20x10x1,Calha
CC0111A4625,CC0111,letras_numero_letras_numero,1,1,COLUNAS CLCA_V 5M FF DRT (3UN),20x10x1,Calha
CC0111A4628,CC0111,letras_numero_letras_numero,1,1,COLUNAS CGCA_V 12M FE DRT (30UN),20x10x1,Calha
CC0111A4631,CC0111,letras_numero_letras_numero,1,1,COLUNAS CGC3_V 8M FE DRT (96UN),20x10x1,Calha
CC0111A4632,CC0111,letras_numero_letras_numero,1,1,COLUNAS ESPECIAIS CILINDRICAS E BI-CILINDRICAS 7.7M/6.5M (29UN),20x10x1,Calha
CC0117A4014,CC0117,letras_numero_letras_numero,6,6,"--- CRL3_V - 18M - TRAVESSA 1,55M + LISTAS | 4UN",10.6,Varão redondo
CC0117A4015,CC0117,letras_numero_letras_numero,4,4,TRAVESSAS 0.4M/1M + ESTRIBOS | 24UN,10.6,Varão redondo
CC0117A4016,CC0117,letras_numero_letras_numero,6,6,TRAVESSAS 0.4M/1M + ESTRIBOS | 24UN,10.6,Varão redondo
CC0117A4017,CC0117,letras_numero_letras_numero,8,8,"--- CRSB_V 22M (ELIA) - TRAVESSA 2,2M + LISTAS | 2UN",10.6,Varão redondo
CC0117A4018,CC0117,letras_numero_letras_numero,1,1,---CONJUNTO TRAVESSAS TOPO + ESTRIBOS 1.5M | 8UN,10.6,Varão redondo
CC0118A4100,CC0118,letras_numero_letras_numero,1,1,ARCO PROTEÇÃO 1.3M C/ 3 PÉS |5UN,48.3x2.9,Tubo redondo
CC0119A4530,CC0119,letras_numero_letras_numero,1,1,COLUNAS CBCA 4M FE DRT (500UN),60.3x2.9,Tubo redondo
CC011A4627,CC011,letras_numero_letras_numero,1,1,--- CTSL_V 10M - TROÇOS (4UN),20x10x1,Calha
CC0P17A4005,CC0,letras_numero_letras_numero,7,7,"--- CRS3 - 25M - PLT ESTRIBOS 1,5M + TRAV. PLT 1,5M + ESCADAS + ACESSÓRIOS | 3UN",M20,Varão roscado
CC0P17A4700,CC0,letras_numero_letras_numero,4,4,"--- CRS6_V 22M - PLT. ESTRIBOS 1,5M | 4UN",26.9x2.3,Tubo redondo
CC0P17A4701,CC0,letras_numero_letras_numero,4,4,"--- CRS6_V 22M - PLT. ESTRIBOS 1,5M | 4UN",26.9x2.3,Tubo redondo
CC0P17A4703,CC0,letras_numero_letras_numero,4,4,"--- CRS6_V 22M - PLT. ESTRIBOS 1,5M | 4UN",21.3x2.35,Tubo redondo
CC0P17A4704,CC0,letras_numero_letras_numero,4,4,"--- CRS6_V 22M - PLT. ESTRIBOS 1,5M | 4UN",33.7x2.6,Tubo redondo
CC0P17A4705,CC0,letras_numero_letras_numero,4,4,"--- CRS6_V 22M - PLT. ESTRIBOS 1,5M | 4UN",33.7x2.6,Tubo redondo
CC7712A4011,CC7712,letras_numero_letras_numero,1,1,"BRAÇOS ""KC"" Ø60 DUPLOS 0.25M 5º + BRAÇOS ""CT"" Ø60 DUPLOS/SIMPLES 1.5M 5º |36UN",60.3x2.9,Tubo redondo
CCAB17A4050,CCAB17,letras_numero_letras_numero,1,1,"--- CRL3 - 16/19M - TRAVESSAS 2/1,5M + LISTAS | 6UN",UPN140x60,Perfil U
CCAB17A4053,CCAB17,letras_numero_letras_numero,1,1,--- TRAVESSA TRF1500D140 |10UN,UPN140x60,Perfil U
CCAB18A4105,CCAB18,letras_numero_letras_numero,1,1,BRAÇO TRIPLO 0.25M 15º INC | 1UN,88.9x4,Tubo redondo
CCAB20A4022,CCAB20,letras_numero_letras_numero,2,2,"--- CRL3 - 16/19M - TRAVESSAS 2/1,5M + LISTAS | 6UN",UPN140x60,Perfil U
CCAB21A4041,CCAB21,letras_numero_letras_numero,5,2,ACESSORIOS TECPOLES |2150UN,60.3x2.6,Tubo redondo
CCAB21A4101,CCAB21,letras_numero_letras_numero,2,2,ACESSORIOS TECPOLES |2070UN,UPN80,Perfil U
CCAB21A4102,CCAB21,letras_numero_letras_numero,1,1,ACESSORIOS TECPOLES |2070UN,UPN80,Perfil U
CCAB21A4103,CCAB21,letras_numero_letras_numero,2,2,ACESSORIOS TECPOLES |2070UN,UPN80,Perfil U
CCAB21A4104,CCAB21,letras_numero_letras_numero,2,2,ACESSORIOS TECPOLES |2070UN,UPN80,Perfil U
CCAB21A4106,CCAB21,letras_numero_letras_numero,2,2,ACESSORIOS TECPOLES |2150UN,60.3x2.6,Tubo redondo
CCAB21A4107,CCAB21,letras_numero_letras_numero,2,2,ACESSORIOS TECPOLES |2150UN,60x2.6,Tubo redondo
CCAB21A4108,CCAB21,letras_numero_letras_numero,2,2,ACESSORIOS TECPOLES |2150UN,60.3x2.6,Tubo redondo
CCAB23A4605,CCAB23,letras_numero_letras_numero,1,1,ACESSORIOS FLUVIUS |950UN,101.6x3.25,Tubo redondo
CCAB23S4605,CCAB23,letras_numero_letras_numero,1,1,ACESSORIOS FLUVIUS |121UN,101.6x3.25,Tubo redondo
CCAB24A4100,CCAB24,letras_numero_letras_numero,2,2,ACESSORIOS FLUVIUS |121UN,60.3x2.9,Tubo redondo
CCAB24A4101,CCAB24,letras_numero_letras_numero,2,2,ACESSORIOS FLUVIUS |121UN,48.3x2.9,Tubo redondo
CCAB24A4102,CCAB24,letras_numero_letras_numero,4,4,ACESSORIOS FLUVIUS |121UN,60.3x2.9,Tubo redondo
CCAB24A4103,CCAB24,letras_numero_letras_numero,1,1,ACESSORIOS FLUVIUS |950UN,60.3x4,Tubo redondo
CCAB24A4104,CCAB24,letras_numero_letras_numero,1,1,ACESSORIOS FLUVIUS |950UN,127x4,Tubo redondo
CCAB24A4106,CCAB24,letras_numero_letras_numero,1,1,ACESSÓRIOS FLUVIUS | 20UN,60.3x2.9,Tubo redondo
CCAB24A4600,CCAB24,letras_numero_letras_numero,4,4,ACESSORIOS FLUVIUS |950UN,60.3x2.9,Tubo redondo
CCAB24A4602,CCAB24,letras_numero_letras_numero,1,1,ACESSORIOS FLUVIUS |950UN,139.7x5,Tubo redondo
CCAB24A4607,CCAB24,letras_numero_letras_numero,2,2,ACESSORIOS FLUVIUS |950UN,60x3,Tubo redondo
CD01O002,CD01,letras_numero_letras_numero,1,1,LIGHTNING POLES 30M E 45M (MOD. CD01O) - (15UN),20,Varão redondo
CD0412A4001,CD0412,letras_numero_letras_numero,2,2,---CONJUNTO DE CHUMBADOUROS COLUNAS CRL3 16M | 3UN,18,Varão redondo
CD04J001,CD04,letras_numero_letras_numero,3,3,ENEDIS | STOCK | ÉCHELONS = 30 000X,12x12,Varão quadrado
CD04T001,CD04,letras_numero_letras_numero,8,8,RTE | ACESSÓRIOS | S3F40T4X (1.5M) = 1X,UPN65x42,Perfil U
CD04T002,CD04,letras_numero_letras_numero,11,11,RTE | G15 T4 W = 1UN | POSTE,193.7x6,Tubo redondo
CD04T003,CD04,letras_numero_letras_numero,13,12,RTE | G15 T4 W = 1UN | POSTE,24,Varão redondo
CD04T004,CD04,letras_numero_letras_numero,11,10,RTE | G15 T4 W = 1UN | POSTE,24,Varão redondo
CD04T005,CD04,letras_numero_letras_numero,11,10,RTE | ACESSÓRIOS | S3F16T4Z1 - 3.0 = 1X,12,Varão redondo
CD04T006,CD04,letras_numero_letras_numero,11,11,RTE | ACESSÓRIOS | S3F16T4Y - 3.0 = 1X,42.4x5,Tubo redondo
CD04T007,CD04,letras_numero_letras_numero,10,10,RTE | POSTE | S3F25T4X = 2X &  S3F40T4W = 1X,50x50x3.2,Tubo quadrado
CD04T008,CD04,letras_numero_letras_numero,18,18,RTE | G15 T4 W = 1UN | POSTE,21.3x3.2,Tubo redondo
CD04T009,CD04,letras_numero_letras_numero,1,1,RTE | POSTE | S3F67T4X = 1X,50x50x3.2,Tubo quadrado
CD04T010,CD04,letras_numero_letras_numero,1,1,RTE | POSTE | S3F67T4X = 1X,50x50x3.2,Tubo quadrado
CD04T520,CD04,letras_numero_letras_numero,11,11,RTE | G15 T4 W = 1UN | POSTE,75x45,Chapa
CD06T001,CD06,letras_numero_letras_numero,2,2,RTE | CHUMBADOUROS | S3F40T4X (1.5M) = 1X,M39,Varão roscado
CD44I001,CD44,letras_numero_letras_numero,1,1,N-ERGIE | 14M/4KN + 15M/4KN (2X) + 18M/4KN + 16M/6KN (3X) + 18M/6KN (2X) + 16M/19KN + 17M/19KN + 13M/25KN + 14M/25KN (3X) + 16M/25KN (2X) + CROSSARMS SH4/SW4 + SQUARE ARM = 17X,100x100x4,Tubo quadrado
CD44O001,CD44,letras_numero_letras_numero,3,3,N-ERGIE | 20M/6KN + 13M/11KN + 20M/11KN + 14M/16KN (2X) + 13M/19KN + 15M/45KN + 14M/50KN + 15M/50KN = 9X,100x100x4,Tubo quadrado
CDBRO002,CDBRO,prefixo_alfabetico,1,1,N-ERGIE | STEEL POLE: 14M/4KN + 15M/4KN + 16M/4KN + 15M/6KN + 12M/19KN + 14M/19KN + 16M/25KN + 15M/31KN (2X) + 16M/31KN (2X) + CROSSARMS SH4/SW4 + SQUARE ARM = 11X,14.5,Varão redondo
CDPTO001,CDPTO,prefixo_alfabetico,4,4,N-ERGIE | STEEL POLE: 14M/25KN (2X) + 15M/25KN + 17M/45KN (2X) + CROSSARMS SW4 = 5X,12,Varão redondo
CDPTO002,CDPTO,prefixo_alfabetico,4,4,N-ERGIE | STEEL POLE: 14M/25KN (2X) + 15M/25KN + 17M/45KN (2X) + CROSSARMS SW4 = 5X,12,Varão redondo
CE0102A4008,CE0102,letras_numero_letras_numero,2,2,--- CES ESPECIAL 24M - PLATAFORMA 3M | 4UN,42.4x2.65,Tubo redondo
CE0102A4009,CE0102,letras_numero_letras_numero,1,1,--- PLATAFORMA 4M |4UN,42.4x2.65,Tubo redondo
CE0102A4010,CE0102,letras_numero_letras_numero,2,2,--- CES ESPECIAL 24M - PLATAFORMA 3M | 4UN,42.4x2.65,Tubo redondo
CE0102A4011,CE0102,letras_numero_letras_numero,1,1,--- CES ESPECIAL 24M - PLATAFORMA 3M | 4UN,42.4x2.65,Tubo redondo
CE0102A4012,CE0102,letras_numero_letras_numero,2,2,--- CES ESPECIAL 24M - PLATAFORMA 3M | 4UN,33.7x2.65,Tubo redondo
CE0102A4013,CE0102,letras_numero_letras_numero,1,1,--- PLATAFORMA 4M |4UN,33.7x2.65,Tubo redondo
CE0102A4014,CE0102,letras_numero_letras_numero,1,1,--- PLATAFORMA 4M |4UN,33.7x2.65,Tubo redondo
CE0102A4015,CE0102,letras_numero_letras_numero,2,2,--- CES ESPECIAL 24M - PLATAFORMA 3M | 4UN,33.7x2.65,Tubo redondo
CE0102A4016,CE0102,letras_numero_letras_numero,2,2,--- CES ESPECIAL 24M - PLATAFORMA 3M | 4UN,33.7x2.65,Tubo redondo
CE0102A4017,CE0102,letras_numero_letras_numero,2,2,--- CES ESPECIAL 24M - PLATAFORMA 3M | 4UN,33.7x2.65,Tubo redondo
CE0102A4018,CE0102,letras_numero_letras_numero,1,1,--- PLATAFORMA 4M |4UN,UPN120x55,Perfil U
CE0102A4019,CE0102,letras_numero_letras_numero,2,2,--- CES ESPECIAL 24M - PLATAFORMA 3M | 4UN,UPN120x55,Perfil U
CE0102A4020,CE0102,letras_numero_letras_numero,1,1,--- PLATAFORMA 4M |4UN,120x60x3,Tubo retangular
CE0102A4021,CE0102,letras_numero_letras_numero,2,2,--- CES ESPECIAL 24M - PLATAFORMA 3M | 4UN,UPN120x55,Perfil U
CE0102A4040,CE0102,letras_numero_letras_numero,2,2,--- CES ESPECIAL 24M - TROÇOS + PAINEL INC. (4UN),12,Varão redondo
CE0102A4042,CE0102,letras_numero_letras_numero,2,2,--- CES ESPECIAL 24M - TROÇOS + PAINEL INC. (4UN),12,Varão redondo
CE0102A4043,CE0102,letras_numero_letras_numero,2,2,--- CES ESPECIAL 24M - TROÇOS + PAINEL INC. (4UN),12,Varão redondo
CE0102A4044,CE0102,letras_numero_letras_numero,2,2,--- CES ESPECIAL 24M - TROÇOS + PAINEL INC. (4UN),12,Varão redondo
CE0102A4550,CE0102,letras_numero_letras_numero,1,1,--- COLUNAS ESTÁDIO 24M / 26M (4UN),30x5,Barra
CE0107A4018,CE0107,letras_numero_letras_numero,1,1,--- CES ESPECIAL 24M - TROÇOS + PAINEL INC. (4UN),16,Varão redondo
CE0108A4007,CE0108,letras_numero_letras_numero,1,1,--- CES ESPECIAL 24M - TROÇOS + PAINEL INC. (4UN),100x100x8,Tubo quadrado
CE0108A4008,CE0108,letras_numero_letras_numero,2,2,--- CES ESPECIAL 24M - TROÇOS + PAINEL INC. (4UN),219.1x6.3,Tubo redondo
CE0108A4012,CE0108,letras_numero_letras_numero,1,1,--- CES ESPECIAL 24M - PLATAFORMA 3M | 4UN,42.4x2.65,Tubo redondo
CE0108A4013,CE0108,letras_numero_letras_numero,1,1,--- CES ESPECIAL 24M - PLATAFORMA 3M | 4UN,33.7x2.65,Tubo redondo
CE0108A4014,CE0108,letras_numero_letras_numero,1,1,--- CES ESPECIAL 24M - PLATAFORMA 3M | 4UN,33.7x2.65,Tubo redondo
CE0108A4015,CE0108,letras_numero_letras_numero,1,1,--- CES ESPECIAL 24M - PLATAFORMA 3M | 4UN,UPN120x55,Perfil U
CE0108A4016,CE0108,letras_numero_letras_numero,1,1,--- CES ESPECIAL 24M - PLATAFORMA 3M | 4UN,120x60x3,Tubo retangular
CE0108A4020,CE0108,letras_numero_letras_numero,1,1,--- CES ESPECIAL 24M - PLATAFORMA 3M | 4UN,33.7x2.65,Tubo redondo
CG22P03,CG22,letras_numero_letras_numero,1,1,CESTAS GRANDES (DES. EI20M01) - 50 UN.,70x70x6,Tubo quadrado
CHUMB M12X150,,codigo_com_espacos,1,1,V1 ACERTOS G CORPOS,M12,Varão roscado
CI0114A4J01,CI0114,letras_numero_letras_numero,13,13,COLUNAS CIL4_V 3.5M FF DRT C/ REDUÇÃO Ø60X80MM (40UN),88.9x3,Tubo redondo
CI0118A4J01,CI0118,letras_numero_letras_numero,8,8,COLUNA CIB8 4.5M FF DRT (1UN),114x3,Tubo redondo
CI0118A4J02,CI0118,letras_numero_letras_numero,4,4,COLUNA CIB8 4M FF DRT (1UN),76x3,Tubo redondo
CI0123A4002,CI0123,letras_numero_letras_numero,1,1,"BRAÇOS ""PUNTA"" Ø76 SIMPLES/DUPLOS 0.5M 5º |16UN",76.1x3.25,Tubo redondo
CI014A4J01,CI014,letras_numero_letras_numero,1,1,COLUNAS CIL4 3.5M FF DRT (5UN),88.9x3,Tubo redondo
CI0221A4002,CI0221,letras_numero_letras_numero,1,1,BRAÇOS PBA 1M 10º + FLECHE 1M 10º |22UN,10.6,Varão redondo
CI0421A4001,CI0421,letras_numero_letras_numero,1,1,BRAÇOS PBA 1M 10º + FLECHE 1M 10º |22UN,60.3x2.9,Tubo redondo
CI0714A4J01,CI0714,letras_numero_letras_numero,21,21,COLUNAS CIL5 4M FE DRT (9UN),114x3,Tubo redondo
CI0799A4001,CI0799,letras_numero_letras_numero,10,10,COLUNAS CEU1 10M FE C/BRAÇO SIMPLES 1M 15º (18UN),6,Varão redondo
CI1106A4007,CI1106,letras_numero_letras_numero,3,3,BRAÇOS CLO1/CT/CAO2 SIMPLES/DUPLOS/QUADRUPLO 0.75M/1.25M/1.5M 5º/15º |179UN,60.3x2.9,Tubo redondo
CI1106A4008,CI1106,letras_numero_letras_numero,3,3,BRAÇOS KC/CLO1/MURAL 1M/0.75M SIMPLES/DUPLO 5º/15º INC | 197UN,60.3x2.9,Tubo redondo
CI1106A4009,CI1106,letras_numero_letras_numero,3,3,BRAÇOS CLO1 SIMPLES 1.25M 15º |80UN,60x3,Tubo redondo
CI1106A4010,CI1106,letras_numero_letras_numero,1,1,BRAÇOS CLO1 DUPLOS 0.5M 15º |2UN,60.3x2.9,Tubo redondo
CI1106A4011,CI1106,letras_numero_letras_numero,1,1,___RECLAMAÇÃO___BRAÇOS CLO1 SIMPLES/DUPLOS 0.75M 15º INC | 23UN,60.3x2.9,Tubo redondo
CI1106A4012,CI1106,letras_numero_letras_numero,3,3,BRAÇOS KC/CLO1/MURAL 1M/0.75M SIMPLES/DUPLO 5º/15º INC | 197UN,60.3x2.9,Tubo redondo
CI1106A4014,CI1106,letras_numero_letras_numero,1,1,BRAÇOS CLO1 SIMPLES/DUPLOS 0.5M 5º |32UN,60x3,Tubo redondo
CI1106A4015,CI1106,letras_numero_letras_numero,5,5,BRAÇOS CLO1 SIMPLES 0.75M/1.25M 5º |75UN,60x3,Tubo redondo
CI1106A4016,CI1106,letras_numero_letras_numero,1,1,BRAÇOS CLO1 SIMPLES/ DUPLOS 1M/1.25M 5º/15º |327UN,60x3,Tubo redondo
CI1106A4017,CI1106,letras_numero_letras_numero,7,7,BRAÇOS CLO1 SIMPLES 0.75M/1.25M 5º |75UN,60x3,Tubo redondo
CI1106A4018,CI1106,letras_numero_letras_numero,1,1,BRAÇOS CLO1 SIMPLES/DUPLOS 0.5M 5º |32UN,60.3x2.9,Tubo redondo
CI1106A4019,CI1106,letras_numero_letras_numero,1,1,BRAÇOS CLO1 DUPLOS 0.75M 5ºINC | 9UN,60.3x2.9,Tubo redondo
CI1106A4021,CI1106,letras_numero_letras_numero,1,1,BRAÇOS CLO1 SIMPLES/DUPLOS 1.25M 5º |71UN,60x3,Tubo redondo
CI1107A4002,CI1107,letras_numero_letras_numero,4,4,BRAÇOS CAO3 DUPLOS 0.75M 5º |2UN,63x3,Tubo redondo
CI1107A4004,CI1107,letras_numero_letras_numero,2,2,BRAÇOS CAO3/CEC1 SIMPLES/DUPLOS 1.25M/1M 15ºINC | 13UN,63x3,Tubo redondo
CI1107A4006,CI1107,letras_numero_letras_numero,2,2,BRAÇOS CAO3 SIMPLES/DUPLOS 0.75M 15º |26UN,63x3,Tubo redondo
CI1107A4007,CI1107,letras_numero_letras_numero,2,2,BRAÇOS CAO3/CEC1 SIMPLES/DUPLOS 1.25M/1M 15ºINC | 13UN,63x3,Tubo redondo
CI1107A4010,CI1107,letras_numero_letras_numero,1,1,BRAÇOS CAO3 SIMPLES/DUPLOS 0.75M 5º |71UN,63x3,Tubo redondo
CI1107A4011,CI1107,letras_numero_letras_numero,1,1,TRAVESSAS 1M CAO6 + BRAÇOS CAO3 1M 5º INC | 18UN,63x3,Tubo redondo
CI1107A4012,CI1107,letras_numero_letras_numero,2,2,BRAÇOS CAO3 SIMPLES 1.25M 5º |74UN,63x3,Tubo redondo
CI1107A4014,CI1107,letras_numero_letras_numero,3,3,BRAÇOS CAO3 DUPLOS 0.75M 5º |2UN,63x3,Tubo redondo
CI1107A4019,CI1107,letras_numero_letras_numero,5,5,BRAÇOS SIMPLES CAO3 1M 5º |1UN,63x3,Tubo redondo
CI1107A4028,CI1107,letras_numero_letras_numero,1,1,BRAÇOS CAO3 SIMPLES 1M 5º/10º |100UN,63x3,Tubo redondo
CI1107S4002,CI1107,letras_numero_letras_numero,1,1,BRAÇOS CAO3 SIMPLES/DUPLOS 0.75M 15º |8UN,63x3,Tubo redondo
CI1119A4001,CI1119,letras_numero_letras_numero,11,11,---TRAVESSA 2M PARA COE1| 2UN,UPN140x60,Perfil U
CI1506A4J01,CI1506,letras_numero_letras_numero,4,4,COLUNAS MTR1 6M FF DRT (11UN),168.3x3,Tubo redondo
CI1514A4J01,CI1514,letras_numero_letras_numero,18,18,COLUNAS CIL6_V 6M FF DRT (2UN),140x3,Tubo redondo
CI1822A4001,CI1822,letras_numero_letras_numero,7,7,COLUNAS CIBB_V 4M FF DRT (9UN),139.7x4,Tubo redondo
CI1822A4002,CI1822,letras_numero_letras_numero,7,7,COLUNAS CIBB_V 4M FF DRT (9UN),88.9x3,Tubo redondo
CI1920A4002,CI1920,letras_numero_letras_numero,6,3,BRAÇOS CAO8 SMPLES 0.75M/1.25M 5º + BRAÇOS CEC1 SIMPLES 0.75M/1.25M 5º |550UN,63x3,Tubo redondo
CI1920A4004,CI1920,letras_numero_letras_numero,1,1,BRAÇOS CAO8 SIMPLES 1.25M 15º |4UN,63x3,Tubo redondo
CI1920A4005,CI1920,letras_numero_letras_numero,6,6,BRAÇOS CAO8 SIMPLES 0.75M 0º/10º |85UN,63x3,Tubo redondo
CI1920A4009,CI1920,letras_numero_letras_numero,1,1,BRAÇOS CAO8 SIMPLES/DUPLOS 0.75M/1.25M 0º/10º INC | 44UN,63x3,Tubo redondo
CI2105A4003,CI2105,letras_numero_letras_numero,1,1,BRAÇOS CEC1 SIMPLES 1M 15º |3UN,60x2.9,Tubo redondo
CI2105A4004,CI2105,letras_numero_letras_numero,1,1,BRAÇOS CEC1 SIMPLES 1.25M 0º/15º + TRAVESSA R76TR100 |5UN,60x2.9,Tubo redondo
CI2105A4007,CI2105,letras_numero_letras_numero,1,1,BRAÇOS CAO3/CEC1 SIMPLES/DUPLOS 1.25M/1M 15ºINC | 13UN,60x2.9,Tubo redondo
CI2105A4010,CI2105,letras_numero_letras_numero,3,3,BRAÇOS CAO8 SMPLES 0.75M/1.25M 5º + BRAÇOS CEC1 SIMPLES 0.75M/1.25M 5º |550UN,60x2.9,Tubo redondo
CI2105A4012,CI2105,letras_numero_letras_numero,1,1,BRAÇO CEC1 DUPLO 0.50M 5º |1UN,60x2.9,Tubo redondo
CI2105A4013,CI2105,letras_numero_letras_numero,6,6,BRAÇOS CAO8 SMPLES 0.75M/1.25M 5º + BRAÇOS CEC1 SIMPLES 0.75M/1.25M 5º |550UN,60x2.9,Tubo redondo
CI2125A4001,CI2125,letras_numero_letras_numero,2,2,COLUNAS CCL1 4M FE DRT (107UN),114x2.6,Tubo redondo
CI2306A4J01,CI2306,letras_numero_letras_numero,3,3,COLUNA MTR2_V 7M FF DRT (1UN),168.3x4,Tubo redondo
CI2314A4J01,CI2314,letras_numero_letras_numero,9,9,COLUNA CIB4 4M FF DRT (1UN),114x3,Tubo redondo
CI2314A4J02,CI2314,letras_numero_letras_numero,10,10,COLUNAS CIB4 4M FF DRT (1UN),60x3,Tubo redondo
CI2314S4J01,CI2314,letras_numero_letras_numero,1,1,COLUNAS CIB4 4M FF DRT (1UN),114x3,Tubo redondo
CI2625A4002,CI2625,letras_numero_letras_numero,1,1,COLUNAS CCL2 6M FE DRT (13UN),168x3,Tubo redondo
CI2825A4002,CI2825,letras_numero_letras_numero,1,1,COLUNAS CCL2 8M FE DRT (2UN),168x3,Tubo redondo
CI3215A3J01,CI3215,letras_numero_letras_numero,8,8,COLUNAS CIB5 3.7M FF DRT (80UN),140x3,Tubo redondo
CI3215A3J02,CI3215,letras_numero_letras_numero,5,5,COLUNAS CIB5 2.7M FF DRT (15UN),89x3,Tubo redondo
CI3215A3J03,CI3215,letras_numero_letras_numero,1,1,COLUNAS CIB5 3.7M FF DRT (80UN),89x3,Tubo redondo
CI3408A4004,CI3408,letras_numero_letras_numero,2,2,BRAÇOS CLO1/CT/CAO2 SIMPLES/DUPLOS/QUADRUPLO 0.75M/1.25M/1.5M 5º/15º |179UN,63x3,Tubo redondo
CI3422A4005,CI3422,letras_numero_letras_numero,9,3,COLUNAS T003 8M FE DRT (200UN),76x2.6,Tubo redondo
CI3425A4J01,CI3425,letras_numero_letras_numero,10,10,COLUNAS CSS1 4M FE DRT (42UN),140x3,Tubo redondo
CI3425A4J02,CI3425,letras_numero_letras_numero,10,10,COLUNAS CSS1 4M FE DRT (42UN),76x3,Tubo redondo
CI3507A4J01,CI3507,letras_numero_letras_numero,1,1,BRAÇOS SIMPLES/DUPLOS 0.25M 5º INC FIXO POR ABRAÇADEIRAS | 53UN,60.3x3.25,Tubo redondo
CI3525A4J01,CI3525,letras_numero_letras_numero,8,7,COLUNAS CSS1 5M FF DRT (5UN),140x3,Tubo redondo
CI3525A4J02,CI3525,letras_numero_letras_numero,6,6,COLUNAS CSS1 5M FF DRT (5UN),76x3,Tubo redondo
CI3725A4J01,CI3725,letras_numero_letras_numero,2,2,COLUNAS CSS2 5M FE DRT (5UN),178x3,Tubo redondo
CI3725A4J02,CI3725,letras_numero_letras_numero,2,2,COLUNAS CSS2 5M FE DRT (5UN),120x3,Tubo redondo
CI3920A4001,CI3920,letras_numero_letras_numero,5,5,COLUNAS STEPAC 2.7M (262UN),140x3,Tubo redondo
CI3920A4002,CI3920,letras_numero_letras_numero,5,5,COLUNAS STEPAC 2.7M (262UN),88.9x3,Tubo redondo
CI4125A4J01,CI4125,letras_numero_letras_numero,2,2,COLUNAS CSS2 9M FE DRT (5UN),194x3,Tubo redondo
CI4125A4J02,CI4125,letras_numero_letras_numero,2,2,COLUNAS CSS2 9M FE DRT (5UN),120x3,Tubo redondo
CI4225A4001,CI4225,letras_numero_letras_numero,12,4,COLUNAS CSS3 8M FE DRT (5UN),76x3,Tubo redondo
CI4225A4002,CI4225,letras_numero_letras_numero,9,3,COLUNAS CSS3 6M FF DRT (5UN),76x3,Tubo redondo
CI4414A4J01,CI4414,letras_numero_letras_numero,1,1,COLUNAS CIB6_V 10M FE DRT (4UN),114.3x3,Tubo redondo
CI4414A4J02,CI4414,letras_numero_letras_numero,1,1,COLUNAS CIB6_V 10M FE DRT (4UN),168.3x3,Tubo redondo
CI4419A4001,CI4419,letras_numero_letras_numero,1,1,BRAÇOS PPP DUPLOS 0.25M 5º INC | 2UN,60.3x2.9,Tubo redondo
CI4419A4002,CI4419,letras_numero_letras_numero,1,1,BRAÇOS PPP DUPLOS 0.25M 5º INC | 2UN,76.1x3.2,Tubo redondo
CI4423A4004,CI4423,letras_numero_letras_numero,1,1,BRAÇO DUPLO P/ CBH1 6M (51UN),60.3x2.9,Tubo redondo
CI4625A4001,CI4625,letras_numero_letras_numero,6,2,COLUNAS CSS4 8M FF DRT (5UN),140x3,Tubo redondo
CI4721A4001,CI4721,letras_numero_letras_numero,2,2,BRAÇOS KC/KCP Ø60 1.5M/0.5M 0º/3º INC | 21UN,60.3x2.9,Tubo redondo
CI4721A4003,CI4721,letras_numero_letras_numero,2,2,"BRAÇOS ""KCP"" DUPLOS 0.5M 3º |1UN",76.1x3.25,Tubo redondo
CI5021A4000,CI5021,letras_numero_letras_numero,10,5,COLUNAS B001 4.5M FE DRT (1050UN),76x2.6,Tubo redondo
CI5118A04001,CI5118,letras_numero_letras_numero,2,1,COLUNAS CGBA 3.5M FE DRT (10UN),60x2.6,Tubo redondo
CI5118A4001,CI5118,letras_numero_letras_numero,24,12,COLUNAS CGBA 4.5M FE DRT C/ STEEL SLEEVE (2UN),60x2.6,Tubo redondo
CI5118A4002,CI5118,letras_numero_letras_numero,2,1,COLUNAS CGBA 3M FF DRT (2UN),60x2.6,Tubo redondo
CI5121A4000,CI5121,letras_numero_letras_numero,4,2,COLUNAS B001 5M FE DRT C/ STEEL SLEEVE (315UN),76x2.6,Tubo redondo
CI5121A4030,CI5121,letras_numero_letras_numero,2,2,COLUNAS B001 5M FE DRT C/ STEEL SLEEVE (315UN),133x3,Tubo redondo
CI5221A4006,CI5221,letras_numero_letras_numero,8,4,___RECLAMAÇÃO___COLUNAS B002 5M FE DRT (5UN),60x2.6,Tubo redondo
CI5421A3004,CI5421,letras_numero_letras_numero,3,1,COLUNAS T001 6M FE DRT (840UN),76x2.6,Tubo redondo
CI5422A4001,CI5422,letras_numero_letras_numero,15,15,COLUNAS CBCA 6M FE DRT (250UN),20x10x1,Calha
CI5618A4001,CI5618,letras_numero_letras_numero,44,22,COLUNAS CGBB_V 5M FE DRT (8UN),76x2.6,Tubo redondo
CI5619A4530,CI5619,letras_numero_letras_numero,4,4,COLUNAS CGTB 6M FE DRT C/ STEEL SLEEVE (15UN),122x3,Tubo redondo
CI5619S4530,CI5619,letras_numero_letras_numero,1,1,COLUNAS CGBB 4.5M FE DRT C/ STEEL SLEEVE (20UN),122x3,Tubo redondo
CI5621A3005,CI5621,letras_numero_letras_numero,3,1,COLUNAS T002 6M FE DRT (53UN),60x2.6,Tubo redondo
CI5825A4001,CI5825,letras_numero_letras_numero,4,4,COLUNAS CCS3 7M FE DRT (5UN),95x3,Tubo redondo
CI6009A2001,CI6009,letras_numero_letras_numero,1,1,AM-10 14M - TROÇOS (19UN),8,Varão redondo
CI6105A4008,CI6105,letras_numero_letras_numero,1,1,BRAÇOS CAC4 TRIPLO 0.75M 15º |1UN,60x2.9,Tubo redondo
CI6218A4530,CI6218,letras_numero_letras_numero,1,1,COLUNAS CGBA 4.5M FE DRT C/ STEEL SLEEVE (2UN),120x3,Tubo redondo
CI6518A4001,CI6518,letras_numero_letras_numero,42,14,COLUNAS CGTB_V 6M FE DRT (1UN),76x2.6,Tubo redondo
CI6518A4010,CI6518,letras_numero_letras_numero,7,7,COLUNAS CGTB 6M FE DRT C/ STEEL SLEEVE (10UN),133x4,Tubo redondo
CI7018A4001,CI7018,letras_numero_letras_numero,21,7,COLUNAS CGTC 7M FE DRT (15UN),76x2.6,Tubo redondo
CI7115A4001,CI7115,letras_numero_letras_numero,5,5,COLUNAS CBO6 16M FF DRT (2UN),108x4,Tubo redondo
CI7122A4001,CI7122,letras_numero_letras_numero,6,6,COLUNAS CIBC 1M FE DRT (50UN),177x4,Tubo redondo
CI7222A4002,CI7222,letras_numero_letras_numero,1,1,COLUNAS CIBC 5M FE DRT (50UN),177x4,Tubo redondo
CI7615A4001,CI7615,letras_numero_letras_numero,25,23,BRAÇOS CBO3 SIMPLES 2M 10º |15UN,60.3x3.2,Tubo redondo
CI7712A4001,CI7712,letras_numero_letras_numero,1,1,BRAÇOS CT SIMPLES/DUPLOS 1M 5º |313UN,60.3x2.9,Tubo redondo
CI7712A4002,CI7712,letras_numero_letras_numero,402,365,COLUNAS CIL5 4M FE DRT (9UN),60.3x2.9,Tubo redondo
CI7712A4006,CI7712,letras_numero_letras_numero,20,19,TRAVESSAS R60TR050 |4UN,UPN65x42,Perfil U
CI7712A4016,CI7712,letras_numero_letras_numero,1,1,"___RECLAMAÇÃO___BRAÇOS ""CT"" DUPLOS 1M 10º |20UN",60.3x2.9,Tubo redondo
CI7712A4017,CI7712,letras_numero_letras_numero,1,1,"___RECLAMAÇÃO___BRAÇOS ""CT"" DUPLOS 1M 10º |20UN",60.3x2.9,Tubo redondo
CI7712A4019,CI7712,letras_numero_letras_numero,1,1,"BRAÇOS ""KC"" Ø60 DUPLOS 0.25M 5º + BRAÇOS ""CT"" Ø60 DUPLOS/SIMPLES 1.5M 5º |36UN",60.3x2.9,Tubo redondo
CI7712A4020,CI7712,letras_numero_letras_numero,6,6,"BRAÇOS ""KC"" SIMPLES/DUPLOS 0.50M 5º |200UN",60.3x2.9,Tubo redondo
CI7712A4025,CI7712,letras_numero_letras_numero,6,6,BRAÇOS SIMPLES 1M 5º |310UN,60.3x2.9,Tubo redondo
CI7712A4026,CI7712,letras_numero_letras_numero,2,2,"BRAÇOS ""KC"" Ø60 0.25M/1.25M 5º |101UN",60.3x2.9,Tubo redondo
CI7712A4027,CI7712,letras_numero_letras_numero,3,3,"BRAÇOS ""KC"" Ø60 SIMPLES 2M 5º |5UN",60.3x2.9,Tubo redondo
CI7712A4031,CI7712,letras_numero_letras_numero,1,1,"BRAÇOS ""KC"" SIMPLES 1M 10º + BRAÇO AMOVIVEL P/ CLC6 8M |51",60.3x2.9,Tubo redondo
CI7712A4033,CI7712,letras_numero_letras_numero,2,2,"BRAÇOS ""KC"" SIMPLES 0.5M 0º + ""KC"" SIMPLES 0.4M 0º C/REDUÇÃO Ø42X100 |23UN",60.3x2.9,Tubo redondo
CI7712A4034,CI7712,letras_numero_letras_numero,3,3,BRAÇOS KC Ø60 0.75M 5ºINC | 4UN,60.3x2.9,Tubo redondo
CI7712A4035,CI7712,letras_numero_letras_numero,1,1,BRAÇOS KC Ø60 2M/1.5M 0º INC | 24UN,60.3x2.9,Tubo redondo
CI7712A4036,CI7712,letras_numero_letras_numero,3,3,BRAÇOS KC Ø60 SIMPLES 0.5M/1.5M 5ºINC |120UN,60.3x2.9,Tubo redondo
CI7712A4039,CI7712,letras_numero_letras_numero,2,2,"BRAÇOS ""KC"" Ø60 SIMPLES 0.30M 5º |1UN",60.3x2.9,Tubo redondo
CI7712A4041,CI7712,letras_numero_letras_numero,1,1,"BRAÇOS ""KC"" SIMPLES/DUPLOS 0.5M 15º |27UN",60.3x2.9,Tubo redondo
CI7712A4042,CI7712,letras_numero_letras_numero,1,1,"BRAÇOS ""KC"" Ø60 SIMPLES 0.75M 15º |76UN",60.3x2.9,Tubo redondo
CI7712A4046,CI7712,letras_numero_letras_numero,3,3,"BRAÇOS ""KC"" Ø60 0.25M/1.25M 5º |101UN",60.3x2.9,Tubo redondo
CI7712A4061,CI7712,letras_numero_letras_numero,1,1,"BRAÇOS ""KC"" SIMPLES/DUPLO 1M 15º |72UN",60.3x2.9,Tubo redondo
CI7712A4062,CI7712,letras_numero_letras_numero,1,1,BRAÇOS CT SIMPLES/DUPLOS 1M 5º |313UN,60.3x2.9,Tubo redondo
CI7712A4065,CI7712,letras_numero_letras_numero,4,4,BRAÇOS MURAL 1M 0º + BRAÇOS PBA SIMPLES 0.5M 5º + BRAÇOS SIMPLES/DUPLOS 2M 5º |9UN,48.3x2.9,Tubo redondo
CI7712A4066,CI7712,letras_numero_letras_numero,7,7,COLUNAS CGC7 6M FE C/ BRAÇO SIMPLES 1.8M 15º C/ REDUÇÃO P/Ø42 C/ STEEL SLEEVE (3UN),42.4x2.65,Tubo redondo
CI7712A4071,CI7712,letras_numero_letras_numero,2,2,BRAÇOS KC Ø60 2M/1.5M 0º INC | 24UN,60.3x2.9,Tubo redondo
CI7712A4078,CI7712,letras_numero_letras_numero,3,3,TRAVESSAS R60TR100 |1UN,UPN65,Perfil U
CI7712A4079,CI7712,letras_numero_letras_numero,1,1,"BRAÇOS Ø60 ""KC"" SIMPLES/DUPLOS 0.5M/1M 5º + TREST1550 + EST2000D100_120 + TRAVESSAS Ø89 1M/1.5M/2M C/UPN140 |458UN",UPN65,Perfil U
CI7712A4102,CI7712,letras_numero_letras_numero,4,2,"BRAÇOS ""KC"" DUPLOS Ø60 0.20M 5º |2UN",60x3,Tubo redondo
CI7712A4106,CI7712,letras_numero_letras_numero,4,2,"BRAÇOS ""KC"" DUPLO Ø60 0.25M 5º |1UN",60x3,Tubo redondo
CI7712A4109,CI7712,letras_numero_letras_numero,2,1,"BRAÇOS ""KC"" Ø60 DUPLO 0.3M 0º |1UN",60x3,Tubo redondo
CI7712A4110,CI7712,letras_numero_letras_numero,2,1,"BRAÇOS ""KC"" Ø60 DUPLOS 0.3M 5º |1UN",60x3,Tubo redondo
CI7712A4114,CI7712,letras_numero_letras_numero,6,3,"BRAÇOS ""KC"" DUPLO 0.5M 5º |81UN",60x2.9,Tubo redondo
CI7712A4116,CI7712,letras_numero_letras_numero,2,1,"BRAÇOS ""KC"" SIMPLES/DUPLOS 0.5M 15º |27UN",60x3,Tubo redondo
CI7712A4118,CI7712,letras_numero_letras_numero,5,3,BRAÇO KC Ø60 DUPLO 0.75M 5ºINC | 1UN,60x3,Tubo redondo
CI7712A4121,CI7712,letras_numero_letras_numero,2,1,"BRAÇOS ""KC"" DUPLOS Ø60 1M 0º |2UN",60x3,Tubo redondo
CI7712A4122,CI7712,letras_numero_letras_numero,6,3,BRAÇOS KC/CLO1/MURAL 1M/0.75M SIMPLES/DUPLO 5º/15º INC | 197UN,60x3,Tubo redondo
CI7712A4124,CI7712,letras_numero_letras_numero,2,1,"BRAÇOS ""KC"" SIMPLES/DUPLO 1M 15º |72UN",60x3,Tubo redondo
CI7712A4126,CI7712,letras_numero_letras_numero,4,2,BRAÇOS KC Ø60 DUPLOS 1.25M 5ºINC | 3UN,60x3,Tubo redondo
CI7712A4129,CI7712,letras_numero_letras_numero,2,1,BRAÇOS KC/KCP Ø60 1.5M/0.5M 0º/3º INC | 21UN,60x2.9,Tubo redondo
CI7712A4130,CI7712,letras_numero_letras_numero,6,3,"BRAÇOS ""KC"" Ø60 DUPLOS 1.5M 5º + ""KC"" Ø60 DUPLO 0.5M 5º C/90º AFASTAMENTO + MURAL Ø60 1M 5º |3UN",60x3,Tubo redondo
CI7712A4190,CI7712,letras_numero_letras_numero,2,1,"BRAÇOS ""KC"" Ø60 DUPLOS 0.15M 5º |4UN",60x3,Tubo redondo
CI7712A4200,CI7712,letras_numero_letras_numero,6,6,TRAVESSAS R60TR050 |4UN,60.3x2.9,Tubo redondo
CI7712A4201,CI7712,letras_numero_letras_numero,2,2,BRAÇOS KC/KCP Ø60 1.5M/0.5M 0º/3º INC | 21UN,60.3x2.9,Tubo redondo
CI7712A4202,CI7712,letras_numero_letras_numero,2,2,"BRAÇOS ""KC"" Ø60 TRIPLOS 0º/90º/180º 0.3M 5º |1UN",60.3x2.9,Tubo redondo
CI7712A4BB2,CI7712,letras_numero_letras_numero,1,1,"BRAÇOS Ø60 ""KC"" SIMPLES/DUPLOS  0.25M 5º |27UN",60.3x2.9,Tubo redondo
CI7712A4EG2,CI7712,letras_numero_letras_numero,1,1,BRAÇOS CT SIMPLES/DUPLOS 1M 5º |313UN,60.3x2.9,Tubo redondo
CI7712A4EH2,CI7712,letras_numero_letras_numero,1,1,"BRAOÇS ""CT"" SIMPLES 1.25M 5º |40UN",60.3x2.9,Tubo redondo
CI7712A4EI4,CI7712,letras_numero_letras_numero,5,5,"TRAVESSAS R76TR100 + BRAÇOS ""CT"" SIMPLES 1.5M 15º |2UN",60.3x2.9,Tubo redondo
CI7712A4EK2,CI7712,letras_numero_letras_numero,2,2,"BRAÇOS ""CT"" DUPLO 0.5M C/90º + BRAÇOS ""CT"" SIMPLES 2M 5º |6UN",60.3x2.9,Tubo redondo
CI7712A4EK4,CI7712,letras_numero_letras_numero,4,4,"BRAÇOS ""CT"" Ø60 SIMPLES 2M 15º |2UN",60.3x2.9,Tubo redondo
CI7716A4001,CI7716,letras_numero_letras_numero,1,1,BRAÇOS POWER 365 SIMPLES 0.5M/0.68M 15º |572UN,60x4,Tubo redondo
CI7716A4005,CI7716,letras_numero_letras_numero,5,4,BRAÇOS POWER 365 SIMPLES 0.5M/0.68M 15º |572UN,60.3x4,Tubo redondo
CI7812A4002,CI7812,letras_numero_letras_numero,45,43,COLUNAS CLW3/CLW3_V 5M FF DRT (8UN),76.1x3.25,Tubo redondo
CI7812A4005,CI7812,letras_numero_letras_numero,1,1,"BRAÇOS ""KC"" 76 SIMPLES 1.5M 5º |2UN",76x3.25,Tubo redondo
CI7812A4010,CI7812,letras_numero_letras_numero,1,1,"BRAÇOS SIMPLES PALIO Ø76 1.5M 0º + BRAÇOS ""KC"" SIMPLES Ø76 0.5M 5º |29UN",76x3.25,Tubo redondo
CI7812A4011,CI7812,letras_numero_letras_numero,2,2,BRAÇOS CLO1/CT/CAO2 SIMPLES/DUPLOS/QUADRUPLO 0.75M/1.25M/1.5M 5º/15º |179UN,76.1x3.25,Tubo redondo
CI7812A4034,CI7812,letras_numero_letras_numero,2,2,BRAÇOS CLO1/CT/CAO2 SIMPLES/DUPLOS/QUADRUPLO 0.75M/1.25M/1.5M 5º/15º |179UN,76.1x3.25,Tubo redondo
CI7812A4046,CI7812,letras_numero_letras_numero,1,1,BRAÇOS SIMPLES FLECHE Ø60/Ø76 1M/1.5M 10º + BRAÇO Ø76 SIMPLES 1.5M 10º |12UN,76x3.25,Tubo redondo
CI7812A4050,CI7812,letras_numero_letras_numero,1,1,"BRAÇOS ""KC"" Ø76 SIMPLES/DUPLOS 1M 10º |73UN",76x3.25,Tubo redondo
CI7812A4052,CI7812,letras_numero_letras_numero,2,2,"BRAÇOS ""KC"" Ø76 SIMPLES 1.25M 5º |1UN",76x3.25,Tubo redondo
CI7812A4154,CI7812,letras_numero_letras_numero,2,1,"___RECLAMAÇÃO___BRAÇOS ""KC"" DUPLOS 0.5M 5º |2UN",76x3,Tubo redondo
CI7812A4163,CI7812,letras_numero_letras_numero,2,1,"BRAÇOS ""KC"" Ø76 SIMPLES/DUPLOS 1M 10º |73UN",76x3.25,Tubo redondo
CI7812A4166,CI7812,letras_numero_letras_numero,3,2,BRAÇOS KC Ø76 DUPLO 1.25M 5ºINC + TRAVESSA Ø76 1M | 9UN,76x3.25,Tubo redondo
CI7812A4200,CI7812,letras_numero_letras_numero,12,12,TRAVESSA 1M |1UN,76.1x3.25,Tubo redondo
CI7812A4EG2,CI7812,letras_numero_letras_numero,1,1,"BRAÇO ""CT"" SIMPLES Ø76 1M 5ºINC | 1UN",76.1x3.25,Tubo redondo
CI7812A4EI2,CI7812,letras_numero_letras_numero,3,3,"BRAÇOS ""CT"" SIMPLES 1.5M 5º |29UN",76x3.25,Tubo redondo
CI7812A4U04,CI7812,letras_numero_letras_numero,1,1,TRAVESSAS 1.5M/1M/0.5M + TRAVESSAS EM H |24UN,UPN65x42,Perfil U
CI7812A4U05,CI7812,letras_numero_letras_numero,3,3,TRAVESSAS R76TR100 | 4UN,UPN65,Perfil U
CI7812A4U06,CI7812,letras_numero_letras_numero,1,1,TRAVESSAS 1.5M/1M/0.5M + TRAVESSAS EM H |24UN,UPN65x42,Perfil U
CI7816A4001,CI7816,letras_numero_letras_numero,4,4,BRAÇOS POWER 365 SIMPLES 0.5M 15º INC | 67UN,60x4,Tubo redondo
CI7818A4001,CI7818,letras_numero_letras_numero,2,2,BRAÇOS POWER 365 Ø76 SIMPLES 0.5M 15º |10UN,60.3x4,Tubo redondo
CI7818A4200,CI7818,letras_numero_letras_numero,1,1,BRAÇOS POWER 365 Ø76 SIMPLES 0.5M 15º |10UN,76x4,Tubo redondo
CI7822A4001,CI7822,letras_numero_letras_numero,1,1,COLUNA CIBB_V 2M FF DRT (1UN),139.7x4,Tubo redondo
CI7912A4002,CI7912,letras_numero_letras_numero,21,15,--- CRL5_16M - TRAVESSA 1M DRV UPN140 Ø89 + LISTAS | 2UN,88.9x3.25,Tubo redondo
CI7912A4009,CI7912,letras_numero_letras_numero,2,2,"BRAÇOS Ø60 ""KC"" SIMPLES/DUPLOS 0.5M/1M 5º + TREST1550 + EST2000D100_120 + TRAVESSAS Ø89 1M/1.5M/2M C/UPN140 |458UN",UPN140x60,Perfil U
CI7912A4010,CI7912,letras_numero_letras_numero,2,2,--- TRAVESSA DUPLA H 1.5M + R89TU150 |6UN,UPN140x60,Perfil U
CI7912A4011,CI7912,letras_numero_letras_numero,1,1,"--- CRL5 16M - TRAVESSA 0,5M DRV UPN140 Ø89 + LISTAS | 2UN",UPN140x60,Perfil U
CI7912A4012,CI7912,letras_numero_letras_numero,2,2,"BRAÇOS Ø60 ""KC"" SIMPLES/DUPLOS 0.5M/1M 5º + TREST1550 + EST2000D100_120 + TRAVESSAS Ø89 1M/1.5M/2M C/UPN140 |458UN",UPN140x60,Perfil U
CI7982001,CI,prefixo_alfabetico,2,2,--- CTS1 4/6M - TROÇOS + LISTAS (10UN),16,Varão redondo
CI8007A4J01,CI8007,letras_numero_letras_numero,3,3,COLUNAS CIQ1_V 4M FF DRT C/ REDUÇÃO Ø76X175 (1UN),100x100x4,Tubo quadrado
CI8106A4003,CI8106,letras_numero_letras_numero,1,1,BRAÇOS CAO1 TRIPLOS 1M 15º |1UN,63x3,Tubo redondo
CI8106A4004,CI8106,letras_numero_letras_numero,1,1,___RECLAMAÇÃO___BRAÇOS CAO1 TRIPLO 1.25M 15º |5UN,63x3,Tubo redondo
CI8106A4005,CI8106,letras_numero_letras_numero,1,1,TRAVESSA CAO3L050 |4UN,UPN65x42,Perfil U
CI8106A4006,CI8106,letras_numero_letras_numero,3,3,____RECLAMAÇÃO____BRAÇOS CAO1 TRIPLO 1.25M 0º |5UN,63x3,Tubo redondo
CI8106A4007,CI8106,letras_numero_letras_numero,2,2,TRAVESSA 1.5M | 15UN,26.9x2.35,Tubo redondo
CI8106A4008,CI8106,letras_numero_letras_numero,1,1,TRAVESSAS CAO3L100_V | 6UN,UPN65x42,Perfil U
CI8106A4009,CI8106,letras_numero_letras_numero,1,1,TRAVESSA 1.5M | 15UN,UPN65x42,Perfil U
CI8607A4J01,CI8607,letras_numero_letras_numero,2,2,COLUNAS CIQ2_V 8M FE DRT (16UN),120x120x4,Tubo quadrado
CI9317A4001,CI9317,letras_numero_letras_numero,1,1,COLUNAS CCS1 6M FF DRT (1UN),101.6x12.5,Tubo redondo
CI9498A4012,CI9498,letras_numero_letras_numero,1,1,CONJUNTO DE CHUMBADOUROS M20X500 PARA COLUNAS CAO6 14M |1UN,18,Varão redondo
CI9507A4J01,CI9507,letras_numero_letras_numero,1,1,COLUNAS CIQ2F07D_V (1UN),120x120x4,Tubo quadrado
CIA217A4002,CIA217,letras_numero_letras_numero,1,1,COLUNAS CBS4_V 7M FE DRT (1UN),108x8,Tubo redondo
CIA217A4003,CIA217,letras_numero_letras_numero,15,15,COLUNAS CBS4_V 7M FE DRT (1UN),88.9x3,Tubo redondo
CIB124A5004,CIB124,letras_numero_letras_numero,1,1,ACESSÓRIOS FLUVIUS |730UN,60.3x2.9,Tubo redondo
CIB125A4001,CIB125,letras_numero_letras_numero,1,1,ACESSORIOS FLUVIUS |950UN,76.1x5,Tubo redondo
CIB125A4002,CIB125,letras_numero_letras_numero,1,1,ACESSORIOS FLUVIUS |950UN,76.1x5,Tubo redondo
CIB125A4003,CIB125,letras_numero_letras_numero,2,2,PTUB | ELECNOR | PRIO 2 | OF2 | POSTES,60.3x2.9,Tubo redondo
CIB125A4004,CIB125,letras_numero_letras_numero,2,2,ACESSORIOS FLUVIUS |950UN,60.3x2.9,Tubo redondo
CIB125A4005,CIB125,letras_numero_letras_numero,2,2,ACESSORIOS FLUVIUS |950UN,60.3x2.9,Tubo redondo
CIB125A4006,CIB125,letras_numero_letras_numero,2,2,ACESSORIOS FLUVIUS |950UN,60.3x2.9,Tubo redondo
CIB125A4007,CIB125,letras_numero_letras_numero,2,2,ACESSORIOS FLUVIUS |410UN,60.3x2.9,Tubo redondo
CIB125A4008,CIB125,letras_numero_letras_numero,1,1,BRAÇOS SIMPLES  FLUVIUS 0.5M 5º |23UN,60.3x2.9,Tubo redondo
CIB125A4009,CIB125,letras_numero_letras_numero,1,1,ACESSÓRIOS FLUVIUS |1UN,60.3x2.9,Tubo redondo
CIB125A4010,CIB125,letras_numero_letras_numero,1,1,ACESSÓRIOS FLUVIUS |1UN,76.1x5,Tubo redondo
CIB218A4EK2,CIB218,letras_numero_letras_numero,2,2,BRAÇOS FLULAMP1500 1.5M SIMPLES 5º |360UN,60x3,Tubo redondo
CIB318A4020,CIB318,letras_numero_letras_numero,1,1,ACESSORIOS ALEMANHA |1400UN,60.3x2.9,Tubo redondo
CIB318A4021,CIB318,letras_numero_letras_numero,1,1,ACESSORIOS ALEMANHA |1400UN,60.3x2.9,Tubo redondo
CIB418A4002,CIB418,letras_numero_letras_numero,1,1,ACESSÓRIOS ALEMANHA |915UN,UPN80x45,Perfil U
CIB418A4003,CIB418,letras_numero_letras_numero,4,4,TRAVESSAS ALEMANHA |6UN,UPN80x45,Perfil U
CIB418A4004,CIB418,letras_numero_letras_numero,2,2,ACESSÓRIOS ALEMANHA | 1477UN,UPN80x45,Perfil U
CIB418A4005,CIB418,letras_numero_letras_numero,1,1,ACESSÓRIOS ALEMANHA |915UN,UPN80x45,Perfil U
CIB418A4006,CIB418,letras_numero_letras_numero,2,2,ACESSÓRIOS ALEMANHA | 1477UN,UPN80x45,Perfil U
CIB718A4001,CIB718,letras_numero_letras_numero,1,1,BRAÇOS POWER 365 DUPLOS 0.68M 15º |45UN,88.9x4,Tubo redondo
CIB718A4003,CIB718,letras_numero_letras_numero,1,1,BRAÇOS POWER 365 DUPLOS 0.68M 15º |45UN,76.1x4,Tubo redondo
CIB718A4004,CIB718,letras_numero_letras_numero,1,1,COLUNAS CCS1 5M FE DRT (3UN),60.3x4,Tubo redondo
CIC115A4001,CIC115,letras_numero_letras_numero,4,3,BRAÇOS FLECHE Ø60 SIMPLES 0.75M 10º |3UN,60.3x2.9,Tubo redondo
CIC115A4002,CIC115,letras_numero_letras_numero,5,5,"BRAÇOS ""FLECHE"" SIMPLES Ø60 1M 10º |1UN",60.3x2.9,Tubo redondo
CIC115A4007,CIC115,letras_numero_letras_numero,1,1,BRAÇOS FLECHE SIMPLES Ø60 1.5M 10º |1UN,60.3x2.9,Tubo redondo
CIC15A4001,CIC15,letras_numero_letras_numero,1,1,BRAÇOS FLECHE Ø60 SIMPLES 0.75M 10º |6UN,60.3x2.9,Tubo redondo
CIC415A4001,CIC415,letras_numero_letras_numero,9,9,"BRAÇO MURAL ""CHANDELIER"" 0.8M 0º  + TRAVESSA 0.4M|1UN",UPN120x55,Perfil U
CR0013A4001,CR0013,letras_numero_letras_numero,9,9,---  RECLAMAÇÃO DE CONJUNTO DE ESCADAS 6M 4.8M| 4UN,21.3x2.35,Tubo redondo
CR0106A4005,CR0106,letras_numero_letras_numero,10,10,--- CRS3_V 30M - TROÇOS (9UN),12,Varão redondo
CR0106A4017,CR0106,letras_numero_letras_numero,2,2,--- PLATAFORMA 1.5M FIXA| 2UN,UPN100x50,Perfil U
CR0107A4018,CR0107,letras_numero_letras_numero,1,1,--- COLUNAS ESTÁDIO 24M / 26M (4UN),16,Varão redondo
CR0206A4003,CR0206,letras_numero_letras_numero,2,2,--- COLUNAS CRS5_V 15M (2UN),12,Varão redondo
CR0306A4019,CR0306,letras_numero_letras_numero,1,1,--- PLATAFORMA DE 2.5M FIXA | 4UN,UPN100x50,Perfil U
CR0310A4008,CR0310,letras_numero_letras_numero,3,3,"--- CRS3_V 18M - PLT FIXA 1,5M + TRAV. PLT 1,75M + DEGRAUS AMOV. | 4UN",8,Varão redondo
CR0310A4009,CR0310,letras_numero_letras_numero,4,4,--- PLATAFORMA DE 2.5M FIXA | 4UN,16,Varão redondo
CR0310A4010,CR0310,letras_numero_letras_numero,2,2,"--- CRS3_V 18M - PLT FIXA 1,5M + TRAV. PLT 1,75M + DEGRAUS AMOV. | 4UN",33.7x2.65,Tubo redondo
CR0405A4010,CR0405,letras_numero_letras_numero,1,1,,60x40x4,Tubo retangular
CR0405A4011,CR0405,letras_numero_letras_numero,2,2,TRAVESSA CIRCULAR 1M | 1UN,40x40x5,Tubo quadrado
CR0412A4001,CR0412,letras_numero_letras_numero,1,1,--- COLUNA ESPECIAL 20M/ CRL4 15M - CHUMBADOUROS Ø650X16XM22X978/ Ø460X12XM20X799 | 8UN,18,Varão redondo
CR0507A4024,CR0507,letras_numero_letras_numero,3,3,--- TRAVESSA 1.5M |4UN,UPN140x60,Perfil U
CR0507A4037,CR0507,letras_numero_letras_numero,1,1,--- TRAVESSA 2M |1UN,UPN140x60,Perfil U
CR0507A4038,CR0507,letras_numero_letras_numero,1,1,--- TRAVESSAS 2.75M + 2M | 12UN,UPN140x60,Perfil U
CR0507A4042,CR0507,letras_numero_letras_numero,2,2,--- CRS3_V 30M - PATINS DES./ SUP. PARA-RAIOS/ DEGRAUS | 9UN,M10,Varão roscado
CR0517A4037,CR0517,letras_numero_letras_numero,1,1,--- TRAVESSAS DE 2M / 1.55M | 8UN,UPN140x60,Perfil U
CR0713A4001,CR0713,letras_numero_letras_numero,3,3,--- COLUNAS CRSB_V 20M (12UN),12,Varão redondo
CR0813A4001,CR0813,letras_numero_letras_numero,7,7,--- CRSA - 24M - TROÇOS (3UN),12,Varão redondo
CR0813A4006,CR0813,letras_numero_letras_numero,19,19,--- CRG2E18D/ CRG3E18D C/ 3 PORTINHOLAS (21UN),16,Varão redondo
CR0813A4007,CR0813,letras_numero_letras_numero,19,19,--- CRG2E18D/ CRG3E18D C/ 3 PORTINHOLAS (21UN),16,Varão redondo
CR0813A4021,CR0813,letras_numero_letras_numero,1,1,"--- CRSA_V 20M - TRAVESSA 2,75M + LISTAS | 4UN",UPN140x60,Perfil U
CR0912A4004,CR0912,letras_numero_letras_numero,5,5,--- COLUNA 18M - TRAVESSA 2M + LISTAS | 1UN,UPN140x60,Perfil U
CR1012A4000,CR1012,letras_numero_letras_numero,1,1,--- TRAVESSAS + ACESSÓRIOS |124UN,UPN140x60,Perfil U
CR1012A4001,CR1012,letras_numero_letras_numero,1,1,--- CAS5 - 20M - CHUMBADOUROS Ø650X16XM22X978 | 6UN,20,Varão redondo
CR1012A4004,CR1012,letras_numero_letras_numero,12,12,--- CRSA - 24M - CHUMBADOUROS Ø650X16XM22X978 | 3UN,20,Varão redondo
CR1012A4010,CR1012,letras_numero_letras_numero,5,5,--- CRS3_V 30M - PATINS DES./ SUP. PARA-RAIOS/ DEGRAUS | 9UN,16,Varão redondo
CR1012A4011,CR1012,letras_numero_letras_numero,5,4,--- CRS3_V 30M - PATINS DES./ SUP. PARA-RAIOS/ DEGRAUS | 9UN,M16,Varão roscado
CR10A12A4005,CR10,letras_numero_letras_numero,1,1,--- CRSA - 18M - TRAV. TOPO 2M + LISTAS | 4UN,UPN140x60,Perfil U
CR1206A4025,CR1206,letras_numero_letras_numero,3,3,"--- CRS3_V 18M - PLT FIXA 1,5M + TRAV. PLT 1,75M + DEGRAUS AMOV. | 4UN",UPN100x50,Perfil U
CR1212A4001,CR1212,letras_numero_letras_numero,5,5,--- CHUMBADOUROS PARA COE1 12M |2UN,25,Varão redondo
CR1213A4002,CR1213,letras_numero_letras_numero,1,1,--- COLUNAS DE 20M (6UN),UPN120x55,Perfil U
CR1213A4003,CR1213,letras_numero_letras_numero,1,1,--- COLUNAS DE 20M (6UN),UPN120x55,Perfil U
CR1213A4004,CR1213,letras_numero_letras_numero,1,1,--- COLUNAS DE 20M (6UN),UPN120x55,Perfil U
CR1213A4008,CR1213,letras_numero_letras_numero,2,2,--- COLUNAS DE 20M (6UN),UPN120x55,Perfil U
CR1213A4013,CR1213,letras_numero_letras_numero,2,2,--- CTSL_V 20M - CHUMBADOUROS Ø490X8XM30X1200 | 2UN,30,Varão redondo
CR1213A4020,CR1213,letras_numero_letras_numero,2,2,"--- CRS3_V 18M - PLT FIXA 1,5M + TRAV. PLT 1,75M + DEGRAUS AMOV. | 4UN",UPN100x50,Perfil U
CR1213A4021,CR1213,letras_numero_letras_numero,3,3,"--- CRS3_V 18M - PLT FIXA 1,5M + TRAV. PLT 1,75M + DEGRAUS AMOV. | 4UN",UPN100x50,Perfil U
CR1213A4022,CR1213,letras_numero_letras_numero,3,3,"--- CRS3_V 18M - PLT FIXA 1,5M + TRAV. PLT 1,75M + DEGRAUS AMOV. | 4UN",UPN100x50,Perfil U
CR1213A4023,CR1213,letras_numero_letras_numero,3,3,"--- CRS3_V 18M - PLT FIXA 1,5M + TRAV. PLT 1,75M + DEGRAUS AMOV. | 4UN",UPN100x50,Perfil U
CR1213A4026,CR1213,letras_numero_letras_numero,3,3,"--- CRS3_V 18M - PLT FIXA 1,5M + TRAV. PLT 1,75M + DEGRAUS AMOV. | 4UN",26.9x2.35,Tubo redondo
CR1213A4027,CR1213,letras_numero_letras_numero,3,3,"--- CRS3_V 18M - PLT FIXA 1,5M + TRAV. PLT 1,75M + DEGRAUS AMOV. | 4UN",26.9x2.35,Tubo redondo
CR1213A4028,CR1213,letras_numero_letras_numero,2,2,"--- CRS3_V 18M - PLT FIXA 1,5M + TRAV. PLT 1,75M + DEGRAUS AMOV. | 4UN",33.7x2.65,Tubo redondo
CR1213A4029,CR1213,letras_numero_letras_numero,2,2,"--- CRS3_V 18M - PLT FIXA 1,5M + TRAV. PLT 1,75M + DEGRAUS AMOV. | 4UN",26.9x2.35,Tubo redondo
CR1213A4032,CR1213,letras_numero_letras_numero,3,3,"--- CRS3_V 18M - PLT FIXA 1,5M + TRAV. PLT 1,75M + DEGRAUS AMOV. | 4UN",26.9x2.35,Tubo redondo
CR1213A4033,CR1213,letras_numero_letras_numero,3,3,"--- CRS3_V 18M - PLT FIXA 1,5M + TRAV. PLT 1,75M + DEGRAUS AMOV. | 4UN",26.9x2.35,Tubo redondo
CR1213A4034,CR1213,letras_numero_letras_numero,3,3,"--- CRS3_V 18M - PLT FIXA 1,5M + TRAV. PLT 1,75M + DEGRAUS AMOV. | 4UN",26.9x2.35,Tubo redondo
CR1213A4035,CR1213,letras_numero_letras_numero,3,3,"--- CRS3_V 18M - PLT FIXA 1,5M + TRAV. PLT 1,75M + DEGRAUS AMOV. | 4UN",33.7x2.65,Tubo redondo
CR1213A4036,CR1213,letras_numero_letras_numero,2,2,"--- CRS3_V 18M - PLT FIXA 1,5M + TRAV. PLT 1,75M + DEGRAUS AMOV. | 4UN",26.9x2.35,Tubo redondo
CR1213A4037,CR1213,letras_numero_letras_numero,2,2,"--- CRS3_V 18M - PLT FIXA 1,5M + TRAV. PLT 1,75M + DEGRAUS AMOV. | 4UN",33.7x2.65,Tubo redondo
CR1213A4038,CR1213,letras_numero_letras_numero,4,4,ACESSÓRIOS COLUNA RECINTO CRS5_V 25M - 4 UN,33.7x2.65,Tubo redondo
CR1213A4039,CR1213,letras_numero_letras_numero,2,2,"--- CRS3_V 18M - PLT FIXA 1,5M + TRAV. PLT 1,75M + DEGRAUS AMOV. | 4UN",33.7x2.65,Tubo redondo
CR1213A4050,CR1213,letras_numero_letras_numero,1,1,--- TRAVESSA H 2.75M + COROA 2M | 4UN,40x40x5,Tubo quadrado
CR1213A4051,CR1213,letras_numero_letras_numero,1,1,--- TRAVESSA H 2.75M + COROA 2M | 4UN,40x40x5,Tubo quadrado
CR1213A4059,CR1213,letras_numero_letras_numero,1,1,"--- CRSA - 24M - COROA 1,5M | 3UN",50x40x3,Tubo retangular
CR1213A4060,CR1213,letras_numero_letras_numero,1,1,"--- CRSA - 24M - COROA 1,5M | 3UN",40x40x5,Tubo quadrado
CR1213A4061,CR1213,letras_numero_letras_numero,1,1,"--- CRSA - 24M - COROA 1,5M | 3UN",40x40x5,Tubo quadrado
CR1213A4067,CR1213,letras_numero_letras_numero,1,1,--- TRAVESSAS 2.75M + 2M | 12UN,UPN140x60,Perfil U
CR1213A4072,CR1213,letras_numero_letras_numero,3,3,"--- CRS3_V 18M - PLT FIXA 1,5M + TRAV. PLT 1,75M + DEGRAUS AMOV. | 4UN",33.7x2.65,Tubo redondo
CR1213A4073,CR1213,letras_numero_letras_numero,3,3,"--- CRS3_V 18M - PLT FIXA 1,5M + TRAV. PLT 1,75M + DEGRAUS AMOV. | 4UN",26.9x2.35,Tubo redondo
CR1213A4097,CR1213,letras_numero_letras_numero,1,1,"--- CRS ESPECIAL 20M + CRL4_V 15M - TRAVESSAS TOPO 1,5M + TRAVESSA ESTRIBOS 1,55M + LISTAS (24UN)",UPN140x60,Perfil U
CR1213A4111,CR1213,letras_numero_letras_numero,1,1,--- PLATAFORMA DE 2.5M FIXA | 4UN,UPN100x50,Perfil U
CR1213A4113,CR1213,letras_numero_letras_numero,1,1,--- PLATAFORMA DE 2.5M FIXA | 4UN,33.7x2.65,Tubo redondo
CR1213A4114,CR1213,letras_numero_letras_numero,1,1,--- PLATAFORMA DE 2.5M FIXA | 4UN,26.9x2.35,Tubo redondo
CR1213A4115,CR1213,letras_numero_letras_numero,1,1,--- PLATAFORMA DE 2.5M FIXA | 4UN,33.7x2.65,Tubo redondo
CR1213A4116,CR1213,letras_numero_letras_numero,2,2,ACESSÓRIOS COLUNA RECINTO CRS5_V 25M - 4 UN,26.9x2.35,Tubo redondo
CR1213A4117,CR1213,letras_numero_letras_numero,1,1,--- PLATAFORMA DE 2.5M FIXA | 4UN,33.7x2.65,Tubo redondo
CR1213A4119,CR1213,letras_numero_letras_numero,1,1,--- CRS6_V 22M - TRAVESSA CURVA 2M + LISTAS | 4UN,UPN140x60,Perfil U
CR1413A4001,CR1413,letras_numero_letras_numero,1,1,---CONJUNTO TRAVESSAS TOPO + ESTRIBOS 1.5M | 8UN,UPN140x60,Perfil U
CR1413A4006,CR1413,letras_numero_letras_numero,1,1,--- TRAVESSA DE 2.75M | 4UN,UPN140x60,Perfil U
CR1413A4033,CR1413,letras_numero_letras_numero,1,1,--- TRAVESSA 1.5M |3UN,UPN140x60,Perfil U
CR1516A3520,CR1516,letras_numero_letras_numero,2,2,--- COLUNAS LMF1281T (6UN),41x21x2.5,Calha
CR1516A3536,CR1516,letras_numero_letras_numero,3,3,--- CRG2E18D/ CRG3E18D C/ 3 PORTINHOLAS (21UN),41x21x2.5,Calha
CR1516A4503,CR1516,letras_numero_letras_numero,3,3,--- COLUNAS LMF1681T + LMF1682T (50UN),41x21x2.5,Calha
CR1516A4504,CR1516,letras_numero_letras_numero,2,2,--- COLUNAS LMF1682N (72UN),41x21x2.5,Calha
CR1516A4528,CR1516,letras_numero_letras_numero,2,2,--- COLUNAS CRG2E16D C/ 2 PORTINHOLAS (6UN),41x21x2.5,Calha
CS0103A4003,CS0103,letras_numero_letras_numero,8,8,---COROA SIMPLES 1.4M | 5UN,48.3x2.9,Tubo redondo
CS0103A4005,CS0103,letras_numero_letras_numero,3,3,---COROA SIMPLES 1.4M | 5UN,48.3x2.9,Tubo redondo
CS0103A4006,CS0103,letras_numero_letras_numero,2,2,---COROA SIMPLES 1.4M | 5UN,48.3x2.9,Tubo redondo
CS0103A4007,CS0103,letras_numero_letras_numero,2,2,---COROA SIMPLES 1.4M | 5UN,48.3x2.9,Tubo redondo
CS0103A4008,CS0103,letras_numero_letras_numero,8,8,---CABEÇA+TAMPA CAS4 20M |5UN,26.9x2.3,Tubo redondo
CS0103A4009,CS0103,letras_numero_letras_numero,32,8,---CABEÇA+TAMPA CAS4 20M |5UN,20,Varão redondo
CS0103A4012,CS0103,letras_numero_letras_numero,8,8,---CABEÇA+TAMPA CAS4 20M |5UN,70x3,Tubo redondo
CS0103A4014,CS0103,letras_numero_letras_numero,8,7,---CONJUNTO ACESSORIOS CAS4 20M | 5UN,UPN80x45,Perfil U
CS0103A4015,CS0103,letras_numero_letras_numero,8,7,---CONJUNTO ACESSORIOS CAS4 20M | 5UN,UPN80x45,Perfil U
CS0103A4016,CS0103,letras_numero_letras_numero,7,7,---CONJUNTO ACESSORIOS CAS4 20M | 5UN,20,Varão redondo
CS0103A4033,CS0103,letras_numero_letras_numero,7,7,---CONJUNTO ACESSORIOS CAS4 20M | 5UN,UPN80x45,Perfil U
CS0103A4045,CS0103,letras_numero_letras_numero,7,7,---COLUNA SOBE & DESCE CAS4 20M - (5UN),100x100x5,Tubo quadrado
CS0103A4064,CS0103,letras_numero_letras_numero,1,1,--- CAS4 30M - TROÇOS (1UN),20,Varão redondo
CS0103A4065,CS0103,letras_numero_letras_numero,7,7,---COLUNA SOBE & DESCE CAS4 20M - (5UN),42.5x2.65,Tubo redondo
CS0104A4001,CS0104,letras_numero_letras_numero,8,8,--- CAS4/ CAS6 25/30M - ACESSÓRIOS | 14UN,30x2,Tubo redondo
CS0106A4023,CS0106,letras_numero_letras_numero,7,7,---CONJUNTO ACESSORIOS CAS4 20M | 5UN,33.7x2.6,Tubo redondo
CS0111A4002,CS0111,letras_numero_letras_numero,1,1,--- SUPORTE DE PARA-RAIOS | 4UN,42.4x2.6,Tubo redondo
CS014A4001,CS014,letras_numero_letras_numero,1,1,--- CAS5_V 20M - ACESSÓRIOS + LISTAS | 6UN,33x2.6,Tubo redondo
CS0203A4005,CS0203,letras_numero_letras_numero,5,5,"--- CAS6_V 25M - CABEÇA + TAMPA + COROA 2,1M + SUPOR. PROJ. | 3UN",48.3x2.9,Tubo redondo
CS0203A4006,CS0203,letras_numero_letras_numero,6,6,"--- CAS6_V 25M - CABEÇA + TAMPA + COROA 2,1M + SUPOR. PROJ. | 3UN",48.3x2.9,Tubo redondo
CS0203A4007,CS0203,letras_numero_letras_numero,5,5,"--- CAS6_V 25M - CABEÇA + TAMPA + COROA 2,1M + SUPOR. PROJ. | 3UN",48.3x2.9,Tubo redondo
CS0310A4004,CS0310,letras_numero_letras_numero,1,1,"--- CAS5 25M + CAS ESPECIAL 35M - CABEÇAS + TAMPAS + COROAS 1,4/2,45M + SUP. PROJ. + CONTRA-PESO | 3UN",48.3x2.9,Tubo redondo
CS0310A4005,CS0310,letras_numero_letras_numero,1,1,"--- CAS5 25M + CAS ESPECIAL 35M - CABEÇAS + TAMPAS + COROAS 1,4/2,45M + SUP. PROJ. + CONTRA-PESO | 3UN",48.3x2.9,Tubo redondo
CS0310A4006,CS0310,letras_numero_letras_numero,1,1,"--- CAS5 25M + CAS ESPECIAL 35M - CABEÇAS + TAMPAS + COROAS 1,4/2,45M + SUP. PROJ. + CONTRA-PESO | 3UN",48.3x2.9,Tubo redondo
CS0310A4007,CS0310,letras_numero_letras_numero,1,1,"--- CAS5 25M + CAS ESPECIAL 35M - CABEÇAS + TAMPAS + COROAS 1,4/2,45M + SUP. PROJ. + CONTRA-PESO | 3UN",48.3x2.9,Tubo redondo
CS0310A4008,CS0310,letras_numero_letras_numero,1,1,"--- CAS5 25M + CAS ESPECIAL 35M - CABEÇAS + TAMPAS + COROAS 1,4/2,45M + SUP. PROJ. + CONTRA-PESO | 3UN",48.3x2.9,Tubo redondo
CS0310A4009,CS0310,letras_numero_letras_numero,1,1,"--- CAS5 25M + CAS ESPECIAL 35M - CABEÇAS + TAMPAS + COROAS 1,4/2,45M + SUP. PROJ. + CONTRA-PESO | 3UN",48.3x2.9,Tubo redondo
CS0310A4010,CS0310,letras_numero_letras_numero,1,1,"--- CAS5 25M + CAS ESPECIAL 35M - CABEÇAS + TAMPAS + COROAS 1,4/2,45M + SUP. PROJ. + CONTRA-PESO | 3UN",48.3x2.9,Tubo redondo
CS0310A4013,CS0310,letras_numero_letras_numero,2,2,--- CONJUNTO DE CHUMBADOUROS CRS5 18M | 4UN,20,Varão redondo
CS0310A4020,CS0310,letras_numero_letras_numero,1,1,--- CAS5 25M + CAS ESPECIAL 35M - ACESSÓRIOS | 3UN,33.7x2.65,Tubo redondo
CS0412A4001,CS0412,letras_numero_letras_numero,15,15,--- CRL3 - 16/19M - CHUMBADOUROS Ø420X12XM20X799/ Ø520X12XM20X799 | 6UN,18,Varão redondo
CS04H001,CS04,letras_numero_letras_numero,1,1,--- CONJUNTO DE CHUMBADOUROS Ø440X12XM20X799 | 10UN,18,Varão redondo
CS0512A4006,CS0512,letras_numero_letras_numero,1,1,"--- CAS5 25M + CAS ESPECIAL 35M - CABEÇAS + TAMPAS + COROAS 1,4/2,45M + SUP. PROJ. + CONTRA-PESO | 3UN",48.3x2.9,Tubo redondo
CS0512A4018,CS0512,letras_numero_letras_numero,5,5,--- CONJUNTO DE CHUMBADOUROS CRS5 18M | 4UN,22,Varão redondo
CS58,CS,prefixo_alfabetico,1,1,"= POSTES SD SEM BASE =_x000D_
= URGENTE =",20,Varão redondo
CT0101A4302,CT0101,letras_numero_letras_numero,1,1,--- CONJUNTO CHUMBADOUROS CTS1 18M | 1UN,21.5,Varão redondo
CT0101A4305,CT0101,letras_numero_letras_numero,1,1,--- COLUNAS CTS1 18M (1UN),30,Varão redondo
CT0101A4306,CT0101,letras_numero_letras_numero,1,1,--- COLUNAS CTS1 18M (1UN),33x2.65,Tubo redondo
CT0115A4001,CT0115,letras_numero_letras_numero,3,3,---COLUNA BASCULANTE CTS2 10M - (2UN),10,Varão redondo
CT0117A4001,CT0117,letras_numero_letras_numero,2,2,--- CONJUNTO DE CHUMBADOUROS CTK2 15M 195KG |1UN,30,Varão redondo
CT0201A4304,CT0201,letras_numero_letras_numero,2,2,--- CTS1 6M - CHUMBADOUROS ARMADOS Ø300X300X4XM20X500 | 2UN,18,Varão redondo
CT0218A4001,CT0218,letras_numero_letras_numero,2,2,--- COLUNAS CTSL_V 6M 7M 8M (69UN),16,Varão redondo
CT0218A4002,CT0218,letras_numero_letras_numero,1,1,--- CTSL_V 10M - TROÇOS (4UN),UPN40x20,Perfil U
CT0401A4006,CT0401,letras_numero_letras_numero,1,1,---CONJUNTO CHUMBADOUROS CTS1 15M | 1UN,M22,Varão roscado
CT0418A4001,CT0418,letras_numero_letras_numero,1,1,--- CTSL_V 10M - TROÇOS (4UN),16,Varão redondo
CT0501A4002,CT0501,letras_numero_letras_numero,1,1,--- COLUNAS CTS_V 9.25M (2UN),33x3,Tubo redondo
CT0501A4513,CT0501,letras_numero_letras_numero,13,13,--- CTS1 8M - TROÇOS (2UN),10,Varão redondo
CT0515A4001,CT0515,letras_numero_letras_numero,2,2,--- CTS2 6M INFRABEL - TROÇOS + LISTAS (21UN),12,Varão redondo
CT0601A4002,CT0601,letras_numero_letras_numero,10,10,--- CTSL_V 6M - TROÇOS (1UN)_x000D_,33x2.65,Tubo redondo
CT0601A4004,CT0601,letras_numero_letras_numero,2,2,--- CTS1 8M - TROÇOS (2UN),20,Varão redondo
CT0601S4002,CT0601,letras_numero_letras_numero,1,1,--- CTS2 6M INFRABEL - TROÇOS + LISTAS (21UN),33x2.65,Tubo redondo
CT0601S4004,CT0601,letras_numero_letras_numero,1,1,--- CTS1 4/6M - TROÇOS + LISTAS (10UN),20,Varão redondo
CT1015A4001,CT1015,letras_numero_letras_numero,1,1,---COLUNA BASCULANTE CTS2 10M - (2UN),12,Varão redondo
CT2517A4056,CT2517,letras_numero_letras_numero,1,1,--- CTSL_V 10M - TROÇOS (4UN),12,Varão redondo
CT2715A4001,CT2715,letras_numero_letras_numero,2,2,--- COLUNAS CTS3_V 12M | 1UN,16,Varão redondo
CT2715A4052,CT2715,letras_numero_letras_numero,1,1,--- COLUNAS CTS3_V 12M | 1UN,12,Varão redondo
CT2715A4053,CT2715,letras_numero_letras_numero,1,1,--- COLUNAS CTSL_V 6M 7M 8M (69UN),12,Varão redondo
CT2715A4054,CT2715,letras_numero_letras_numero,7,7,--- CTSL_V 6M - TROÇOS (1UN)_x000D_,UPN40x20,Perfil U
CT2715A4056,CT2715,letras_numero_letras_numero,5,5,--- CTSL_V 6M - TROÇOS (1UN)_x000D_,12,Varão redondo
CT3115A4001,CT3115,letras_numero_letras_numero,1,1,--- CTS3_V 18M - TROÇOS (4UN),30,Varão redondo
CT3115A4003,CT3115,letras_numero_letras_numero,3,3,--- COLUNAS CTS 6M 9M 20M (76UN),42.4,Tubo redondo
CT3115A4052,CT3115,letras_numero_letras_numero,7,7,--- CTSL_V 6M - SUPORTE GUINCHO + LISTAS | 1UN,12,Varão redondo
CT3115A4053,CT3115,letras_numero_letras_numero,8,8,--- CTSL_V 6M - TROÇOS (1UN)_x000D_,16,Varão redondo
CT3115A4056,CT3115,letras_numero_letras_numero,3,3,--- COLUNAS CTS 6M 9M 20M (76UN),12,Varão redondo
CT3115A4514,CT3115,letras_numero_letras_numero,3,3,--- COLUNAS CTS 6M 9M 20M (76UN),16,Varão redondo
CT7712A4002,CT7712,letras_numero_letras_numero,1,1,--- COLUNAS CTSL_V 6M 7M 8M (69UN),60.3x2.9,Tubo redondo
D04T001,D04,letras_numero_letras_numero,1,1,RTE | ACESSÓRIOS | F10TW - CA3.0 (20UN),UPN65,Perfil U
D1101103,D,prefixo_alfabetico,1,1,FALTAS INTERNAS,139.7x8,Tubo redondo
D1101301,D,prefixo_alfabetico,1,1,FALTAS INTERNAS,168.3x4,Tubo redondo
D1101503,D,prefixo_alfabetico,1,1,"MONTANTE E110503 (1X) + E132902 (1X)_x000D_
= RECLAMAÇÃO DQ61-147 =",193.7x8,Tubo redondo
D1101902,D,prefixo_alfabetico,1,1,FALTAS INTERNAS,101.6x4,Tubo redondo
D212T004,D212,letras_numero_letras_numero,2,2,PÓRTICO 20.086M - ACESSÓRIOS,UPN120x55,Perfil U
D212T018,D212,letras_numero_letras_numero,1,1,PÓRTICO 20.086M - ACESSÓRIOS,40x40x3,Tubo quadrado
D212T025,D212,letras_numero_letras_numero,1,1,PÓRTICO 20.086M - ACESSÓRIOS,40x40x3,Tubo quadrado
D212T026,D212,letras_numero_letras_numero,1,1,PÓRTICO 20.086M - ACESSÓRIOS,30x30x3,Tubo quadrado
D212T032,D212,letras_numero_letras_numero,3,3,PÓRTICO 20.086M - ACESSÓRIOS,40x40x3,Tubo quadrado
D212T033,D212,letras_numero_letras_numero,3,3,PÓRTICO 20.086M - ACESSÓRIOS,40x40x3,Tubo quadrado
D212T034,D212,letras_numero_letras_numero,3,3,PÓRTICO 20.086M - ACESSÓRIOS,40x40x3,Tubo quadrado
D212T035,D212,letras_numero_letras_numero,3,3,PÓRTICO 20.086M - ACESSÓRIOS,40x40x3,Tubo quadrado
D444S004,D444,letras_numero_letras_numero,5,5,ALSTOM | GREEN LINE | LIGHTING POLES: H2C2 = 2X,193.7x3.2,Tubo redondo
D444S008,D444,letras_numero_letras_numero,5,5,ALSTOM | GREEN LINE | INJECTION POLES: H1C1 = 6X,20,Varão redondo
D444S573,D444,letras_numero_letras_numero,1,1,ALSTOM | GREEN LINE | NORMAL POLES: H1C4 = 13X,80x8,Barra
D444S574,D444,letras_numero_letras_numero,3,3,ALSTOM | GREEN LINE | NORMAL POLES: H1C5 = 69X,80x12,Barra
D444S579,D444,letras_numero_letras_numero,1,1,ALSTOM | GREEN LINE | INJECTION POLES: H1C5 = 6X,50x12,Barra
D444S588,D444,letras_numero_letras_numero,2,2,ALSTOM | GREEN LINE | REPETIÇÃO DO PROTÓTIPO H2C5 = 1X,80x20,Barra
DC04,DC,prefixo_alfabetico,1,1,CALHAS H2 W1B JUNTAS DILATAÇÃO,418x2,Chapa
DC09,DC,prefixo_alfabetico,1,1,CALHAS H2 W1B JUNTAS DILATAÇÃO,418x2,Chapa
DC1,DC,prefixo_alfabetico,1,1,CALHAS H2 W1B JUNTAS DILATAÇÃO,418x2,Chapa
DC2,DC,prefixo_alfabetico,1,1,CALHAS H2 W1B JUNTAS DILATAÇÃO,418x2,Chapa
DLS125,DLS,prefixo_alfabetico,1,1,= PROEF = POSTES DLS= 2 UN =,IPE180,Perfil I
DLS300,DLS,prefixo_alfabetico,1,1,= SILVA & VINHA = 10 POSTES DLS5 =,140x140x12,Cantoneira
DLS410,DLS,prefixo_alfabetico,1,1,=C.M.E.=7 POSTES DLS5=,150x150x13,Cantoneira
DLS451,DLS,prefixo_alfabetico,1,1,=C.M.E.=7 POSTES DLS5=,150x150x13,Cantoneira
DM0816A4051,DM0816,letras_numero_letras_numero,2,2,--- BASE DA COLUNA CTK2 195KG (1UN),40x4,Tubo redondo
DM0816A4052,DM0816,letras_numero_letras_numero,2,2,--- BASE DA COLUNA CTK2 195KG (1UN),100x50x4,Tubo retangular
DM0816A4053,DM0816,letras_numero_letras_numero,1,1,--- COLUNAS CTK2F15D 195KG (50UN),30,Varão redondo
DS37,DS,prefixo_alfabetico,2,2,= 3 POSTES GS SEM BASES + FRAÇÕES PRECEDENTES =,20,Varão redondo
E124721,E,prefixo_alfabetico,2,1,"= PERNA POSTE 56 / 66 = EP2626 =_x000D_
= TENNET A390 =",250x250x26,Cantoneira
E124722,E,prefixo_alfabetico,2,1,"= PERNA POSTE 56 / 66 = EP2626 =_x000D_
= TENNET A390 =",250x250x26,Cantoneira
E124723,E,prefixo_alfabetico,2,1,"= PERNA POSTE 56 / 66 = EP2626 =_x000D_
= TENNET A390 =",250x250x26,Cantoneira
E124724,E,prefixo_alfabetico,2,1,"= PERNA POSTE 56 / 66 = EP2626 =_x000D_
= TENNET A390 =",250x250x26,Cantoneira
E14000002,E,prefixo_alfabetico,1,1,OV2509821 - STEELPRO - SISTEMA DE ASPIRAÇÃO PAV7 - MTG2,219.1x4,Tubo redondo
E14000003,E,prefixo_alfabetico,1,1,OV2509821 - STEELPRO - SISTEMA DE ASPIRAÇÃO PAV7 - MTG2,219.1x4,Tubo redondo
E14000006,E,prefixo_alfabetico,1,1,OV2509821 - STEELPRO - SISTEMA DE ASPIRAÇÃO PAV7 - MTG2,219.1x4,Tubo redondo
E14000007,E,prefixo_alfabetico,1,1,OV2509821 - STEELPRO - SISTEMA DE ASPIRAÇÃO PAV7 - MTG2,219.1x4,Tubo redondo
E14000010,E,prefixo_alfabetico,1,1,OV2509821 - STEELPRO - SISTEMA DE ASPIRAÇÃO PAV7 - MTG2,219.1x4,Tubo redondo
E14000011,E,prefixo_alfabetico,1,1,OV2509821 - STEELPRO - SISTEMA DE ASPIRAÇÃO PAV7 - MTG2,219.1x4,Tubo redondo
E14000014,E,prefixo_alfabetico,1,1,OV2509821 - STEELPRO - SISTEMA DE ASPIRAÇÃO PAV7 - MTG2,152x3,Tubo redondo
E145401,E,prefixo_alfabetico,1,1,TENNET A390 | TROÇOS POSTE 55 | EP2646,250x250x28,Cantoneira
E145402,E,prefixo_alfabetico,1,1,TENNET A390 | TROÇOS POSTE 55 | EP2646,250x250x28,Cantoneira
E145403,E,prefixo_alfabetico,1,1,TENNET A390 | TROÇOS POSTE 55 | EP2646,250x250x28,Cantoneira
E145404,E,prefixo_alfabetico,1,1,TENNET A390 | TROÇOS POSTE 55 | EP2646,250x250x28,Cantoneira
E146501,E,prefixo_alfabetico,1,1,TENNET A390 | TROÇOS POSTE 55 | EP2646,250x250x28,Cantoneira
E146502,E,prefixo_alfabetico,1,1,TENNET A390 | TROÇOS POSTE 55 | EP2646,250x250x28,Cantoneira
E147621,E,prefixo_alfabetico,2,2,= PERNAS POSTES 89 = TENNET A390 = FABRICAR APÓS VALIDAÇÃO EP2629 =,250x250x28,Cantoneira
E147622,E,prefixo_alfabetico,2,2,= PERNAS POSTES 89 = TENNET A390 = FABRICAR APÓS VALIDAÇÃO EP2629 =,250x250x28,Cantoneira
E147623,E,prefixo_alfabetico,2,2,= PERNAS POSTES 89 = TENNET A390 = FABRICAR APÓS VALIDAÇÃO EP2629 =,250x250x28,Cantoneira
E147624,E,prefixo_alfabetico,2,2,= PERNAS POSTES 89 = TENNET A390 = FABRICAR APÓS VALIDAÇÃO EP2629 =,250x250x28,Cantoneira
E28201,E,prefixo_alfabetico,2,2,TENNET | A390 | MAST 33,200x200x26,Cantoneira
E28202,E,prefixo_alfabetico,1,1,= TENNET A390 | TROÇOS POSTE 55 =,200x200x26,Cantoneira
E89301,E,prefixo_alfabetico,2,2,TENNET | A390 | MAST 33,200x200x26,Cantoneira
E89302,E,prefixo_alfabetico,2,2,TENNET | A390 | MAST 33,200x200x26,Cantoneira
E89303,E,prefixo_alfabetico,2,2,TENNET | A390 | MAST 33,200x200x26,Cantoneira
E89304,E,prefixo_alfabetico,2,2,TENNET | A390 | MAST 33,200x200x26,Cantoneira
E89305,E,prefixo_alfabetico,2,2,TENNET | A390 | MAST 33,200x200x26,Cantoneira
EI14V001,EI14,letras_numero_letras_numero,2,1,RAQUETES E GRALHAS MATERIAL REGA,26.9x2,Tubo redondo
EI14V002,EI14,letras_numero_letras_numero,2,1,RAQUETES E GRALHAS MATERIAL REGA,21x2,Tubo redondo
EI14V003,EI14,letras_numero_letras_numero,5,1,RAQUETES E GRALHAS MATERIAL REGA,25x1.5,Tubo redondo
EI14V004,EI14,letras_numero_letras_numero,5,1,RAQUETES E GRALHAS MATERIAL REGA,25x1.5,Tubo redondo
EI16V001,EI16,letras_numero_letras_numero,1,1,CAVALETES PARA GALVANIZAÇÃO (MTG1) - (10 UN.),UPN100x50,Perfil U
EI16V002,EI16,letras_numero_letras_numero,1,1,CAVALETES PARA GALVANIZAÇÃO (MTG1) - (10 UN.),UPN100x50,Perfil U
EI16V003,EI16,letras_numero_letras_numero,1,1,CAVALETES PARA GALVANIZAÇÃO (MTG1) - (10 UN.),UPN80x45,Perfil U
EI16V004,EI16,letras_numero_letras_numero,1,1,CAVALETES PARA GALVANIZAÇÃO (MTG1) - (10 UN.),UPN80x45,Perfil U
EI16V005,EI16,letras_numero_letras_numero,1,1,CAVALETES PARA GALVANIZAÇÃO (MTG1) - (10 UN.),UPN80x45,Perfil U
EI16V006,EI16,letras_numero_letras_numero,1,1,CAVALETES PARA GALVANIZAÇÃO (MTG1) - (10 UN.),UPN100x50,Perfil U
EI16V008,EI16,letras_numero_letras_numero,1,1,CAVALETES PARA GALVANIZAÇÃO (MTG1) - (10 UN.),90x90x4,Tubo quadrado
EI16V010,EI16,letras_numero_letras_numero,1,1,CAVALETES PARA GALVANIZAÇÃO (MTG1) - (10 UN.),16,Varão redondo
EI16V011,EI16,letras_numero_letras_numero,1,1,CAVALETES PARA GALVANIZAÇÃO (MTG1) - (10 UN.),80x80x3,Tubo quadrado
EI16V012,EI16,letras_numero_letras_numero,1,1,PENDURAIS DUPLOS (BRAÇOS P/ BALANCEIRO GALVANIZAÇÃO),20,Varão redondo
EI16V014,EI16,letras_numero_letras_numero,1,1,CESTAS,16,Varão redondo
EI16V015,EI16,letras_numero_letras_numero,1,1,CESTAS,12,Varão redondo
EI24TJ01,EI24,letras_numero_letras_numero,1,1,AMOSTRA P/ FEIRA COLUNAS CIQ2_V 4M FF DRT (3UN),120x120x4,Tubo quadrado
EI25J001,EI25,letras_numero_letras_numero,6,6,BRAÇOS SIMPLES/DUPLOS LORMONT 1M 5º |7UN,60.3x2.9,Tubo redondo
EI25J002,EI25,letras_numero_letras_numero,1,1,"BRAÇOS ""MOD LORMONT"" SIMPLES/DUPLOS 1M 5º INC | 24UN",60.3x2.9,Tubo redondo
EI32S001,EI32,letras_numero_letras_numero,8,8,CATENÁRIAS C2 | INJ + LGT 37UN,20,Varão redondo
EI32S507,EI32,letras_numero_letras_numero,1,1,C2B - LGT-WIFI-CCTV | 15UN,25x25,Varão quadrado
EI32SC01,EI32,letras_numero_letras_numero,1,1,C4B | INJ+LGT | 8UN,20x10x1,Calha
EI32SC02,EI32,letras_numero_letras_numero,1,1,C4B | INJ+LGT | 8UN,20x10x1,Calha
EI43M001,EI43,letras_numero_letras_numero,1,1,COLUNAS CLCE_V 8M FF DRV ORYX (7UN),60x3,Tubo redondo
EI43M005,EI43,letras_numero_letras_numero,1,1,BRAÇO PARA ORYX |7UN,48.3x2.9,Tubo redondo
ET0107A4001,ET0107,letras_numero_letras_numero,4,4,"MCA | ACESSÓRIOS | ADCTT | 22M (1UN), 28M (1UN), 30M (2UN), 32M (1UN), 34M (1UN)",T50x50,Perfil T
ET0107A4002,ET0107,letras_numero_letras_numero,9,9,"MCA | ACESSÓRIOS | ADCTT | 22M (1UN), 28M (1UN), 30M (2UN), 32M (1UN), 34M (1UN)",20,Varão nervurado
ET0107A4003,ET0107,letras_numero_letras_numero,2,2,"MCA | ACESSÓRIOS | ADCTT | 22M (1UN), 28M (1UN), 30M (2UN), 32M (1UN), 34M (1UN)",T50x50,Perfil T
ET0107A4004,ET0107,letras_numero_letras_numero,2,2,"MCA | ACESSÓRIOS | ADCTT | 22M (1UN), 28M (1UN), 30M (2UN), 32M (1UN), 34M (1UN)",T50x50,Perfil T
ET0107A4005,ET0107,letras_numero_letras_numero,5,5,ENEL | 2026 |CONTRACTO 2024-2026 | ACESSÓRIOS | S1 (5UN) | R2 (2UN),16,Varão redondo
ET0107A4006,ET0107,letras_numero_letras_numero,5,5,ENEL | 2026 |CONTRACTO 2024-2026 | ACESSÓRIOS | S1 (5UN) | R2 (2UN),22x2,Tubo redondo
ET0107A4007,ET0107,letras_numero_letras_numero,3,3,"MCA | ACESSÓRIOS | ADCTT | 22M (1UN), 28M (1UN), 30M (2UN), 32M (1UN), 34M (1UN)",T50x50,Perfil T
ET0107A4008,ET0107,letras_numero_letras_numero,1,1,ENEL| 2026 |CONTRACTO 2024-2026 | ACESSÓRIOS,T50x50,Perfil T
ET0107A4009,ET0107,letras_numero_letras_numero,2,2,"MCA | ACESSÓRIOS | ADCT20 | 30M (5UN), 32M (4UN), 34M (2UN), 36M (2UN)",T50x50,Perfil T
ET0107A4010,ET0107,letras_numero_letras_numero,3,3,"MCA | ACESSÓRIOS | ADCTT | 22M (1UN), 28M (1UN), 30M (2UN), 32M (1UN), 34M (1UN)",T50x50,Perfil T
ET0114A4013,ET0114,letras_numero_letras_numero,2,2,"MCA | ACESSÓRIOS | ADCT20 | 30M (5UN), 32M (4UN), 34M (2UN), 36M (2UN)",T50x50,Perfil T
EXPOS1.1,EXPOS,prefixo_alfabetico,1,1,STATNETT | EXTENDED LANDING GANTRY | ESTRUTURA PRINCIPAL | EP2594,500x300x12.5,Tubo retangular
EXPOS1.9,EXPOS,prefixo_alfabetico,1,1,STATNETT | EXTENDED LANDING GANTRY | ESTRUTURA PRINCIPAL | EP2594,20,Varão redondo
EXPOS2.1,EXPOS,prefixo_alfabetico,1,1,STATNETT | EXTENDED LANDING GANTRY | ESTRUTURA PRINCIPAL | EP2594,500x300x16,Tubo retangular
EXPOS2.12,EXPOS,prefixo_alfabetico,1,1,STATNETT | EXTENDED LANDING GANTRY | ESTRUTURA PRINCIPAL | EP2594,20,Varão redondo
EXPOS2.3,EXPOS,prefixo_alfabetico,1,1,STATNETT | EXTENDED LANDING GANTRY | ESTRUTURA PRINCIPAL | EP2594,500x300x12.5,Tubo retangular
EXPOS2.4,EXPOS,prefixo_alfabetico,1,1,STATNETT | EXTENDED LANDING GANTRY | ESTRUTURA PRINCIPAL | EP2594,500x300x12.5,Tubo retangular
EXPOS2.7,EXPOS,prefixo_alfabetico,1,1,STATNETT | EXTENDED LANDING GANTRY | ESTRUTURA PRINCIPAL | EP2594,300x300x10,Tubo quadrado
EXPOS3.1,EXPOS,prefixo_alfabetico,1,1,STATNETT | EXTENDED LANDING GANTRY | ESTRUTURA PRINCIPAL | EP2594,500x300x12.5,Tubo retangular
EXPOS4.1,EXPOS,prefixo_alfabetico,1,1,STATNETT | EXTENDED LANDING GANTRY | ESTRUTURA PRINCIPAL | EP2594,500x300x12.5,Tubo retangular
EXPOS5.1,EXPOS,prefixo_alfabetico,1,1,STATNETT | EXTENDED LANDING GANTRY | ESTRUTURA PRINCIPAL | EP2594,300x300x10,Tubo quadrado
EXPOS5.4,EXPOS,prefixo_alfabetico,1,1,STATNETT | EXTENDED LANDING GANTRY | ESTRUTURA PRINCIPAL | EP2594,20,Varão redondo
EXPOS6,EXPOS,prefixo_alfabetico,1,1,STATNETT | EXTENDED LANDING GANTRY | ACESSÓRIOS,UPN300x100,Perfil U
EXPOS7,EXPOS,prefixo_alfabetico,1,1,STATNETT | EXTENDED LANDING GANTRY | ACESSÓRIOS,UPN300x100,Perfil U
EXPOS8,EXPOS,prefixo_alfabetico,1,1,STATNETT | EXTENDED LANDING GANTRY | ACESSÓRIOS,UPN300x100,Perfil U
EXT30C60,EXT30,letras_numero_letras_numero,1,1,BETAFENCE | 60 UN,300x150x12.5,Tubo retangular
EXT31C16,EXT31,letras_numero_letras_numero,2,1,BETAFENCE | M50 21UN,300x300x12.5,Tubo quadrado
EXT31C19,EXT31,letras_numero_letras_numero,2,2,BETAFENCE | 60 UN,100x100x10,Tubo quadrado
EXT31C25,EXT31,letras_numero_letras_numero,2,1,BETAFENCE | M50 21UN,300x300x12.5,Tubo quadrado
EXT31C28,EXT31,letras_numero_letras_numero,1,1,BETAFENCE | 60 UN,300x300x12.5,Tubo quadrado
EXT31C33,EXT31,letras_numero_letras_numero,2,2,BETAFENCE | 60 UN,100x100x10,Tubo quadrado
EXT31R33,EXT31,letras_numero_letras_numero,3,3,BETAFENCE | 30 UN SOCKET PIN | PRODUZIR PARA STOCK,25,Varão redondo
GGH30-1,GGH,prefixo_alfabetico,3,3,STATNETT | SN_KROSSBERG-STASJON_1F | MAIN GANTRY STRUCTURE,HEB300,Perfil H
GGH30-2,GGH,prefixo_alfabetico,3,3,STATNETT | SN_KROSSBERG-STASJON_1F | MAIN GANTRY STRUCTURE,HEB300,Perfil H
GGH30-3,GGH,prefixo_alfabetico,1,1,LINJEMONTAGE | CAPACITOR GANTRY | ESTRUTURA PRINCIPAL & EP2673,HEB300,Perfil H
GGR40-1,GGR,prefixo_alfabetico,3,3,STATNETT | SN_KROSSBERG-STASJON_3F | MAIN GANTRY STRUCTURE,400x400x12.5,Tubo quadrado
GGR40-2,GGR,prefixo_alfabetico,3,3,STATNETT | SN_KROSSBERG-STASJON_3F | MAIN GANTRY STRUCTURE,400x400x12.5,Tubo quadrado
GGR40-3,GGR,prefixo_alfabetico,1,1,LINJEMONTAGE | CAPACITOR GANTRY | ESTRUTURA PRINCIPAL & EP2673,400x200x8,Tubo retangular
GGR40-4,GGR,prefixo_alfabetico,3,3,STATNETT | SN_KROSSBERG-STASJON_3F | MAIN GANTRY STRUCTURE,400x200x8,Tubo retangular
GGR40-5,GGR,prefixo_alfabetico,2,2,STATNETT | SN_KROSSBERG-STASJON_3F | MAIN GANTRY STRUCTURE,400x200x8,Tubo retangular
GGR40-6,GGR,prefixo_alfabetico,2,2,STATNETT | SN_KROSSBERG-STASJON_1F | MAIN GANTRY STRUCTURE,400x400x12.5,Tubo quadrado
GKM-615,GKM,prefixo_alfabetico,2,2,"ENERGINET - SMALL PLATES AND U-BOLTS - LETRA P/ REFERENCIAR ""CS""",12,Varão redondo
H92HA1B18BT,H92,familia_mae_corrobora_designacao,2,2,RTE | H92HA-T4 | H18 / H18-PD / H19 / H19-PD / H20 | EP2580,UPN50x25,Perfil U
H92HN1BBT,H92,familia_mae_corrobora_designacao,2,2,RTE | H92HN-T4 | H24 / H24-PD / H26 | EP2583,UPN50x25,Perfil U
H92HN22BBT,H92,familia_mae_corrobora_designacao,1,1,RTE | POSTES H92HN-T4 | H15 / H17 | H20 / H21 / H22 / H27,UPN50x25,Perfil U
H92HS11AMDT,H92,familia_mae_corrobora_designacao,2,2,RTE | H92HS1-T4H16 AERO SOUTERRAIN,UPE160,Perfil U
H92HS11AMGT,H92,familia_mae_corrobora_designacao,2,2,RTE | H92HS1-T4-H14 AERO SOUTERRAIN | EP2586,UPE160,Perfil U
H92HS11BMDT,H92,familia_mae_corrobora_designacao,2,2,RTE | H92HS1-T4-H14 AERO SOUTERRAIN | EP2586,UPE160,Perfil U
H92HS11BMGT,H92,familia_mae_corrobora_designacao,2,2,RTE | H92HS1-T4-H14 AERO SOUTERRAIN | EP2586,UPE160,Perfil U
H92HS11BST,H92,familia_mae_corrobora_designacao,2,2,RTE | H92HS1-T4-H14 AERO SOUTERRAIN | EP2586,UPN80x45,Perfil U
H92HS11T,H92,familia_mae_corrobora_designacao,2,2,RTE | H92HS1-T4-H14 AERO SOUTERRAIN | EP2586,UPN80x45,Perfil U
H92HS12T,H92,familia_mae_corrobora_designacao,2,2,RTE | H92HS1-T4-H14 AERO SOUTERRAIN | EP2586,UPN80x45,Perfil U
H92HS13BSDT,H92,familia_mae_corrobora_designacao,2,2,RTE | H92HS1-T4-H14 AERO SOUTERRAIN | EP2586,UPN120x55,Perfil U
H92HS13BSGT,H92,familia_mae_corrobora_designacao,2,2,RTE | H92HS1-T4-H14 AERO SOUTERRAIN | EP2586,UPN120x55,Perfil U
H92HS14BST,H92,familia_mae_corrobora_designacao,2,2,RTE | H92HS1-T4-H14 AERO SOUTERRAIN | EP2586,UPN120x55,Perfil U
H92HS17T,H92,familia_mae_corrobora_designacao,2,2,RTE | H92HS1-T4-H14 AERO SOUTERRAIN | EP2586,UPN80x45,Perfil U
H92HS1AS1P1H14T,H92,familia_mae_corrobora_designacao,1,1,RTE | H92HS1-T4-H14 AERO SOUTERRAIN | EP2586,UPN80x45,Perfil U
H92HS1AS1P1H16T,H92,familia_mae_corrobora_designacao,1,1,RTE | H92HS1-T4H16 AERO SOUTERRAIN,UPN80x45,Perfil U
H92HS1AS2P1H14T,H92,familia_mae_corrobora_designacao,1,1,RTE | H92HS1-T4-H14 AERO SOUTERRAIN | EP2586,UPN80x45,Perfil U
H92HS1AS2P1H16T,H92,familia_mae_corrobora_designacao,1,1,RTE | H92HS1-T4H16 AERO SOUTERRAIN,UPN80x45,Perfil U
H92HT1B18BT,H92,familia_mae_corrobora_designacao,1,1,RTE | POSTE H92HT-T4H18,UPN50x25,Perfil U
IC6,IC,prefixo_alfabetico,1,1,ALSTOM | MONORAIL | MODELO 1 | VARANDINS ESQ / DIR = 374X,30x8,Barra
L CORTE,,codigo_com_espacos,2,1,ESCADA ACESSO ROBOT MTG5,48.3x2.9,Tubo redondo
L CORTE 1,,codigo_com_espacos,2,1,ESCADA ACESSO ROBOT MTG5,26x2.3,Tubo redondo
M003-103,M,prefixo_alfabetico,1,1,= TENNET A225 = POSTE 029 = LH-14-338 =,UPN160x65,Perfil U
M003-104,M,prefixo_alfabetico,1,1,= TENNET A225 = POSTE 029 = LH-14-338 =,UPN160x65,Perfil U
M003-105,M,prefixo_alfabetico,1,1,= TENNET A225 = POSTE 029 = LH-14-338 =,UPN140x60,Perfil U
M003-106,M,prefixo_alfabetico,1,1,= TENNET A225 = POSTE 029 = LH-14-338 =,UPN140x60,Perfil U
M004-253,M,prefixo_alfabetico,1,1,= TENNET A225 = POSTE 029 = LH-14-338 =,UPN160x65,Perfil U
M004-254,M,prefixo_alfabetico,1,1,= TENNET A225 = POSTE 029 = LH-14-338 =,UPN160x65,Perfil U
M004-255,M,prefixo_alfabetico,1,1,= TENNET A225 = POSTE 029 = LH-14-338 =,UPN140x60,Perfil U
M004-256,M,prefixo_alfabetico,1,1,= TENNET A225 = POSTE 029 = LH-14-338 =,UPN140x60,Perfil U
M005-403,M,prefixo_alfabetico,1,1,= TENNET A225 = POSTE 029 = LH-14-338 =,UPN180x70,Perfil U
M005-404,M,prefixo_alfabetico,1,1,= TENNET A225 = POSTE 029 = LH-14-338 =,UPN180x70,Perfil U
M005-405,M,prefixo_alfabetico,1,1,= TENNET A225 = POSTE 029 = LH-14-338 =,UPN140x60,Perfil U
M005-406,M,prefixo_alfabetico,1,1,= TENNET A225 = POSTE 029 = LH-14-338 =,UPN140x60,Perfil U
M028-551,M,prefixo_alfabetico,1,1,= TENNET A225 = POSTE 029 = LH-14-338 =,250x250x24,Cantoneira
M028-552,M,prefixo_alfabetico,1,1,= TENNET A225 = POSTE 029 = LH-14-338 =,250x250x24,Cantoneira
M035-79,M,prefixo_alfabetico,1,1,= TENNET A225 = PERNAS POSTE 029 = LH-14-338 =,250x250x24,Cantoneira
M035792,M,prefixo_alfabetico,1,1,= TENNET A225 = PERNAS POSTE 029 = LH-14-338 =,250x250x24,Cantoneira
M048UP1,M048,letras_numero_letras_numero,1,1,ESCADA ACESSO ROBOT MTG5,UPN180x70,Perfil U
M048UP10,M048,letras_numero_letras_numero,1,1,ESCADA ACESSO ROBOT MTG5,M16,Varão roscado
M048UP11,M048,letras_numero_letras_numero,1,1,ESCADA ACESSO ROBOT MTG5,UPN180x70,Perfil U
M048UP12,M048,letras_numero_letras_numero,1,1,ESCADA ACESSO ROBOT MTG5,UPN180x70,Perfil U
M048UP13,M048,letras_numero_letras_numero,1,1,ESCADA ACESSO ROBOT MTG5,UPN180x70,Perfil U
M048UP15,M048,letras_numero_letras_numero,1,1,ESCADA ACESSO ROBOT MTG5,UPN180x70,Perfil U
M048UP16,M048,letras_numero_letras_numero,1,1,ESCADA ACESSO ROBOT MTG5,UPN80x45,Perfil U
M048UP17,M048,letras_numero_letras_numero,1,1,ESCADA ACESSO ROBOT MTG5,UPN180x70,Perfil U
M048UP7,M048,letras_numero_letras_numero,1,1,ESCADA ACESSO ROBOT MTG5,UPN180x70,Perfil U
M0552P03,M0552,letras_numero_letras_numero,1,1,CESTAS,16,Varão redondo
M0552P04,M0552,letras_numero_letras_numero,3,1,CESTAS,10,Varão redondo
M0552P06,M0552,letras_numero_letras_numero,1,1,CESTAS,32,Varão redondo
M10N-3,M,prefixo_alfabetico,1,1,"= BASES POSTE 10N = _x000D_
= TENNET A250 =",40x40,Varão quadrado
M10N-4,M,prefixo_alfabetico,1,1,"= BASES POSTE 10N = _x000D_
= TENNET A250 =",40x40,Varão quadrado
M10N-705,M,prefixo_alfabetico,1,1,"= BASES POSTE 10N = _x000D_
= TENNET A250 =",200x200x24,Cantoneira
M10N-706,M,prefixo_alfabetico,1,1,"= BASES POSTE 10N = _x000D_
= TENNET A250 =",200x200x24,Cantoneira
M10N-707,M,prefixo_alfabetico,1,1,"= BASES POSTE 10N = _x000D_
= TENNET A250 =",200x200x24,Cantoneira
M10N-708,M,prefixo_alfabetico,1,1,"= BASES POSTE 10N = _x000D_
= TENNET A250 =",200x200x24,Cantoneira
M113-805,M,prefixo_alfabetico,1,1,"= BASES POSTE 113 / 121 = _x000D_
= TENNET A310 =",250x250x28,Cantoneira
M113-806,M,prefixo_alfabetico,1,1,"= BASES POSTE 113 / 121 = _x000D_
= TENNET A310 =",250x250x28,Cantoneira
M114-3,M,prefixo_alfabetico,1,1,"= BASES POSTE 114 / 115 = _x000D_
= TENNET A310 =",50x50,Varão quadrado
M114-4,M,prefixo_alfabetico,1,1,"= BASES POSTE 114 / 115 = _x000D_
= TENNET A310 =",50x50,Varão quadrado
M114-9601,M,prefixo_alfabetico,1,1,"= BASES POSTE 114 / 115 = _x000D_
= TENNET A310 =",300x300x35,Cantoneira
M114-9602,M,prefixo_alfabetico,1,1,"= BASES POSTE 114 / 115 = _x000D_
= TENNET A310 =",300x300x35,Cantoneira
M114-9701,M,prefixo_alfabetico,1,1,"= BASES POSTE 114 / 115 = _x000D_
= TENNET A310 =",300x300x35,Cantoneira
M114-9702,M,prefixo_alfabetico,1,1,"= BASES POSTE 114 / 115 = _x000D_
= TENNET A310 =",300x300x35,Cantoneira
M115-3,M,prefixo_alfabetico,1,1,"= BASES POSTE 114 / 115 = _x000D_
= TENNET A310 =",40x40,Varão quadrado
M115-4,M,prefixo_alfabetico,1,1,"= BASES POSTE 114 / 115 = _x000D_
= TENNET A310 =",40x40,Varão quadrado
M115-9101,M,prefixo_alfabetico,1,1,"= BASES POSTE 114 / 115 = _x000D_
= TENNET A310 =",250x250x35,Cantoneira
M115-9102,M,prefixo_alfabetico,1,1,"= BASES POSTE 114 / 115 = _x000D_
= TENNET A310 =",250x250x35,Cantoneira
M119-1,M,prefixo_alfabetico,1,1,"= BASES POSTE 119 = _x000D_
= TENNET A310 =",40x40,Varão quadrado
M119-2,M,prefixo_alfabetico,1,1,"= BASES POSTE 119 = _x000D_
= TENNET A310 =",40x40,Varão quadrado
M119-603,M,prefixo_alfabetico,1,1,"= BASES POSTE 119 = _x000D_
= TENNET A310 =",250x250x26,Cantoneira
M121-442,M,prefixo_alfabetico,1,1,"= BASES POSTE 113 / 121 = _x000D_
= TENNET A310 =",300x300x35,Cantoneira
M2011P3,M2011,letras_numero_letras_numero,1,1,TABULEIROS 300/290 + 300/140 PARA GALVANIZAÇÃO (MTG1) - (6 UN.+ 4 UN.),20,Varão redondo
M2011P5,M2011,letras_numero_letras_numero,1,1,TABULEIROS 300/290 + 300/140 PARA GALVANIZAÇÃO (MTG1) - (6 UN.+ 4 UN.),20,Varão redondo
M203-148,M,prefixo_alfabetico,1,1,= TENNET A225 = POSTE 028 = LH-14-338 =,UPN240x85,Perfil U
M205-351,M,prefixo_alfabetico,1,1,= TENNET A225 = POSTE 028 = LH-14-338 =,UPN240x85,Perfil U
M209-301,M,prefixo_alfabetico,1,1,= TENNET A225 = POSTE 028 = LH-14-338 =,250x250x26,Cantoneira
M209-302,M,prefixo_alfabetico,1,1,= TENNET A225 = POSTE 028 = LH-14-338 =,250x250x26,Cantoneira
M209-317,M,prefixo_alfabetico,1,1,= TENNET A225 = POSTE 028 = LH-14-338 =,250x250x22,Cantoneira
M209-318,M,prefixo_alfabetico,1,1,= TENNET A225 = POSTE 028 = LH-14-338 =,250x250x22,Cantoneira
M220-401,M,prefixo_alfabetico,1,1,= TENNET A225 = POSTE 028 = LH-14-338 =,250x250x35,Cantoneira
M220-402,M,prefixo_alfabetico,1,1,= TENNET A225 = POSTE 028 = LH-14-338 =,250x250x35,Cantoneira
M221-451,M,prefixo_alfabetico,1,1,= TENNET A225 = POSTE 028 = LH-14-338 =,250x250x35,Cantoneira
M221-452,M,prefixo_alfabetico,1,1,= TENNET A225 = POSTE 028 = LH-14-338 =,250x250x35,Cantoneira
M221-467,M,prefixo_alfabetico,1,1,= TENNET A225 = POSTE 028 = LH-14-338 =,200x200x26,Cantoneira
M222-501,M,prefixo_alfabetico,1,1,= TENNET A225 = POSTE 028 = LH-14-338 =,300x300x35,Cantoneira
M222-502,M,prefixo_alfabetico,1,1,= TENNET A225 = POSTE 028 = LH-14-338 =,300x300x35,Cantoneira
M223-551,M,prefixo_alfabetico,1,1,= TENNET A225 = POSTE 028 = LH-14-338 =,300x300x35,Cantoneira
M223-552,M,prefixo_alfabetico,1,1,= TENNET A225 = POSTE 028 = LH-14-338 =,300x300x35,Cantoneira
M223-581,M,prefixo_alfabetico,1,1,= TENNET A225 = POSTE 028 = LH-14-338 =,250x250x28,Cantoneira
M223-583,M,prefixo_alfabetico,1,1,= TENNET A225 = POSTE 028 = LH-14-338 =,250x250x28,Cantoneira
M230-831,M,prefixo_alfabetico,1,1,= TENNET A225 = PERNAS POSTE 028 = LH-14-338 =,300x300x35,Cantoneira
M230-832,M,prefixo_alfabetico,1,1,= TENNET A225 = PERNAS POSTE 028 = LH-14-338 =,300x300x35,Cantoneira
M230-868,M,prefixo_alfabetico,1,1,= TENNET A225 = PERNAS POSTE 028 = LH-14-338 =,250x250x28,Cantoneira
M303-148,M,prefixo_alfabetico,1,1,= TENNET A225 = POSTE 030 = LH-14-338 =,UPN240x85,Perfil U
M304-358,M,prefixo_alfabetico,1,1,= TENNET A225 = POSTE 030 = LH-14-338 =,UPN240x85,Perfil U
M305-549,M,prefixo_alfabetico,1,1,= TENNET A225 = POSTE 030 = LH-14-338 =,UPN240x85,Perfil U
M306-248,M,prefixo_alfabetico,1,1,= TENNET A225 = POSTE 030 = LH-14-338 =,UPN240x85,Perfil U
M307-457,M,prefixo_alfabetico,1,1,= TENNET A225 = POSTE 030 = LH-14-338 =,UPN240x85,Perfil U
M308-652,M,prefixo_alfabetico,1,1,= TENNET A225 = POSTE 030 = LH-14-338 =,UPN240x85,Perfil U
M312-301,M,prefixo_alfabetico,1,1,= TENNET A225 = POSTE 030 = LH-14-338 =,250x250x35,Cantoneira
M312-302,M,prefixo_alfabetico,1,1,= TENNET A225 = POSTE 030 = LH-14-338 =,250x250x35,Cantoneira
M312-317,M,prefixo_alfabetico,1,1,= TENNET A225 = POSTE 030 = LH-14-338 =,250x250x22,Cantoneira
M312-318,M,prefixo_alfabetico,1,1,= TENNET A225 = POSTE 030 = LH-14-338 =,250x250x22,Cantoneira
M335-401,M,prefixo_alfabetico,1,1,= TENNET A225 = POSTE 030 = LH-14-338 =,250x250x22,Cantoneira
M335-402,M,prefixo_alfabetico,1,1,= TENNET A225 = POSTE 030 = LH-14-338 =,250x250x22,Cantoneira
M335-403,M,prefixo_alfabetico,1,1,= TENNET A225 = POSTE 030 = LH-14-338 =,250x250x22,Cantoneira
M335-404,M,prefixo_alfabetico,1,1,= TENNET A225 = POSTE 030 = LH-14-338 =,250x250x22,Cantoneira
M335-427,M,prefixo_alfabetico,1,1,= TENNET A225 = POSTE 030 = LH-14-338 =,200x200x26,Cantoneira
M336-451,M,prefixo_alfabetico,1,1,= TENNET A225 = POSTE 030 = LH-14-338 =,250x250x26,Cantoneira
M336-452,M,prefixo_alfabetico,1,1,= TENNET A225 = POSTE 030 = LH-14-338 =,250x250x26,Cantoneira
M336-453,M,prefixo_alfabetico,1,1,= TENNET A225 = POSTE 030 = LH-14-338 =,250x250x26,Cantoneira
M336-454,M,prefixo_alfabetico,1,1,= TENNET A225 = POSTE 030 = LH-14-338 =,250x250x26,Cantoneira
M337-501,M,prefixo_alfabetico,1,1,= TENNET A225 = POSTE 030 = LH-14-338 =,250x250x26,Cantoneira
M337-502,M,prefixo_alfabetico,1,1,= TENNET A225 = POSTE 030 = LH-14-338 =,250x250x26,Cantoneira
M337-503,M,prefixo_alfabetico,1,1,= TENNET A225 = POSTE 030 = LH-14-338 =,250x250x26,Cantoneira
M337-504,M,prefixo_alfabetico,1,1,= TENNET A225 = POSTE 030 = LH-14-338 =,250x250x26,Cantoneira
M338-551,M,prefixo_alfabetico,1,1,= TENNET A225 = POSTE 030 = LH-14-338 =,250x250x26,Cantoneira
M338-552,M,prefixo_alfabetico,1,1,= TENNET A225 = POSTE 030 = LH-14-338 =,250x250x26,Cantoneira
M338-553,M,prefixo_alfabetico,1,1,= TENNET A225 = POSTE 030 = LH-14-338 =,250x250x26,Cantoneira
M338-554,M,prefixo_alfabetico,1,1,= TENNET A225 = POSTE 030 = LH-14-338 =,250x250x26,Cantoneira
M339-601,M,prefixo_alfabetico,1,1,= TENNET A225 = POSTE 030 = LH-14-338 =,250x250x26,Cantoneira
M339-602,M,prefixo_alfabetico,1,1,= TENNET A225 = POSTE 030 = LH-14-338 =,250x250x26,Cantoneira
M339-603,M,prefixo_alfabetico,1,1,= TENNET A225 = POSTE 030 = LH-14-338 =,250x250x26,Cantoneira
M339-604,M,prefixo_alfabetico,1,1,= TENNET A225 = POSTE 030 = LH-14-338 =,250x250x26,Cantoneira
M346-921,M,prefixo_alfabetico,1,1,= TENNET A225 = PERNAS POSTE 030 = LH-14-338 =,250x250x26,Cantoneira
M346-922,M,prefixo_alfabetico,1,1,= TENNET A225 = PERNAS POSTE 030 = LH-14-338 =,250x250x26,Cantoneira
M346-923,M,prefixo_alfabetico,1,1,= TENNET A225 = PERNAS POSTE 030 = LH-14-338 =,250x250x26,Cantoneira
M346-924,M,prefixo_alfabetico,1,1,= TENNET A225 = PERNAS POSTE 030 = LH-14-338 =,250x250x26,Cantoneira
M46-1,M,prefixo_alfabetico,1,1,"= BASES POSTE 46 / 47 / 49 / 52 / 79 / 82 = _x000D_
= TENNET A390 =",40x40,Varão quadrado
M46-2,M,prefixo_alfabetico,1,1,"= BASES POSTE 46 / 47 / 49 / 52 / 79 / 82 = _x000D_
= TENNET A390 =",40x40,Varão quadrado
M46-713,M,prefixo_alfabetico,1,1,"= BASES POSTE 46 / 47 / 49 / 52 / 79 / 82 = _x000D_
= TENNET A390 =",250x250x28,Cantoneira
M47-1,M,prefixo_alfabetico,1,1,"= BASES POSTE 46 / 47 / 49 / 52 / 79 / 82 = _x000D_
= TENNET A390 =",40x40,Varão quadrado
M47-2,M,prefixo_alfabetico,1,1,"= BASES POSTE 46 / 47 / 49 / 52 / 79 / 82 = _x000D_
= TENNET A390 =",40x40,Varão quadrado
M47-510,M,prefixo_alfabetico,1,1,"= BASES POSTE 46 / 47 / 49 / 52 / 79 / 82 = _x000D_
= TENNET A390 =",250x250x28,Cantoneira
M49-1,M,prefixo_alfabetico,1,1,"= BASES POSTE 46 / 47 / 49 / 52 / 79 / 82 = _x000D_
= TENNET A390 =",40x40,Varão quadrado
M49-2,M,prefixo_alfabetico,1,1,"= BASES POSTE 46 / 47 / 49 / 52 / 79 / 82 = _x000D_
= TENNET A390 =",40x40,Varão quadrado
M49-713,M,prefixo_alfabetico,1,1,"= BASES POSTE 46 / 47 / 49 / 52 / 79 / 82 = _x000D_
= TENNET A390 =",250x250x28,Cantoneira
M50-161,M,prefixo_alfabetico,1,1,"= BASES POSTE 50 = _x000D_
= TENNET A390 =",250x250x35,Cantoneira
M50-162,M,prefixo_alfabetico,1,1,"= BASES POSTE 50 = _x000D_
= TENNET A390 =",250x250x35,Cantoneira
M50-3,M,prefixo_alfabetico,1,1,"= BASES POSTE 50 = _x000D_
= TENNET A390 =",40x40,Varão quadrado
M50-4,M,prefixo_alfabetico,1,1,"= BASES POSTE 50 = _x000D_
= TENNET A390 =",40x40,Varão quadrado
M51-1005,M,prefixo_alfabetico,1,1,"= BASES POSTE 51 = _x000D_
= TENNET A390 =",250x250x35,Cantoneira
M51-1006,M,prefixo_alfabetico,1,1,"= BASES POSTE 51 = _x000D_
= TENNET A390 =",250x250x35,Cantoneira
M51-1075,M,prefixo_alfabetico,1,1,"= BASES POSTE 51 = _x000D_
= TENNET A390 =",250x250x35,Cantoneira
M51-1076,M,prefixo_alfabetico,1,1,"= BASES POSTE 51 = _x000D_
= TENNET A390 =",250x250x35,Cantoneira
M51-3,M,prefixo_alfabetico,1,1,"= BASES POSTE 51 = _x000D_
= TENNET A390 =",40x40,Varão quadrado
M51-4,M,prefixo_alfabetico,1,1,"= BASES POSTE 51 = _x000D_
= TENNET A390 =",40x40,Varão quadrado
M511005,M,prefixo_alfabetico,1,1,"= BASES POSTE 54 / 65 = _x000D_
= TENNET A390 =",250x250x35,Cantoneira
M511006,M,prefixo_alfabetico,1,1,"= BASES POSTE 54 / 65 = _x000D_
= TENNET A390 =",250x250x35,Cantoneira
M513,M,prefixo_alfabetico,1,1,"= BASES POSTE 54 / 65 = _x000D_
= TENNET A390 =",40x40,Varão quadrado
M514,M,prefixo_alfabetico,1,1,"= BASES POSTE 54 / 65 = _x000D_
= TENNET A390 =",40x40,Varão quadrado
M52-1,M,prefixo_alfabetico,1,1,"= BASES POSTE 46 / 47 / 49 / 52 / 79 / 82 = _x000D_
= TENNET A390 =",40x40,Varão quadrado
M52-2,M,prefixo_alfabetico,1,1,"= BASES POSTE 46 / 47 / 49 / 52 / 79 / 82 = _x000D_
= TENNET A390 =",40x40,Varão quadrado
M52-613,M,prefixo_alfabetico,1,1,"= BASES POSTE 46 / 47 / 49 / 52 / 79 / 82 = _x000D_
= TENNET A390 =",250x250x28,Cantoneira
M53-3,M,prefixo_alfabetico,1,1,"= BASES POSTE 53 / 55 / 56 / 66 / 76 = _x000D_
= TENNET A390 =",40x40,Varão quadrado
M53-4,M,prefixo_alfabetico,1,1,"= BASES POSTE 53 / 55 / 56 / 66 / 76 = _x000D_
= TENNET A390 =",40x40,Varão quadrado
M53-541,M,prefixo_alfabetico,1,1,"= BASES POSTE 53 / 55 / 56 / 66 / 76 = _x000D_
= TENNET A390 =",250x250x26,Cantoneira
M53-542,M,prefixo_alfabetico,1,1,"= BASES POSTE 53 / 55 / 56 / 66 / 76 = _x000D_
= TENNET A390 =",250x250x26,Cantoneira
M543,M,prefixo_alfabetico,1,1,"= BASES POSTE 54 / 65 = _x000D_
= TENNET A390 =",40x40,Varão quadrado
M544,M,prefixo_alfabetico,1,1,"= BASES POSTE 54 / 65 = _x000D_
= TENNET A390 =",40x40,Varão quadrado
M54805,M,prefixo_alfabetico,1,1,"= BASES POSTE 54 / 65 = _x000D_
= TENNET A390 =",250x250x26,Cantoneira
M54806,M,prefixo_alfabetico,1,1,"= BASES POSTE 54 / 65 = _x000D_
= TENNET A390 =",250x250x26,Cantoneira
M55-3,M,prefixo_alfabetico,1,1,"= BASES POSTE 53 / 55 / 56 / 66 / 76 = _x000D_
= TENNET A390 =",40x40,Varão quadrado
M55-4,M,prefixo_alfabetico,1,1,"= BASES POSTE 53 / 55 / 56 / 66 / 76 = _x000D_
= TENNET A390 =",40x40,Varão quadrado
M55-651,M,prefixo_alfabetico,1,1,"= BASES POSTE 53 / 55 / 56 / 66 / 76 = _x000D_
= TENNET A390 =",250x250x28,Cantoneira
M55-652,M,prefixo_alfabetico,1,1,"= BASES POSTE 53 / 55 / 56 / 66 / 76 = _x000D_
= TENNET A390 =",250x250x28,Cantoneira
M56-3,M,prefixo_alfabetico,1,1,"= BASES POSTE 53 / 55 / 56 / 66 / 76 = _x000D_
= TENNET A390 =",40x40,Varão quadrado
M56-4,M,prefixo_alfabetico,1,1,"= BASES POSTE 53 / 55 / 56 / 66 / 76 = _x000D_
= TENNET A390 =",40x40,Varão quadrado
M56-661,M,prefixo_alfabetico,1,1,"= BASES POSTE 53 / 55 / 56 / 66 / 76 = _x000D_
= TENNET A390 =",200x200x26,Cantoneira
M56-662,M,prefixo_alfabetico,1,1,"= BASES POSTE 53 / 55 / 56 / 66 / 76 = _x000D_
= TENNET A390 =",200x200x26,Cantoneira
M64-1,M,prefixo_alfabetico,1,1,"= BASES POSTE 64 / 77 / 78 = _x000D_
= TENNET A390 =",40x40,Varão quadrado
M64-2,M,prefixo_alfabetico,1,1,"= BASES POSTE 64 / 77 / 78 = _x000D_
= TENNET A390 =",40x40,Varão quadrado
M64-615,M,prefixo_alfabetico,1,1,"= BASES POSTE 64 / 77 / 78 = _x000D_
= TENNET A390 =",250x250x35,Cantoneira
M653,M,prefixo_alfabetico,1,1,"= BASES POSTE 54 / 65 = _x000D_
= TENNET A390 =",40x40,Varão quadrado
M654,M,prefixo_alfabetico,1,1,"= BASES POSTE 54 / 65 = _x000D_
= TENNET A390 =",40x40,Varão quadrado
M65661,M,prefixo_alfabetico,1,1,"= BASES POSTE 54 / 65 = _x000D_
= TENNET A390 =",200x200x26,Cantoneira
M65662,M,prefixo_alfabetico,1,1,"= BASES POSTE 54 / 65 = _x000D_
= TENNET A390 =",200x200x26,Cantoneira
M66-3,M,prefixo_alfabetico,1,1,"= BASES POSTE 53 / 55 / 56 / 66 / 76 = _x000D_
= TENNET A390 =",40x40,Varão quadrado
M66-4,M,prefixo_alfabetico,1,1,"= BASES POSTE 53 / 55 / 56 / 66 / 76 = _x000D_
= TENNET A390 =",40x40,Varão quadrado
M66-751,M,prefixo_alfabetico,1,1,"= BASES POSTE 53 / 55 / 56 / 66 / 76 = _x000D_
= TENNET A390 =",250x250x26,Cantoneira
M66-752,M,prefixo_alfabetico,1,1,"= BASES POSTE 53 / 55 / 56 / 66 / 76 = _x000D_
= TENNET A390 =",250x250x26,Cantoneira
M671,M,prefixo_alfabetico,1,1,"= BASES POSTE 67 = _x000D_
= TENNET A390 =",40x40,Varão quadrado
M672,M,prefixo_alfabetico,1,1,"= BASES POSTE 67 = _x000D_
= TENNET A390 =",40x40,Varão quadrado
M67610,M,prefixo_alfabetico,1,1,"= BASES POSTE 67 = _x000D_
= TENNET A390 =",250x250x35,Cantoneira
M76-3,M,prefixo_alfabetico,1,1,"= BASES POSTE 53 / 55 / 56 / 66 / 76 = _x000D_
= TENNET A390 =",40x40,Varão quadrado
M76-4,M,prefixo_alfabetico,1,1,"= BASES POSTE 53 / 55 / 56 / 66 / 76 = _x000D_
= TENNET A390 =",40x40,Varão quadrado
M76-705,M,prefixo_alfabetico,1,1,"= BASES POSTE 53 / 55 / 56 / 66 / 76 = _x000D_
= TENNET A390 =",250x250x26,Cantoneira
M76-706,M,prefixo_alfabetico,1,1,"= BASES POSTE 53 / 55 / 56 / 66 / 76 = _x000D_
= TENNET A390 =",250x250x26,Cantoneira
M77-1,M,prefixo_alfabetico,1,1,"= BASES POSTE 64 / 77 / 78 = _x000D_
= TENNET A390 =",40x40,Varão quadrado
M77-2,M,prefixo_alfabetico,1,1,"= BASES POSTE 64 / 77 / 78 = _x000D_
= TENNET A390 =",40x40,Varão quadrado
M77-510,M,prefixo_alfabetico,1,1,"= BASES POSTE 64 / 77 / 78 = _x000D_
= TENNET A390 =",250x250x28,Cantoneira
M78-1,M,prefixo_alfabetico,1,1,"= BASES POSTE 64 / 77 / 78 = _x000D_
= TENNET A390 =",40x40,Varão quadrado
M78-2,M,prefixo_alfabetico,1,1,"= BASES POSTE 64 / 77 / 78 = _x000D_
= TENNET A390 =",40x40,Varão quadrado
M78-619,M,prefixo_alfabetico,1,1,"= BASES POSTE 64 / 77 / 78 = _x000D_
= TENNET A390 =",250x250x28,Cantoneira
M79-1,M,prefixo_alfabetico,1,1,"= BASES POSTE 46 / 47 / 49 / 52 / 79 / 82 = _x000D_
= TENNET A390 =",40x40,Varão quadrado
M79-2,M,prefixo_alfabetico,1,1,"= BASES POSTE 46 / 47 / 49 / 52 / 79 / 82 = _x000D_
= TENNET A390 =",40x40,Varão quadrado
M79-510,M,prefixo_alfabetico,1,1,"= BASES POSTE 46 / 47 / 49 / 52 / 79 / 82 = _x000D_
= TENNET A390 =",250x250x28,Cantoneira
M80-1,M,prefixo_alfabetico,1,1,"= BASES POSTE 80 = _x000D_
= TENNET A390 =",40x40,Varão quadrado
M80-2,M,prefixo_alfabetico,1,1,"= BASES POSTE 80 = _x000D_
= TENNET A390 =",40x40,Varão quadrado
M80-619,M,prefixo_alfabetico,1,1,"= BASES POSTE 80 = _x000D_
= TENNET A390 =",250x250x28,Cantoneira
M82-1,M,prefixo_alfabetico,1,1,"= BASES POSTE 46 / 47 / 49 / 52 / 79 / 82 = _x000D_
= TENNET A390 =",40x40,Varão quadrado
M82-2,M,prefixo_alfabetico,1,1,"= BASES POSTE 46 / 47 / 49 / 52 / 79 / 82 = _x000D_
= TENNET A390 =",40x40,Varão quadrado
M82-713,M,prefixo_alfabetico,1,1,"= BASES POSTE 46 / 47 / 49 / 52 / 79 / 82 = _x000D_
= TENNET A390 =",250x250x28,Cantoneira
M8C510,M8,letras_numero_letras_numero,1,1,"= TROÇO POSTE XC550 = L8C D60 E14.6 =_x000D_
= EP2613 =",200x200x26,Cantoneira
MBF610001,MBF,prefixo_alfabetico,1,1,OV2511171 - STEELPRO - FORN. MAT. ACESSÓRIOS ELEVAÇÃO MSS USA,HEB200B,Perfil H
MBF610004,MBF,prefixo_alfabetico,1,1,OV2511171 - STEELPRO - FORN. MAT. ACESSÓRIOS ELEVAÇÃO MSS USA,HEB100B,Perfil H
MBF710001,MBF,prefixo_alfabetico,1,1,OV2600215 - STEELPRO - FORN. MATERIAL 4 BALANCINS,HEA260A,Perfil H
MBF810001,MBF,prefixo_alfabetico,1,1,OV2511171 - STEELPRO - FORN. MAT. ACESSÓRIOS ELEVAÇÃO MSS USA,HEB180B,Perfil H
MBI512001,MBI,prefixo_alfabetico,1,1,STEELPRO - OV2510571 -,HEA100A,Perfil H
MBI512002,MBI,prefixo_alfabetico,1,1,STEELPRO - OV2510571 -,HEA100A,Perfil H
MBI512003,MBI,prefixo_alfabetico,1,1,STEELPRO - OV2510571 -,HEA100A,Perfil H
ME24UP14,ME24,letras_numero_letras_numero,1,1,PLATAFORMA ACESSO INVERSORES,60x3.7,Tubo redondo
ME24UP19,ME24,letras_numero_letras_numero,1,1,PLATAFORMA ACESSO INVERSORES,12,Varão redondo
ME24UP20,ME24,letras_numero_letras_numero,1,1,PLATAFORMA ACESSO INVERSORES,21x2.7,Tubo redondo
ME24UP23,ME24,letras_numero_letras_numero,1,1,PLATAFORMA ACESSO INVERSORES,6,Varão redondo
ME4023P3,ME4023,letras_numero_letras_numero,1,1,SUPORTE APOIOS COMPUTADOR,50x50x4,Tubo quadrado
ME4023P4,ME4023,letras_numero_letras_numero,1,1,SUPORTE APOIOS COMPUTADOR,50x50x4,Tubo quadrado
ME4023P5,ME4023,letras_numero_letras_numero,1,1,SUPORTE APOIOS COMPUTADOR,40x40x3,Tubo quadrado
ME4023P7,ME4023,letras_numero_letras_numero,1,1,SUPORTE APOIOS COMPUTADOR,40x40x3,Tubo quadrado
MFA911101,MFA,prefixo_alfabetico,1,1,STEELPRO,UB256x146,Perfil UB
MFA911105,MFA,prefixo_alfabetico,1,1,STEELPRO,UB256x146,Perfil UB
MGL111001,MGL,prefixo_alfabetico,1,1,STEELPRO - OV2510571 -,IPE255,Perfil I
MGL111002,MGL,prefixo_alfabetico,1,1,STEELPRO - OV2510571 -,IPE255,Perfil I
MGL131001,MGL,prefixo_alfabetico,1,1,STEELPRO - OV2510571 -,HEA160A,Perfil H
MGL131004,MGL,prefixo_alfabetico,1,1,STEELPRO - OV2510571 -,UPN160x65,Perfil U
MGL141001,MGL,prefixo_alfabetico,1,1,STEELPRO - OV2510571 -,HEA120A,Perfil H
MGL141002,MGL,prefixo_alfabetico,1,1,STEELPRO - OV2510571 -,HEA120A,Perfil H
MGL141003,MGL,prefixo_alfabetico,1,1,STEELPRO - OV2510571 -,HEA120A,Perfil H
MGL141004,MGL,prefixo_alfabetico,1,1,STEELPRO - OV2510571 -,HEA120A,Perfil H
MGL141007,MGL,prefixo_alfabetico,1,1,STEELPRO - OV2510571 -,HEA120A,Perfil H
MGL151001,MGL,prefixo_alfabetico,1,1,STEELPRO - OV2510571 -,HEA120A,Perfil H
MGL151002,MGL,prefixo_alfabetico,1,1,STEELPRO - OV2510571 -,HEA120A,Perfil H
MGL151003,MGL,prefixo_alfabetico,1,1,STEELPRO - OV2510571 -,HEA120A,Perfil H
MGL151004,MGL,prefixo_alfabetico,1,1,STEELPRO - OV2510571 -,HEA120A,Perfil H
MGM310001,MGM,prefixo_alfabetico,1,1,STEELPRO - OV2602397 - FORN. MAT. PARA ACESSÓRIOS DE ELEVAÇÃO P/ ALBÂNIA,HEB260B,Perfil H
MGM410001,MGM,prefixo_alfabetico,1,1,STEELPRO - OV2602397 - FORN. MAT. PARA ACESSÓRIOS DE ELEVAÇÃO P/ ALBÂNIA,HEA360,Perfil H
MGM420001,MGM,prefixo_alfabetico,1,1,STEELPRO - OV2602397 - FORN. MAT. PARA ACESSÓRIOS DE ELEVAÇÃO P/ ALBÂNIA,HEA140A,Perfil H
N25101,N,prefixo_alfabetico,4,4,TENNET | A390 | MAST 33,250x250x35,Cantoneira
N25102,N,prefixo_alfabetico,4,4,TENNET | A390 | MAST 33,250x250x35,Cantoneira
N25309,N,prefixo_alfabetico,4,4,TENNET | A390 | MAST 33,UPN120x55,Perfil U
N25310,N,prefixo_alfabetico,4,4,TENNET | A390 | MAST 33,UPN120x55,Perfil U
N25311,N,prefixo_alfabetico,4,4,TENNET | A390 | MAST 33,UPN120x55,Perfil U
N25313,N,prefixo_alfabetico,4,4,TENNET | A390 | MAST 33,UPN120x55,Perfil U
N25314,N,prefixo_alfabetico,4,4,TENNET | A390 | MAST 33,UPN120x55,Perfil U
N25315,N,prefixo_alfabetico,4,4,TENNET | A390 | MAST 33,UPN120x55,Perfil U
N27112,N,prefixo_alfabetico,4,4,TENNET | A390 | MAST 33,300x300x35,Cantoneira
N28201,N,prefixo_alfabetico,2,2,= TENNET A390 | TROÇOS POSTE 51 =,200x200x26,Cantoneira
N28202,N,prefixo_alfabetico,3,3,TENNET | A390 | MAST 33,200x200x26,Cantoneira
OCH2,OCH,prefixo_alfabetico,1,1,ALSTOM | MONORAIL | EMERGENCY WALKWAY | LOT#1 = PROTÓTIPO,HEA240A,Perfil H
OCH3,OCH,prefixo_alfabetico,1,1,ALSTOM | MONORAIL | EMERGENCY WALKWAY | LOT#1 = PROTÓTIPO,HEA240A,Perfil H
OM0525A4000,OM0525,letras_numero_letras_numero,1,1,--- COLUNA BASCULANTE 20M HL330 (1UN),33,Varão redondo
OM0525A4002,OM0525,letras_numero_letras_numero,1,1,--- COLUNA BASCULANTE 20M HL330 (1UN),57x10,Tubo redondo
OM0525A4513,OM0525,letras_numero_letras_numero,1,1,--- COLUNA BASCULANTE 20M HL330 (1UN),25x16,Barra
OV1,OV,prefixo_alfabetico,1,1,ALSTOM | MONORAIL | EMERGENCY WALKWAY | LOT#1 = PROTÓTIPO,HEA240A,Perfil H
OV2,OV,prefixo_alfabetico,1,1,ALSTOM | MONORAIL | EMERGENCY WALKWAY | LOT#1 = PROTÓTIPO,HEA240A,Perfil H
P040G31D,P040,letras_numero_letras_numero,1,1,= POSTE P4000 =,UPN120x55,Perfil U
P040G31E,P040,letras_numero_letras_numero,1,1,= POSTE P4000 =,UPN120x55,Perfil U
P040G32D,P040,letras_numero_letras_numero,1,1,= POSTE P4000 =,UPN120x55,Perfil U
P040G32E,P040,letras_numero_letras_numero,1,1,= POSTE P4000 =,UPN120x55,Perfil U
P040G33D,P040,letras_numero_letras_numero,1,1,= POSTE P4000 =,UPN120x55,Perfil U
P040G33E,P040,letras_numero_letras_numero,1,1,= POSTE P4000 =,UPN120x55,Perfil U
PA0106A4167,PA0106,letras_numero_letras_numero,6,6,PATINS DE DESCANSO - 2X (URGENTE),8,Varão redondo
PA0107A4300,PA0107,letras_numero_letras_numero,20,20,ACESSÓRIOS TORRE TUBULAR 30M - MOD. CA03D,17.2x1.8,Tubo redondo
PA0107A4301,PA0107,letras_numero_letras_numero,19,19,ACESSÓRIOS TORRE TUBULAR 30M - MOD. CA03D,12,Varão redondo
PA0211A4011,PA0211,letras_numero_letras_numero,6,6,ACESSÓRIOS TORRE PALMEIRA 20M - MOD. CA54N,40x20x1.5,Tubo retangular
PA1008A4001,PA1008,letras_numero_letras_numero,1,1,RECLAMAÇÃO - DQ41-153 - VÁRIAS MONTANTES E DIAGONAIS,60.3x4,Tubo redondo
PA1008A4020,PA1008,letras_numero_letras_numero,1,1,RECLAMAÇÃO - DQ41-153 - VÁRIAS MONTANTES E DIAGONAIS,193.7x6,Tubo redondo
PA1008A4030,PA1008,letras_numero_letras_numero,1,1,RECLAMAÇÃO - DQ41-153 - VÁRIAS MONTANTES E DIAGONAIS,219.1x6,Tubo redondo
PA1A21A4001,PA1,letras_numero_letras_numero,8,8,ACESSÓRIOS TORRE TRIANGULAR 15M - MOD. PA30M,12,Varão redondo
PA2312A4001,PA2312,letras_numero_letras_numero,6,6,PATINS DE DESCANSO - 2X (URGENTE),18x2,Tubo redondo
PA2312A4010,PA2312,letras_numero_letras_numero,4,2,ACESSÓRIO P/ TORRE IP 30M (13X) + 18M (1X),76x3.25,Tubo redondo
PA2312A4011,PA2312,letras_numero_letras_numero,2,2,ACESSÓRIO P/ TORRE IP 30M (13X) + 18M (1X),14.5,Varão redondo
PA2312A4026,PA2312,letras_numero_letras_numero,1,1,ACESSÓRIOS TORRES TUBULARES 30M (1X) E 40M (1X) - MOD. CA43M E CA52M,18x2,Tubo redondo
PA2314A4009,PA2314,letras_numero_letras_numero,1,1,ESTRIBOS M16X157X204,14.5,Varão redondo
PA30M1,PA30,familia_mae_corrobora_designacao,3,3,MONTANTES P/ TORRE PA30M-25M,88.9x3,Tubo redondo
PA30M19,PA30,familia_mae_corrobora_designacao,2,2,MONTANTES P/ TORRE PA30M-25M,168.3x8,Tubo redondo
PA30M2,PA30,familia_mae_corrobora_designacao,2,2,MONTANTES P/ TORRE PA30M-25M,101.6x5,Tubo redondo
PA30M21,PA30,familia_mae_corrobora_designacao,2,2,TRAVESSAS E DIAGONAIS PARA TORRES TRIANGULARES PA30M 30M/25M/15M (4UN),60.3x3,Tubo redondo
PA30M22,PA30,familia_mae_corrobora_designacao,3,3,DIAGONAIS E TRAVESSAS - DQ54-176,60.3x3,Tubo redondo
PA30M23,PA30,familia_mae_corrobora_designacao,2,2,TRAVESSAS E DIAGONAIS PARA TORRES TRIANGULARES PA30M 30M/25M/15M (4UN),60.3x3,Tubo redondo
PA30M24,PA30,familia_mae_corrobora_designacao,2,2,TRAVESSAS E DIAGONAIS PARA TORRES TRIANGULARES PA30M 30M/25M/15M (4UN),60.3x3,Tubo redondo
PA30M25,PA30,familia_mae_corrobora_designacao,2,2,TRAVESSAS E DIAGONAIS PARA TORRES TRIANGULARES PA30M 30M/25M/15M (4UN),76.1x3,Tubo redondo
PA30M26,PA30,familia_mae_corrobora_designacao,2,2,TRAVESSAS E DIAGONAIS PARA TORRES TRIANGULARES PA30M 30M/25M/15M (4UN),76.1x3,Tubo redondo
PA30M27,PA30,familia_mae_corrobora_designacao,2,2,TRAVESSAS E DIAGONAIS PARA TORRES TRIANGULARES PA30M 30M/25M/15M (4UN),76.1x3,Tubo redondo
PA30M28,PA30,familia_mae_corrobora_designacao,2,2,DIAGONAIS E TRAVESSAS - DQ54-176,76.1x3,Tubo redondo
PA30M29,PA30,familia_mae_corrobora_designacao,2,2,TRAVESSAS E DIAGONAIS PARA TORRES TRIANGULARES PA30M 30M/25M/15M (4UN),76.1x3,Tubo redondo
PA30M3,PA30,familia_mae_corrobora_designacao,2,2,MONTANTES P/ TORRE PA30M-25M,139.7x6,Tubo redondo
PA30M30,PA30,familia_mae_corrobora_designacao,1,1,TRAVESSAS E DIAGONAIS PARA TORRES TRIANGULARES PA30M 30M/25M/15M (4UN),76.1x3,Tubo redondo
PA30M31,PA30,familia_mae_corrobora_designacao,1,1,TRAVESSAS E DIAGONAIS PARA TORRES TRIANGULARES PA30M 30M/25M/15M (4UN),76.1x3,Tubo redondo
PA30M33,PA30,familia_mae_corrobora_designacao,3,3,DIAGONAIS E TRAVESSAS - DQ54-176,48.3x3,Tubo redondo
PA30M34,PA30,familia_mae_corrobora_designacao,3,3,DIAGONAIS E TRAVESSAS - DQ54-176,48.3x3,Tubo redondo
PA30M35,PA30,familia_mae_corrobora_designacao,2,2,TRAVESSAS E DIAGONAIS PARA TORRES TRIANGULARES PA30M 30M/25M/15M (4UN),48.3x3,Tubo redondo
PA30M36,PA30,familia_mae_corrobora_designacao,2,2,TRAVESSAS E DIAGONAIS PARA TORRES TRIANGULARES PA30M 30M/25M/15M (4UN),48.3x3,Tubo redondo
PA30M37,PA30,familia_mae_corrobora_designacao,2,2,TRAVESSAS E DIAGONAIS PARA TORRES TRIANGULARES PA30M 30M/25M/15M (4UN),48.3x3,Tubo redondo
PA30M4,PA30,familia_mae_corrobora_designacao,2,2,MONTANTES P/ TORRE PA30M-25M,168.3x6,Tubo redondo
PA30M44,PA30,familia_mae_corrobora_designacao,1,1,TRAVESSAS E DIAGONAIS PARA TORRES TRIANGULARES PA30M 30M/25M/15M (4UN),48.3x3,Tubo redondo
PA30M45,PA30,familia_mae_corrobora_designacao,1,1,TRAVESSAS E DIAGONAIS PARA TORRES TRIANGULARES PA30M 30M/25M/15M (4UN),48.3x3,Tubo redondo
PA30M46,PA30,familia_mae_corrobora_designacao,2,2,DIAGONAIS E TRAVESSAS - DQ54-176,48.3x3,Tubo redondo
PA30M47,PA30,familia_mae_corrobora_designacao,3,3,DIAGONAIS E TRAVESSAS - DQ54-176,48.3x3,Tubo redondo
PA30M48,PA30,familia_mae_corrobora_designacao,2,2,TRAVESSAS E DIAGONAIS PARA TORRES TRIANGULARES PA30M 30M/25M/15M (4UN),48.3x3,Tubo redondo
PA30M49,PA30,familia_mae_corrobora_designacao,2,2,TRAVESSAS E DIAGONAIS PARA TORRES TRIANGULARES PA30M 30M/25M/15M (4UN),48.3x3,Tubo redondo
PA30M5,PA30,familia_mae_corrobora_designacao,1,1,MONTANTES PARA TORRES TRIANGULARES PA30M 30M/25M/15M (4UN),168.3x8,Tubo redondo
PA30M55,PA30,familia_mae_corrobora_designacao,1,1,TRAVESSAS E DIAGONAIS PARA TORRES TRIANGULARES PA30M 30M/25M/15M (4UN),48.3x3,Tubo redondo
PA30M56,PA30,familia_mae_corrobora_designacao,1,1,TRAVESSAS E DIAGONAIS PARA TORRES TRIANGULARES PA30M 30M/25M/15M (4UN),76.1x3,Tubo redondo
PA30M57,PA30,familia_mae_corrobora_designacao,1,1,MONTANTES PARA TORRES TRIANGULARES PA30M 30M/25M/15M (4UN),193.7x8,Tubo redondo
PA30M65,PA30,familia_mae_corrobora_designacao,4,4,2UN PA30MV10 - DQ54-118,48.3x3,Tubo redondo
PA30M66,PA30,familia_mae_corrobora_designacao,3,3,DIAGONAIS E TRAVESSAS - DQ54-176,48.3x3,Tubo redondo
PA30M67,PA30,familia_mae_corrobora_designacao,2,2,TRAVESSAS E DIAGONAIS PARA TORRES TRIANGULARES PA30M 30M/25M/15M (4UN),48.3x3,Tubo redondo
PA30M68,PA30,familia_mae_corrobora_designacao,2,2,DIAGONAIS E TRAVESSAS - DQ54-176,48.3x3,Tubo redondo
PA30M69,PA30,familia_mae_corrobora_designacao,2,2,TRAVESSAS E DIAGONAIS PARA TORRES TRIANGULARES PA30M 30M/25M/15M (4UN),48.3x3,Tubo redondo
PA30M70,PA30,familia_mae_corrobora_designacao,1,1,TRAVESSAS E DIAGONAIS PARA TORRES TRIANGULARES PA30M 30M/25M/15M (4UN),48.3x3,Tubo redondo
PA30M71,PA30,familia_mae_corrobora_designacao,1,1,TRAVESSAS E DIAGONAIS PARA TORRES TRIANGULARES PA30M 30M/25M/15M (4UN),48.3x3,Tubo redondo
PA30M72,PA30,familia_mae_corrobora_designacao,1,1,TRAVESSAS E DIAGONAIS PARA TORRES TRIANGULARES PA30M 30M/25M/15M (4UN),48.3x3,Tubo redondo
PA30M73,PA30,familia_mae_corrobora_designacao,2,2,TRAVESSAS E DIAGONAIS PARA TORRES TRIANGULARES PA30M 30M/25M/15M (4UN),48.3x3,Tubo redondo
PA30M913,PA30,familia_mae_corrobora_designacao,1,1,CÉRCEAS + GABARIT'S PARA TORRES TRIANGULARES PA30M 30M/25M/15M (4UN),UPN80x45,Perfil U
PA30M914,PA30,familia_mae_corrobora_designacao,1,1,CÉRCEAS + GABARIT'S PARA TORRES TRIANGULARES PA30M 30M/25M/15M (4UN),UPN80x45,Perfil U
PA3117A4814,PA3117,letras_numero_letras_numero,4,4,VÁRIAS PEÇAS,10.6,Varão redondo
PA3117A4836,PA3117,letras_numero_letras_numero,1,1,ESTRIBOS E UPN GABARIT,10.6,Varão redondo
PA31M1,PA31,familia_mae_corrobora_designacao,2,2,MONTANTES TORRE PA31M 15M + 18M - 2UN,88.9x3,Tubo redondo
PA31M1034,PA31,familia_mae_corrobora_designacao,1,1,GABARIT + CÉRCEA PARA TORRE PA3SV-24/30M/36M/42M,UPN80x45,Perfil U
PA31M1043,PA31,familia_mae_corrobora_designacao,2,2,MONTANTES TORRE PA31M 15M + 18M - 2UN,193.7x6,Tubo redondo
PA31M1046,PA31,familia_mae_corrobora_designacao,1,1,PA31M 15M + 18M - CHUMB. + GABARITS,UPN80x45,Perfil U
PA31M105,PA31,familia_mae_corrobora_designacao,2,2,TRAVESSAS E DIAGONAIS TORRE PA31M 15M + 18M - 2UN,76.1x3,Tubo redondo
PA31M109,PA31,familia_mae_corrobora_designacao,2,2,TRAVESSAS E DIAGONAIS TORRE PA31M 15M + 18M - 2UN,48.3x3,Tubo redondo
PA31M16,PA31,familia_mae_corrobora_designacao,2,2,MONTANTES TORRE PA31M 15M + 18M - 2UN,177.8x5,Tubo redondo
PA31M18,PA31,familia_mae_corrobora_designacao,2,2,TRAVESSAS E DIAGONAIS TORRE PA31M 15M + 18M - 2UN,60.3x3,Tubo redondo
PA31M19,PA31,familia_mae_corrobora_designacao,2,2,TRAVESSAS E DIAGONAIS TORRE PA31M 15M + 18M - 2UN,60.3x3,Tubo redondo
PA31M2,PA31,familia_mae_corrobora_designacao,2,2,MONTANTES TORRE PA31M 15M + 18M - 2UN,139.7x4,Tubo redondo
PA31M20,PA31,familia_mae_corrobora_designacao,2,2,TRAVESSAS E DIAGONAIS TORRE PA31M 15M + 18M - 2UN,76.1x3,Tubo redondo
PA31M21,PA31,familia_mae_corrobora_designacao,2,2,TRAVESSAS E DIAGONAIS TORRE PA31M 15M + 18M - 2UN,76.1x3,Tubo redondo
PA31M22,PA31,familia_mae_corrobora_designacao,2,2,TRAVESSAS E DIAGONAIS TORRE PA31M 15M + 18M - 2UN,76.1x3,Tubo redondo
PA31M23,PA31,familia_mae_corrobora_designacao,2,2,TRAVESSAS E DIAGONAIS TORRE PA31M 15M + 18M - 2UN,76.1x3,Tubo redondo
PA31M24,PA31,familia_mae_corrobora_designacao,2,2,TRAVESSAS E DIAGONAIS TORRE PA31M 15M + 18M - 2UN,76.1x3,Tubo redondo
PA31M3,PA31,familia_mae_corrobora_designacao,2,2,MONTANTES TORRE PA31M 15M + 18M - 2UN,177.8x5,Tubo redondo
PA31M43,PA31,familia_mae_corrobora_designacao,2,2,TRAVESSAS E DIAGONAIS TORRE PA31M 15M + 18M - 2UN,48.3x3,Tubo redondo
PA31M44,PA31,familia_mae_corrobora_designacao,2,2,TRAVESSAS E DIAGONAIS TORRE PA31M 15M + 18M - 2UN,48.3x3,Tubo redondo
PA31M45,PA31,familia_mae_corrobora_designacao,2,2,TRAVESSAS E DIAGONAIS TORRE PA31M 15M + 18M - 2UN,48.3x3,Tubo redondo
PA31M46,PA31,familia_mae_corrobora_designacao,2,2,TRAVESSAS E DIAGONAIS TORRE PA31M 15M + 18M - 2UN,48.3x3,Tubo redondo
PA31M47,PA31,familia_mae_corrobora_designacao,2,2,TRAVESSAS E DIAGONAIS TORRE PA31M 15M + 18M - 2UN,48.3x3,Tubo redondo
PA31M72,PA31,familia_mae_corrobora_designacao,2,2,TRAVESSAS E DIAGONAIS TORRE PA31M 15M + 18M - 2UN,76.1x3,Tubo redondo
PA31M822,PA31,familia_mae_corrobora_designacao,1,1,PICOS ANTI-ESCALAMENTO + ESTRIBOS - FALTAS - DQ62-058,12,Varão redondo
PA31M913,PA31,familia_mae_corrobora_designacao,1,1,GABARIT + CÉRCEA PARA TORRE PA3SV-24/30M/36M/42M,UPN80x45,Perfil U
PA31M916,PA31,familia_mae_corrobora_designacao,1,1,PA31M 15M + 18M - CHUMB. + GABARITS,UPN80x45,Perfil U
PA31M918,PA31,familia_mae_corrobora_designacao,1,1,GABARIT + CÉRCEA PARA TORRE PA3SV-24/30M/36M/42M,UPN80x45,Perfil U
PA31MPRR2,PA31,familia_mae_corrobora_designacao,1,1,ACESSÓRIOS P/ TORRE TRIANGULAR 24M TEMPORÁRIA,M10,Varão roscado
PA31MPRTU2,PA31,familia_mae_corrobora_designacao,1,1,ACESSÓRIOS P/ TORRE TRIANGULAR 24M TEMPORÁRIA,60.3x2.9,Tubo redondo
PA35SV35,PA35,letras_numero_letras_numero,1,1,DIAGONAIS P/TORRE PA3SV - 24M(X2)/30M(X3)/36M(X11)/42M(X12),48.3x3,Tubo redondo
PA3A19A4001,PA3,familia_mae_corrobora_designacao,5,3,ACESSÓRIOS PARA TORRES TRIANGULARES PA30M 30M/25M/15M (4UN),76.1x3.2,Tubo redondo
PA3A19A4002,PA3,familia_mae_corrobora_designacao,3,3,ACESSÓRIOS PARA TORRES TRIANGULARES PA30M 30M/25M/15M (4UN),42.4x2.6,Tubo redondo
PA3SV1,PA3,familia_mae_corrobora_designacao,2,2,MONTANTES P/ TORRES 30M/36M/42M (5X CADA ALTURA),88.9x4,Tubo redondo
PA3SV10,PA3,familia_mae_corrobora_designacao,2,2,DIAGONAIS P/TORRE PA3SV - 24M(X2)/30M(X3)/36M(X11)/42M(X12),48.3x3,Tubo redondo
PA3SV11,PA3,familia_mae_corrobora_designacao,2,2,DIAGONAIS E TRAVESSAS MONTANTES P/ TORRES 30M/36M/42M (5X CADA ALTURA),76.1x3,Tubo redondo
PA3SV12,PA3,familia_mae_corrobora_designacao,2,2,DIAGONAIS E TRAVESSAS MONTANTES P/ TORRES 30M/36M/42M (5X CADA ALTURA),48.3x3,Tubo redondo
PA3SV13,PA3,familia_mae_corrobora_designacao,2,2,DIAGONAIS E TRAVESSAS MONTANTES P/ TORRES 30M/36M/42M (5X CADA ALTURA),76.1x3,Tubo redondo
PA3SV14,PA3,familia_mae_corrobora_designacao,2,2,DIAGONAIS E TRAVESSAS MONTANTES P/ TORRES 30M/36M/42M (5X CADA ALTURA),48.3x3,Tubo redondo
PA3SV15,PA3,familia_mae_corrobora_designacao,2,2,MONTANTES P/ TORRES 30M/36M/42M (5X CADA ALTURA),193.7x6,Tubo redondo
PA3SV17,PA3,familia_mae_corrobora_designacao,2,2,DIAGONAIS E TRAVESSAS MONTANTES P/ TORRES 30M/36M/42M (5X CADA ALTURA),48.3x3,Tubo redondo
PA3SV18,PA3,familia_mae_corrobora_designacao,2,2,DIAGONAIS E TRAVESSAS MONTANTES P/ TORRES 30M/36M/42M (5X CADA ALTURA),88.9x3,Tubo redondo
PA3SV19,PA3,familia_mae_corrobora_designacao,2,2,DIAGONAIS P/TORRE PA3SV - 24M(X2)/30M(X3)/36M(X11)/42M(X12),48.3x3,Tubo redondo
PA3SV2,PA3,familia_mae_corrobora_designacao,2,2,DIAGONAIS P/TORRE PA3SV - 24M(X2)/30M(X3)/36M(X11)/42M(X12),48.3x3,Tubo redondo
PA3SV20,PA3,familia_mae_corrobora_designacao,2,2,DIAGONAIS E TRAVESSAS MONTANTES P/ TORRES 30M/36M/42M (5X CADA ALTURA),88.9x3,Tubo redondo
PA3SV21,PA3,familia_mae_corrobora_designacao,2,2,DIAGONAIS P/TORRE PA3SV - 24M(X2)/30M(X3)/36M(X11)/42M(X12),48.3x3,Tubo redondo
PA3SV22,PA3,familia_mae_corrobora_designacao,2,2,MONTANTES P/ TORRES 30M/36M/42M (5X CADA ALTURA),193.7x8,Tubo redondo
PA3SV23,PA3,familia_mae_corrobora_designacao,2,2,DIAGONAIS E TRAVESSAS MONTANTES P/ TORRES 30M/36M/42M (5X CADA ALTURA),88.9x3,Tubo redondo
PA3SV24,PA3,familia_mae_corrobora_designacao,2,2,DIAGONAIS E TRAVESSAS MONTANTES P/ TORRES 30M/36M/42M (5X CADA ALTURA),48.3x3,Tubo redondo
PA3SV25,PA3,familia_mae_corrobora_designacao,2,2,DIAGONAIS E TRAVESSAS MONTANTES P/ TORRES 30M/36M/42M (5X CADA ALTURA),88.9x3,Tubo redondo
PA3SV26,PA3,familia_mae_corrobora_designacao,2,2,DIAGONAIS P/TORRE PA3SV - 24M(X2)/30M(X3)/36M(X11)/42M(X12),48.3x3,Tubo redondo
PA3SV27,PA3,familia_mae_corrobora_designacao,2,2,DIAGONAIS E TRAVESSAS MONTANTES P/ TORRES 30M/36M/42M (5X CADA ALTURA),88.9x3,Tubo redondo
PA3SV28,PA3,familia_mae_corrobora_designacao,2,2,DIAGONAIS P/TORRE PA3SV - 24M(X2)/30M(X3)/36M(X11)/42M(X12),48.3x3,Tubo redondo
PA3SV29,PA3,familia_mae_corrobora_designacao,2,2,MONTANTES P/ TORRES 30M/36M/42M (5X CADA ALTURA),193.7x10,Tubo redondo
PA3SV3,PA3,familia_mae_corrobora_designacao,2,2,DIAGONAIS E TRAVESSAS MONTANTES P/ TORRES 30M/36M/42M (5X CADA ALTURA),60.3x3,Tubo redondo
PA3SV30,PA3,familia_mae_corrobora_designacao,2,2,DIAGONAIS E TRAVESSAS MONTANTES P/ TORRES 30M/36M/42M (5X CADA ALTURA),88.9x3,Tubo redondo
PA3SV31,PA3,familia_mae_corrobora_designacao,2,2,DIAGONAIS P/TORRE PA3SV - 24M(X2)/30M(X3)/36M(X11)/42M(X12),48.3x3,Tubo redondo
PA3SV32,PA3,familia_mae_corrobora_designacao,2,2,DIAGONAIS E TRAVESSAS MONTANTES P/ TORRES 30M/36M/42M (5X CADA ALTURA),88.9x3,Tubo redondo
PA3SV33,PA3,familia_mae_corrobora_designacao,2,2,DIAGONAIS P/TORRE PA3SV - 24M(X2)/30M(X3)/36M(X11)/42M(X12),48.3x3,Tubo redondo
PA3SV34,PA3,familia_mae_corrobora_designacao,2,2,DIAGONAIS E TRAVESSAS MONTANTES P/ TORRES 30M/36M/42M (5X CADA ALTURA),88.9x3,Tubo redondo
PA3SV35,PA3,familia_mae_corrobora_designacao,1,1,DIAGONAIS E TRAVESSAS MONTANTES P/ TORRES 30M/36M/42M (5X CADA ALTURA),48.3x3,Tubo redondo
PA3SV36,PA3,familia_mae_corrobora_designacao,1,1,MONTANTES P/TORRE PA3SV - 24M(X2)/30M(X3)/36M(X11)/42M(X12),219.1x10,Tubo redondo
PA3SV37,PA3,familia_mae_corrobora_designacao,2,2,DIAGONAIS E TRAVESSAS MONTANTES P/ TORRES 30M/36M/42M (5X CADA ALTURA),88.9x3,Tubo redondo
PA3SV38,PA3,familia_mae_corrobora_designacao,2,2,DIAGONAIS E TRAVESSAS MONTANTES P/ TORRES 30M/36M/42M (5X CADA ALTURA),48.3x3,Tubo redondo
PA3SV39,PA3,familia_mae_corrobora_designacao,2,2,DIAGONAIS E TRAVESSAS MONTANTES P/ TORRES 30M/36M/42M (5X CADA ALTURA),101.6x3,Tubo redondo
PA3SV4,PA3,familia_mae_corrobora_designacao,2,2,MONTANTES P/ TORRES 30M/36M/42M (5X CADA ALTURA),139.7x4,Tubo redondo
PA3SV40,PA3,familia_mae_corrobora_designacao,2,2,DIAGONAIS P/TORRE PA3SV - 24M(X2)/30M(X3)/36M(X11)/42M(X12),48.3x3,Tubo redondo
PA3SV41,PA3,familia_mae_corrobora_designacao,2,2,DIAGONAIS E TRAVESSAS MONTANTES P/ TORRES 30M/36M/42M (5X CADA ALTURA),101.6x3,Tubo redondo
PA3SV42,PA3,familia_mae_corrobora_designacao,2,2,DIAGONAIS E TRAVESSAS MONTANTES P/ TORRES 30M/36M/42M (5X CADA ALTURA),48.3x3,Tubo redondo
PA3SV43,PA3,familia_mae_corrobora_designacao,2,2,DIAGONAIS E TRAVESSAS MONTANTES P/ TORRES 30M/36M/42M (5X CADA ALTURA),88.9x3,Tubo redondo
PA3SV44,PA3,familia_mae_corrobora_designacao,2,2,DIAGONAIS P/TORRE PA3SV - 24M(X2)/30M(X3)/36M(X11)/42M(X12),48.3x3,Tubo redondo
PA3SV45,PA3,familia_mae_corrobora_designacao,2,2,MONTANTES P/ TORRES 30M/36M/42M (5X CADA ALTURA),219.1x10,Tubo redondo
PA3SV46,PA3,familia_mae_corrobora_designacao,2,2,MONTANTES P/ TORRES 30M/36M/42M (5X CADA ALTURA),244.5x10,Tubo redondo
PA3SV47,PA3,familia_mae_corrobora_designacao,2,2,DIAGONAIS E TRAVESSAS MONTANTES P/ TORRES 30M/36M/42M (5X CADA ALTURA),101.6x3,Tubo redondo
PA3SV48,PA3,familia_mae_corrobora_designacao,2,2,DIAGONAIS E TRAVESSAS MONTANTES P/ TORRES 30M/36M/42M (5X CADA ALTURA),88.9x3,Tubo redondo
PA3SV49,PA3,familia_mae_corrobora_designacao,2,2,MONTANTES P/ TORRES 30M/36M/42M (5X CADA ALTURA),193.7x10,Tubo redondo
PA3SV5,PA3,familia_mae_corrobora_designacao,2,2,DIAGONAIS E TRAVESSAS MONTANTES P/ TORRES 30M/36M/42M (5X CADA ALTURA),60.3x3,Tubo redondo
PA3SV50,PA3,familia_mae_corrobora_designacao,1,1,MONTANTES P/TORRE PA3SV - 24M(X2)/30M(X3)/36M(X11)/42M(X12),193.7x6,Tubo redondo
PA3SV51,PA3,familia_mae_corrobora_designacao,1,1,GABARIT + CÉRCEA PARA TORRE PA3SV-24/30M/36M/42M,UPN80x45,Perfil U
PA3SV6,PA3,familia_mae_corrobora_designacao,2,2,DIAGONAIS P/TORRE PA3SV - 24M(X2)/30M(X3)/36M(X11)/42M(X12),48.3x3,Tubo redondo
PA3SV7,PA3,familia_mae_corrobora_designacao,2,2,DIAGONAIS E TRAVESSAS MONTANTES P/ TORRES 30M/36M/42M (5X CADA ALTURA),76.1x3,Tubo redondo
PA3SV702,PA3,familia_mae_corrobora_designacao,1,1,ACESSÓRIOS P/TORRE PA3SV - 24M(X2)/30M(X3)/36M(X11)/42M(X12) E PA5SV - 48M(X2),40x22x2.3,Calha
PA3SV8,PA3,familia_mae_corrobora_designacao,2,2,MONTANTES P/ TORRES 30M/36M/42M (5X CADA ALTURA),177.8x5,Tubo redondo
PA3SV9,PA3,familia_mae_corrobora_designacao,2,2,DIAGONAIS E TRAVESSAS MONTANTES P/ TORRES 30M/36M/42M (5X CADA ALTURA),76.1x3,Tubo redondo
PA3SVSE4,PA3,familia_mae_corrobora_designacao,2,2,ACESSÓRIOS P/ TORRES 30M/36M/42M (5X CADA ALTURA),16,Varão redondo
PA51P10,PA51,familia_mae_corrobora_designacao,1,1,FALTAS INTERNAS - DQ62-030,101.6x4,Tubo redondo
PA51P203,PA51,familia_mae_corrobora_designacao,1,1,RECLAMAÇÃO - DQ54-161 - VARANDIM - REF. PA51PVAR4,48.3x2,Tubo redondo
PA51P204,PA51,familia_mae_corrobora_designacao,1,1,RECLAMAÇÃO - DQ54-161 - VARANDIM - REF. PA51PVAR4,48.3x2,Tubo redondo
PA51P205,PA51,familia_mae_corrobora_designacao,1,1,RECLAMAÇÃO - DQ54-161 - VARANDIM - REF. PA51PVAR4,48.3x2,Tubo redondo
PA51P206,PA51,familia_mae_corrobora_designacao,1,1,RECLAMAÇÃO - DQ54-161 - VARANDIM - REF. PA51PVAR4,48.3x2,Tubo redondo
PA51P207,PA51,familia_mae_corrobora_designacao,1,1,RECLAMAÇÃO - DQ54-161 - VARANDIM - REF. PA51PVAR4,48.3x2,Tubo redondo
PA51P208,PA51,familia_mae_corrobora_designacao,1,1,RECLAMAÇÃO - DQ54-161 - VARANDIM - REF. PA51PVAR4,48.3x2,Tubo redondo
PA51P209,PA51,familia_mae_corrobora_designacao,1,1,RECLAMAÇÃO - DQ54-161 - VARANDIM - REF. PA51PVAR4,48.3x2,Tubo redondo
PA51P4,PA51,familia_mae_corrobora_designacao,1,1,2UN PA51PD2 (VERMELHO),76.1x3,Tubo redondo
PA51P8,PA51,familia_mae_corrobora_designacao,1,1,FALTAS INTERNAS - DQ62-030,76.1x3,Tubo redondo
PA54R57,PA54,letras_numero_letras_numero,1,1,FALTAS INTERNAS - DQ62-030,48.3x3,Tubo redondo
PA54R97,PA54,letras_numero_letras_numero,1,1,FALTAS INTERNAS - DQ62-030,101.6x3,Tubo redondo
PA54R98,PA54,letras_numero_letras_numero,1,1,FALTAS INTERNAS - DQ62-030,101.6x3,Tubo redondo
PA54RG3,PA54,letras_numero_letras_numero,1,1,CÉRCEAS E GABARIT PARA TORRE TRIANGULAR 40M MOD.PA54R - (1UN),UPN80x45,Perfil U
PA5SV1,PA5,familia_mae_corrobora_designacao,1,1,GABARIT + CÉRCEA PARA TORRE PA5SV-48M (2UN),UPN80x45,Perfil U
PA5SV10,PA5,familia_mae_corrobora_designacao,1,1,DIAGONAIS P/TORRE PA5SV - 48M(X2),76.1x3,Tubo redondo
PA5SV11,PA5,familia_mae_corrobora_designacao,1,1,DIAGONAIS P/TORRE PA5SV - 48M(X2),76.1x3,Tubo redondo
PA5SV12,PA5,familia_mae_corrobora_designacao,1,1,MONTANTES P/TORRE PA5SV - 48M(X2),177.8x8,Tubo redondo
PA5SV14,PA5,familia_mae_corrobora_designacao,1,1,DIAGONAIS P/TORRE PA5SV - 48M(X2),48.3x3,Tubo redondo
PA5SV15,PA5,familia_mae_corrobora_designacao,1,1,DIAGONAIS P/TORRE PA5SV - 48M(X2),88.9x4,Tubo redondo
PA5SV16,PA5,familia_mae_corrobora_designacao,1,1,DIAGONAIS P/TORRE PA5SV - 48M(X2),48.3x3,Tubo redondo
PA5SV17,PA5,familia_mae_corrobora_designacao,1,1,DIAGONAIS P/TORRE PA5SV - 48M(X2),88.9x4,Tubo redondo
PA5SV19,PA5,familia_mae_corrobora_designacao,1,1,DIAGONAIS P/TORRE PA5SV - 48M(X2),48.3x3,Tubo redondo
PA5SV2,PA5,familia_mae_corrobora_designacao,1,1,MONTANTES P/TORRE PA5SV - 48M(X2),101.6x4,Tubo redondo
PA5SV20,PA5,familia_mae_corrobora_designacao,1,1,DIAGONAIS P/TORRE PA5SV - 48M(X2),88.9x4,Tubo redondo
PA5SV21,PA5,familia_mae_corrobora_designacao,1,1,MONTANTES P/TORRE PA5SV - 48M(X2),219.1x8,Tubo redondo
PA5SV22,PA5,familia_mae_corrobora_designacao,1,1,DIAGONAIS P/TORRE PA5SV - 48M(X2),48.3x3,Tubo redondo
PA5SV23,PA5,familia_mae_corrobora_designacao,1,1,DIAGONAIS P/TORRE PA5SV - 48M(X2),88.9x4,Tubo redondo
PA5SV25,PA5,familia_mae_corrobora_designacao,1,1,DIAGONAIS P/TORRE PA5SV - 48M(X2),48.3x3,Tubo redondo
PA5SV26,PA5,familia_mae_corrobora_designacao,1,1,DIAGONAIS P/TORRE PA5SV - 48M(X2),88.9x4,Tubo redondo
PA5SV27,PA5,familia_mae_corrobora_designacao,1,1,DIAGONAIS P/TORRE PA5SV - 48M(X2),48.3x3,Tubo redondo
PA5SV28,PA5,familia_mae_corrobora_designacao,1,1,DIAGONAIS P/TORRE PA5SV - 48M(X2),88.9x4,Tubo redondo
PA5SV29,PA5,familia_mae_corrobora_designacao,1,1,MONTANTES P/TORRE PA5SV - 48M(X2),219.1x10,Tubo redondo
PA5SV31,PA5,familia_mae_corrobora_designacao,1,1,DIAGONAIS P/TORRE PA5SV - 48M(X2),48.3x3,Tubo redondo
PA5SV32,PA5,familia_mae_corrobora_designacao,1,1,DIAGONAIS P/TORRE PA5SV - 48M(X2),88.9x4,Tubo redondo
PA5SV33,PA5,familia_mae_corrobora_designacao,1,1,DIAGONAIS P/TORRE PA5SV - 48M(X2),48.3x3,Tubo redondo
PA5SV34,PA5,familia_mae_corrobora_designacao,1,1,DIAGONAIS P/TORRE PA5SV - 48M(X2),88.9x4,Tubo redondo
PA5SV36,PA5,familia_mae_corrobora_designacao,1,1,DIAGONAIS P/TORRE PA5SV - 48M(X2),48.3x3,Tubo redondo
PA5SV37,PA5,familia_mae_corrobora_designacao,1,1,DIAGONAIS P/TORRE PA5SV - 48M(X2),88.9x4,Tubo redondo
PA5SV38,PA5,familia_mae_corrobora_designacao,1,1,MONTANTES P/TORRE PA5SV - 48M(X2),244.5x10,Tubo redondo
PA5SV39,PA5,familia_mae_corrobora_designacao,1,1,DIAGONAIS P/TORRE PA5SV - 48M(X2),48.3x3,Tubo redondo
PA5SV4,PA5,familia_mae_corrobora_designacao,1,1,DIAGONAIS P/TORRE PA5SV - 48M(X2),76.1x3,Tubo redondo
PA5SV40,PA5,familia_mae_corrobora_designacao,1,1,DIAGONAIS P/TORRE PA5SV - 48M(X2),101.6x3,Tubo redondo
PA5SV41,PA5,familia_mae_corrobora_designacao,1,1,DIAGONAIS P/TORRE PA5SV - 48M(X2),48.3x3,Tubo redondo
PA5SV42,PA5,familia_mae_corrobora_designacao,1,1,DIAGONAIS P/TORRE PA5SV - 48M(X2),101.6x3,Tubo redondo
PA5SV43,PA5,familia_mae_corrobora_designacao,1,1,DIAGONAIS P/TORRE PA5SV - 48M(X2),48.3x3,Tubo redondo
PA5SV44,PA5,familia_mae_corrobora_designacao,1,1,DIAGONAIS P/TORRE PA5SV - 48M(X2),101.6x3,Tubo redondo
PA5SV45,PA5,familia_mae_corrobora_designacao,1,1,MONTANTES P/TORRE PA5SV - 48M(X2),244.5x12,Tubo redondo
PA5SV46,PA5,familia_mae_corrobora_designacao,1,1,DIAGONAIS P/TORRE PA5SV - 48M(X2),48.3x3,Tubo redondo
PA5SV47,PA5,familia_mae_corrobora_designacao,1,1,DIAGONAIS P/TORRE PA5SV - 48M(X2),101.6x3,Tubo redondo
PA5SV48,PA5,familia_mae_corrobora_designacao,1,1,DIAGONAIS P/TORRE PA5SV - 48M(X2),48.3x3,Tubo redondo
PA5SV49,PA5,familia_mae_corrobora_designacao,1,1,DIAGONAIS P/TORRE PA5SV - 48M(X2),101.6x3,Tubo redondo
PA5SV5,PA5,familia_mae_corrobora_designacao,1,1,DIAGONAIS P/TORRE PA5SV - 48M(X2),48.3x3,Tubo redondo
PA5SV50,PA5,familia_mae_corrobora_designacao,1,1,DIAGONAIS P/TORRE PA5SV - 48M(X2),48.3x3,Tubo redondo
PA5SV51,PA5,familia_mae_corrobora_designacao,1,1,DIAGONAIS P/TORRE PA5SV - 48M(X2),101.6x3,Tubo redondo
PA5SV52,PA5,familia_mae_corrobora_designacao,1,1,DIAGONAIS P/TORRE PA5SV - 48M(X2),48.3x3,Tubo redondo
PA5SV53,PA5,familia_mae_corrobora_designacao,1,1,MONTANTES P/TORRE PA5SV - 48M(X2),273x10,Tubo redondo
PA5SV54,PA5,familia_mae_corrobora_designacao,1,1,DIAGONAIS P/TORRE PA5SV - 48M(X2),101.6x3,Tubo redondo
PA5SV55,PA5,familia_mae_corrobora_designacao,1,1,DIAGONAIS P/TORRE PA5SV - 48M(X2),48.3x3,Tubo redondo
PA5SV56,PA5,familia_mae_corrobora_designacao,1,1,DIAGONAIS P/TORRE PA5SV - 48M(X2),101.6x3,Tubo redondo
PA5SV57,PA5,familia_mae_corrobora_designacao,1,1,DIAGONAIS P/TORRE PA5SV - 48M(X2),48.3x3,Tubo redondo
PA5SV58,PA5,familia_mae_corrobora_designacao,1,1,DIAGONAIS P/TORRE PA5SV - 48M(X2),101.6x3,Tubo redondo
PA5SV59,PA5,familia_mae_corrobora_designacao,1,1,MONTANTES P/TORRE PA5SV - 48M(X2),323.9x10,Tubo redondo
PA5SV6,PA5,familia_mae_corrobora_designacao,1,1,DIAGONAIS P/TORRE PA5SV - 48M(X2),76.1x3,Tubo redondo
PA5SV7,PA5,familia_mae_corrobora_designacao,1,1,MONTANTES P/TORRE PA5SV - 48M(X2),159x5,Tubo redondo
PA5SV9,PA5,familia_mae_corrobora_designacao,1,1,DIAGONAIS P/TORRE PA5SV - 48M(X2),48.3x3,Tubo redondo
PA5SVSE10,PA5,familia_mae_corrobora_designacao,1,1,ACESSÓRIOS P/TORRE PA3SV - 24M(X2)/30M(X3)/36M(X11)/42M(X12) E PA5SV - 48M(X2),14.5,Varão redondo
PA6319A4127,PA6319,letras_numero_letras_numero,1,1,ACESSÓRIOS TORRES TUBULARES 30M (1X) E 40M (1X) - MOD. CA43M E CA52M,48.3x3.2,Tubo redondo
PENAS4,PENAS,prefixo_alfabetico,1,1,= POSTE P4000 =,20,Varão redondo
PERNO,,sem_padrao,1,1,GUARDA CORPOS PEÕES,M12,Varão roscado
PLTVR1,PLTVR,prefixo_alfabetico,2,2,GABARIT + CÉRCEA PARA TORRE PA3SV-24/30M/36M/42M,12,Varão redondo
PLTVR2,PLTVR,prefixo_alfabetico,1,1,ACESSÓRIOS - DQ54-176,12,Varão redondo
PLT_VR1,,sem_padrao,9,9,CÉRCEAS + GABARIT'S PARA TORRES TRIANGULARES PA30M 30M/25M/15M (4UN),12,Varão redondo
PLT_VR2,,sem_padrao,5,4,ACESSÓRIOS PARA TORRES TRIANGULARES PA30M 30M/25M/15M (4UN),12,Varão redondo
POS1.1,POS,prefixo_alfabetico,1,1,STATNETT | TRANSFORMER GANTRY | ESTRUTURA PRINCIPAL| EP2593,400x200x16,Tubo retangular
POS10,POS,prefixo_alfabetico,1,1,STATNETT | TRANSFORMER GANTRY | ACESSÓRIOS,40x40x3.2,Tubo quadrado
POS19.3,POS,prefixo_alfabetico,1,1,STATNETT | TRANSFORMER GANTRY | ACESSÓRIOS,27,Varão redondo
POS2.1,POS,prefixo_alfabetico,1,1,STATNETT | TRANSFORMER GANTRY | ESTRUTURA PRINCIPAL| EP2593,400x400x12.5,Tubo quadrado
POS2.2,POS,prefixo_alfabetico,1,1,STATNETT | TRANSFORMER GANTRY | ESTRUTURA PRINCIPAL| EP2593,300x300x12.5,Tubo quadrado
POS2.4,POS,prefixo_alfabetico,1,1,STATNETT | TRANSFORMER GANTRY | ESTRUTURA PRINCIPAL| EP2593,400x200x16,Tubo retangular
POS3.1,POS,prefixo_alfabetico,1,1,STATNETT | TRANSFORMER GANTRY | ESTRUTURA PRINCIPAL| EP2593,400x400x12.5,Tubo quadrado
POS4.1,POS,prefixo_alfabetico,1,1,STATNETT | TRANSFORMER GANTRY | ESTRUTURA PRINCIPAL| EP2593,400x400x12.5,Tubo quadrado
POS5.1,POS,prefixo_alfabetico,1,1,STATNETT | TRANSFORMER GANTRY | ESTRUTURA PRINCIPAL| EP2593,300x300x12.5,Tubo quadrado
PR-701,PR,prefixo_alfabetico,1,1,LINJEMONTAGE | SS-420-G3 | DQ61-55,500x300x10,Tubo retangular
PR-706,PR,prefixo_alfabetico,1,1,LINJEMONTAGE | SS-420-G3 | DQ61-55,20,Varão redondo
PR13,PR,prefixo_alfabetico,1,1,ETF | AFNT E5+E7 | 2ªPRIORIDADE = 80X,HEM320M,Perfil H
PR3,PR,prefixo_alfabetico,3,3,ETF | AFNT E5+E7 | 2ªPRIORIDADE = 80X,80,Varão redondo
PR4,PR,prefixo_alfabetico,3,3,ETF | AFNT E5+E7 | 1ªPRIORIDADE = 52X,HEB320B,Perfil H
PR400,PR,prefixo_alfabetico,1,1,LINJEMONTAGE | 420KV | ESTRUTURAS | SS-420 | 01 | 02 | 03 | 06A | 06B | 08A | 08B,273x6.3,Tubo redondo
PR401,PR,prefixo_alfabetico,1,1,LINJEMONTAGE | 420KV + 245KV | ESTRUTURAS | SS-420-03 +  SS-420-09 + E-SS-245-01,273x6.3,Tubo redondo
PR403,PR,prefixo_alfabetico,1,1,LINJEMONTAGE | 420KV | ESTRUTURAS | SS-420 | 01 | 02 | 03 | 06A | 06B | 08A | 08B,273x6.3,Tubo redondo
PR404,PR,prefixo_alfabetico,1,1,LINJEMONTAGE | 420KV | ESTRUTURAS | SS-420 | 01 | 02 | 03 | 06A | 06B | 08A | 08B,114.3x6.3,Tubo redondo
PR405,PR,prefixo_alfabetico,2,2,LINJEMONTAGE | 420KV | ESTRUTURAS | SS-420 | 01 | 02 | 03 | 06A | 06B | 08A | 08B,273x6.3,Tubo redondo
PR406,PR,prefixo_alfabetico,1,1,LINJEMONTAGE | 420KV | ESTRUTURAS | SS-420 | 01 | 02 | 03 | 06A | 06B | 08A | 08B,200x200x6,Tubo quadrado
PR407,PR,prefixo_alfabetico,1,1,LINJEMONTAGE | 420KV | ESTRUTURAS | SS-420 | 01 | 02 | 03 | 06A | 06B | 08A | 08B,273x10,Tubo redondo
PR408,PR,prefixo_alfabetico,1,1,LINJEMONTAGE | 420KV | ESTRUTURAS | SS-420 | 01 | 02 | 03 | 06A | 06B | 08A | 08B,114.3x6.3,Tubo redondo
PR409,PR,prefixo_alfabetico,1,1,LINJEMONTAGE | 420KV | ESTRUTURAS | SS-420 | 01 | 02 | 03 | 06A | 06B | 08A | 08B,20,Varão redondo
PR412,PR,prefixo_alfabetico,1,1,LINJEMONTAGE | 420KV + 245KV | ESTRUTURAS | SS-420-03 +  SS-420-09 + E-SS-245-01,273x6.3,Tubo redondo
PR440,PR,prefixo_alfabetico,1,1,LINJEMONTAGE | 420KV | ESTRUTURAS | SS-420 | 01 | 02 | 03 | 06A | 06B | 08A | 08B,273x6.3,Tubo redondo
PR5,PR,prefixo_alfabetico,3,3,ETF | AFNT E5+E7 | 1ªPRIORIDADE = 52X,HEB320B,Perfil H
PR7,PR,prefixo_alfabetico,1,1,ETF | AFNT E5+E7 | 2ªPRIORIDADE = 80X,HEB260B,Perfil H
PR8,PR,prefixo_alfabetico,3,3,ETF | AFNT E5+E7 | 1ªPRIORIDADE = 52X,HEB320B,Perfil H
PR9,PR,prefixo_alfabetico,3,3,ETF | AFNT E5+E7 | 1ªPRIORIDADE = 52X,HEB320B,Perfil H
PRR2,PRR,prefixo_alfabetico,1,1,ACESSÓRIOS - DQ54-176,M10,Varão roscado
PRTU1,PRTU,prefixo_alfabetico,1,1,ACESSÓRIOS - DQ54-176,48.3x2.9,Tubo redondo
PRTU2,PRTU,prefixo_alfabetico,1,1,ACESSÓRIOS - DQ54-176,60.3x2.9,Tubo redondo
PR_R2,,sem_padrao,5,5,ACESSÓRIOS TORRE PA31M 15M + 18M - 2UN,M10,Varão roscado
PR_TU1,,sem_padrao,4,4,ACESSÓRIOS PARA TORRES TRIANGULARES PA30M 30M/25M/15M (4UN),48.3x2.9,Tubo redondo
PR_TU2,,sem_padrao,5,5,ACESSÓRIOS TORRE PA31M 15M + 18M - 2UN,60.3x2.9,Tubo redondo
R6,R,prefixo_alfabetico,1,1,GANCHOS INTERCALARES (20UN),35,Varão redondo
RENP5B,RENP,prefixo_alfabetico,1,1,= SUPORTE LOGOTIPO REN =,10,Varão redondo
S113631,S,prefixo_alfabetico,1,1,"= PERNA POSTE 65 =_x000D_
= TENNET A390 =",200x200x26,Cantoneira
S113632,S,prefixo_alfabetico,1,1,"= PERNA POSTE 65 =_x000D_
= TENNET A390 =",200x200x26,Cantoneira
S113633,S,prefixo_alfabetico,1,1,"= PERNA POSTE 65 =_x000D_
= TENNET A390 =",200x200x26,Cantoneira
S113634,S,prefixo_alfabetico,1,1,"= PERNA POSTE 65 =_x000D_
= TENNET A390 =",200x200x26,Cantoneira
SBUM27X9539,SBUM27,letras_numero_letras_numero,1,1,LINJEMONTAGE | SUBS | 420KV_LOW STRUCTURES_GANTRIES,27,Varão redondo
SC211,SC,prefixo_alfabetico,1,1,LINJEMONTAGE | SUBS | 420KV_LOW STRUCTURES_GANTRIES,219.1x8,Tubo redondo
SC271,SC,prefixo_alfabetico,1,1,LINJEMONTAGE | SUBS | 420KV_LOW STRUCTURES_GANTRIES,273x8,Tubo redondo
SC272,SC,prefixo_alfabetico,1,1,LINJEMONTAGE | SUBS | 420KV_LOW STRUCTURES_GANTRIES,273x8,Tubo redondo
SC273,SC,prefixo_alfabetico,1,1,LINJEMONTAGE | SUBS | 420KV_LOW STRUCTURES_GANTRIES,273x8,Tubo redondo
SC274,SC,prefixo_alfabetico,1,1,LINJEMONTAGE | SUBS | 420KV_LOW STRUCTURES_GANTRIES,273x8,Tubo redondo
SC275,SC,prefixo_alfabetico,1,1,LINJEMONTAGE | SUBS | 420KV_LOW STRUCTURES_GANTRIES,273x8,Tubo redondo
SC276,SC,prefixo_alfabetico,1,1,LINJEMONTAGE | SUBS | 420KV_LOW STRUCTURES_GANTRIES,273x12.5,Tubo redondo
SNU16000,SNU,prefixo_alfabetico,1,1,CLASSE: EXC3 = STATNETT | POSTE: BM150 | REFORÇO,UPN160x65,Perfil U
SNU20000,SNU,prefixo_alfabetico,1,1,CLASSE: EXC3 = STATNETT | POSTE: BM150 | REFORÇO,UPN200x75,Perfil U
SNU20001,SNU,prefixo_alfabetico,1,1,CLASSE: EXC3 = STATNETT | POSTE: BM150 | REFORÇO,UPN200x75,Perfil U
SNU20002,SNU,prefixo_alfabetico,1,1,CLASSE: EXC3 = STATNETT | POSTE: BM150 | REFORÇO,UPN200x75,Perfil U
SU201,SU,prefixo_alfabetico,1,1,LINJEMONTAGE | SUBS | 420KV_LOW STRUCTURES_GANTRIES,UPE200,Perfil U
SU202,SU,prefixo_alfabetico,1,1,LINJEMONTAGE | SUBS | 420KV_LOW STRUCTURES_GANTRIES,UPE200,Perfil U
T012101,T,prefixo_alfabetico,2,2,TENNET | A390 | MAST 65,250x250x28,Cantoneira
T012102,T,prefixo_alfabetico,2,2,TENNET | A390 | MAST 65,250x250x28,Cantoneira
T012167,T,prefixo_alfabetico,2,2,TENNET | A390 | MAST 65,UPN120x55,Perfil U
T012168,T,prefixo_alfabetico,2,2,TENNET | A390 | MAST 65,UPN120x55,Perfil U
T012169,T,prefixo_alfabetico,2,2,TENNET | A390 | MAST 65,UPN120x55,Perfil U
T012276,T,prefixo_alfabetico,2,2,TENNET | A390 | MAST 65,UPN120x55,Perfil U
T012277,T,prefixo_alfabetico,2,2,TENNET | A390 | MAST 65,UPN120x55,Perfil U
T012278,T,prefixo_alfabetico,2,2,TENNET | A390 | MAST 65,UPN120x55,Perfil U
T012279,T,prefixo_alfabetico,2,2,TENNET | A390 | MAST 65,UPN120x55,Perfil U
T012280,T,prefixo_alfabetico,2,2,TENNET | A390 | MAST 65,UPN120x55,Perfil U
T014103,T,prefixo_alfabetico,1,1,TENNET | A390 | MAST 65,300x300x35,Cantoneira
T100301,T,prefixo_alfabetico,1,1,TENNET | A390 | MAST 65,250x250x28,Cantoneira
T100302,T,prefixo_alfabetico,1,1,TENNET | A390 | MAST 65,250x250x28,Cantoneira
T111401,T,prefixo_alfabetico,1,1,TENNET | A390 | MAST 65,200x200x26,Cantoneira
T111402,T,prefixo_alfabetico,1,1,TENNET | A390 | MAST 65,200x200x26,Cantoneira
T111403,T,prefixo_alfabetico,1,1,TENNET | A390 | MAST 65,200x200x26,Cantoneira
T111404,T,prefixo_alfabetico,1,1,TENNET | A390 | MAST 65,200x200x26,Cantoneira
T111405,T,prefixo_alfabetico,1,1,TENNET | A390 | MAST 65,200x200x26,Cantoneira
T112503,T,prefixo_alfabetico,1,1,TENNET | A390 | MAST 65,200x200x26,Cantoneira
T112504,T,prefixo_alfabetico,1,1,TENNET | A390 | MAST 65,200x200x26,Cantoneira
T329801,T,prefixo_alfabetico,1,1,"= TENNET A390 = PERNAS POSTE 91 = _x000D_
= EP2664 =",250x250x35,Cantoneira
T329802,T,prefixo_alfabetico,1,1,"= TENNET A390 = PERNAS POSTE 91 = _x000D_
= EP2664 =",250x250x35,Cantoneira
T329803,T,prefixo_alfabetico,1,1,"= TENNET A390 = PERNAS POSTE 91 = _x000D_
= EP2664 =",250x250x35,Cantoneira
T329804,T,prefixo_alfabetico,1,1,"= TENNET A390 = PERNAS POSTE 91 = _x000D_
= EP2664 =",250x250x35,Cantoneira
T33411074,T,prefixo_alfabetico,1,1,"= PERNAS ""+1"" POSTE 51 = EP2678 =_x000D_
= TENNET A390 = ADITAMENTO Á OF262186 =",250x250x35,Cantoneira
T337801,T,prefixo_alfabetico,1,1,"= TENNET A390 = TROÇOS POSTE 51 = _x000D_
= EP2659 =",250x250x35,Cantoneira
T337802,T,prefixo_alfabetico,1,1,"= TENNET A390 = TROÇOS POSTE 51 = _x000D_
= EP2659 =",250x250x35,Cantoneira
T337803,T,prefixo_alfabetico,1,1,"= TENNET A390 = TROÇOS POSTE 51 = _x000D_
= EP2659 =",250x250x35,Cantoneira
T337804,T,prefixo_alfabetico,1,1,"= TENNET A390 = TROÇOS POSTE 51 = _x000D_
= EP2659 =",250x250x35,Cantoneira
T338901,T,prefixo_alfabetico,1,1,"= TENNET A390 = TROÇOS POSTE 51 = _x000D_
= EP2659 =",250x250x35,Cantoneira
T338902,T,prefixo_alfabetico,1,1,"= TENNET A390 = TROÇOS POSTE 51 = _x000D_
= EP2659 =",250x250x35,Cantoneira
T338903,T,prefixo_alfabetico,1,1,"= TENNET A390 = TROÇOS POSTE 51 = _x000D_
= EP2659 =",250x250x35,Cantoneira
T338904,T,prefixo_alfabetico,1,1,"= TENNET A390 = TROÇOS POSTE 51 = _x000D_
= EP2659 =",250x250x35,Cantoneira
T3391001,T,prefixo_alfabetico,1,1,"= PERNA POSTE 54 / 76 / 51 = EP2627 =_x000D_
= TENNET A390 =",250x250x35,Cantoneira
T3391002,T,prefixo_alfabetico,1,1,"= PERNA POSTE 54 / 76 / 51 = EP2627 =_x000D_
= TENNET A390 =",250x250x35,Cantoneira
T3391003,T,prefixo_alfabetico,1,1,"= PERNA POSTE 54 / 76 / 51 = EP2627 =_x000D_
= TENNET A390 =",250x250x35,Cantoneira
T3391004,T,prefixo_alfabetico,1,1,"= PERNA POSTE 54 / 76 / 51 = EP2627 =_x000D_
= TENNET A390 =",250x250x35,Cantoneira
T3411071,T,prefixo_alfabetico,1,1,"= PERNAS ""+1"" POSTE 51 = EP2678 =_x000D_
= TENNET A390 = ADITAMENTO Á OF262186 =",250x250x35,Cantoneira
T3411072,T,prefixo_alfabetico,1,1,"= PERNAS ""+1"" POSTE 51 = EP2678 =_x000D_
= TENNET A390 = ADITAMENTO Á OF262186 =",250x250x35,Cantoneira
T3411073,T,prefixo_alfabetico,1,1,"= PERNAS ""+1"" POSTE 51 = EP2678 =_x000D_
= TENNET A390 = ADITAMENTO Á OF262186 =",250x250x35,Cantoneira
T363701,T,prefixo_alfabetico,1,1,"= PERNA POSTE 54 / 76 / 51 = EP2627 =_x000D_
= TENNET A390 =",250x250x26,Cantoneira
T363702,T,prefixo_alfabetico,1,1,"= PERNA POSTE 54 / 76 / 51 = EP2627 =_x000D_
= TENNET A390 =",250x250x26,Cantoneira
T363703,T,prefixo_alfabetico,1,1,"= PERNA POSTE 54 / 76 / 51 = EP2627 =_x000D_
= TENNET A390 =",250x250x26,Cantoneira
T363704,T,prefixo_alfabetico,1,1,"= PERNA POSTE 54 / 76 / 51 = EP2627 =_x000D_
= TENNET A390 =",250x250x26,Cantoneira
T44301,T,prefixo_alfabetico,1,1,"= TENNET A390 = TROÇOS POSTE 51 = _x000D_
= EP2659 =",200x200x26,Cantoneira
T44302,T,prefixo_alfabetico,1,1,"= TENNET A390 = TROÇOS POSTE 51 = _x000D_
= EP2659 =",200x200x26,Cantoneira
T44303,T,prefixo_alfabetico,1,1,"= TENNET A390 = TROÇOS POSTE 51 = _x000D_
= EP2659 =",200x200x26,Cantoneira
T44304,T,prefixo_alfabetico,1,1,"= TENNET A390 = TROÇOS POSTE 51 = _x000D_
= EP2659 =",200x200x26,Cantoneira
T44305,T,prefixo_alfabetico,1,1,"= TENNET A390 = TROÇOS POSTE 51 = _x000D_
= EP2659 =",200x200x26,Cantoneira
T525601,T,prefixo_alfabetico,1,1,"= PERNAS POSTES 64 / 67 = EP2621 =_x000D_
= TENNET A390 =",250x250x26,Cantoneira
T525602,T,prefixo_alfabetico,1,1,"= PERNAS POSTES 64 / 67 = EP2621 =_x000D_
= TENNET A390 =",250x250x26,Cantoneira
T57S601,T57,letras_numero_letras_numero,1,1,"= PERNAS POSTES 64 / 67 = EP2621 =_x000D_
= TENNET A390 =",250x250x26,Cantoneira
T57S602,T57,letras_numero_letras_numero,1,1,"= PERNAS POSTES 64 / 67 = EP2621 =_x000D_
= TENNET A390 =",250x250x26,Cantoneira
T923507,T,prefixo_alfabetico,1,1,TENNET | A042 | MAST 1051 | EP2658,HEB200B,Perfil H
T923508,T,prefixo_alfabetico,1,1,TENNET | A042 | MAST 1051 | EP2658,HEB200B,Perfil H
TA0418A4001,TA0418,letras_numero_letras_numero,13,13,ACESSÓRIOS TORRE TUBULAR 30M - MOD. CA03D,76.1x3.2,Tubo redondo
TAR16114,TAR,prefixo_alfabetico,1,1,CLASSE: EXC3 = STATNETT | POSTE: BM151 | ACESSÓRIOS,16,Varão redondo
TAR20103,TAR,prefixo_alfabetico,1,1,CLASSE: EXC3 = STATNETT | POSTE: BM151 | ACESSÓRIOS,20,Varão redondo
TAR28101,TAR,prefixo_alfabetico,1,1,CLASSE: EXC3 = STATNETT | POSTE: BM151 | ACESSÓRIOS,28,Varão redondo
TAR48103,TAR,prefixo_alfabetico,1,1,CLASSE: EXC3 = STATNETT | POSTE: BM151 | ACESSÓRIOS,48.3x3.2,Tubo redondo
TAR63101,TAR,prefixo_alfabetico,1,1,CLASSE: EXC3 = STATNETT | POSTE: BM151 | ACESSÓRIOS,63x10.5,Tubo redondo
TAU14001,TAU,prefixo_alfabetico,1,1,CLASSE: EXC3 = STATNETT = OV250609 - EP2581 - TENSION TOWER=TA,UPN140x60,Perfil U
TAU14002,TAU,prefixo_alfabetico,1,1,CLASSE: EXC3 = STATNETT = OV250609 - EP2581 - TENSION TOWER=TA,UPN140x60,Perfil U
TAU14201,TAU,prefixo_alfabetico,1,1,CLASSE: EXC3 = STATNETT = OV250609 - EP2581 - TENSION TOWER=TA,UPN140x60,Perfil U
TAU14301,TAU,prefixo_alfabetico,1,1,CLASSE: EXC3 = STATNETT = OV250609 - EP2581 - TENSION TOWER=TA,UPN140x60,Perfil U
TAU14302,TAU,prefixo_alfabetico,1,1,CLASSE: EXC3 = STATNETT = OV250609 - EP2581 - TENSION TOWER=TA,UPN140x60,Perfil U
TAU14601,TAU,prefixo_alfabetico,1,1,CLASSE: EXC3 = STATNETT = OV250609 - EP2581 - TENSION TOWER=TA,UPN140x60,Perfil U
TAU16501,TAU,prefixo_alfabetico,1,1,CLASSE: EXC3 = STATNETT = OV250609 - EP2581 - TENSION TOWER=TA,UPN160x65,Perfil U
TAU16502,TAU,prefixo_alfabetico,1,1,CLASSE: EXC3 = STATNETT = OV250609 - EP2581 - TENSION TOWER=TA,UPN160x65,Perfil U
TAU18301,TAU,prefixo_alfabetico,1,1,CLASSE: EXC3 = STATNETT = OV250609 - EP2581 - TENSION TOWER=TA,UPN180x70,Perfil U
TAU18302,TAU,prefixo_alfabetico,1,1,CLASSE: EXC3 = STATNETT = OV250609 - EP2581 - TENSION TOWER=TA,UPN180x70,Perfil U
TAU20639,TAU,prefixo_alfabetico,1,1,CLASSE: EXC3 = STATNETT = OV250609 - EP2581 - TENSION TOWER=TA,UPN200x75,Perfil U
TAU20640,TAU,prefixo_alfabetico,1,1,CLASSE: EXC3 = STATNETT = OV250609 - EP2581 - TENSION TOWER=TA,UPN200x75,Perfil U
TAU20657,TAU,prefixo_alfabetico,1,1,CLASSE: EXC3 = STATNETT = OV250609 - EP2581 - TENSION TOWER=TA,UPN200x75,Perfil U
TAU20658,TAU,prefixo_alfabetico,1,1,CLASSE: EXC3 = STATNETT = OV250609 - EP2581 - TENSION TOWER=TA,UPN200x75,Perfil U
TAU20867,TAU,prefixo_alfabetico,1,1,CLASSE: EXC3 = STATNETT = OV250609 - EP2581 - TENSION TOWER=TA,UPN200x75,Perfil U
TAU20869,TAU,prefixo_alfabetico,1,1,CLASSE: EXC3 = STATNETT = OV250609 - EP2581 - TENSION TOWER=TA,UPN200x75,Perfil U
TL322-203,TL,prefixo_alfabetico,1,1,"= ESCADAS POSTE 30 / 36 =_x000D_
= TENNET A310 =",225x6,Chapa
TL322-212,TL,prefixo_alfabetico,1,1,"= ESCADAS POSTE 30 / 36 =_x000D_
= TENNET A310 =",UPN280x95,Perfil U
TL323-203,TL,prefixo_alfabetico,1,1,"= ESCADAS POSTE 30 / 36 =_x000D_
= TENNET A310 =",225x6,Chapa
TL323-212,TL,prefixo_alfabetico,1,1,"= ESCADAS POSTE 30 / 36 =_x000D_
= TENNET A310 =",UPN280x95,Perfil U
TL465-101,TL,prefixo_alfabetico,1,1,"= ESCADAS POSTE 30 / 36 =_x000D_
= TENNET A310 =",225x6,Chapa
TL465-102,TL,prefixo_alfabetico,1,1,"= ESCADAS POSTE 30 / 36 =_x000D_
= TENNET A310 =",225x6,Chapa
TU2,TU,prefixo_alfabetico,1,1,GANCHOS INTERCALARES (20UN),60.3x3.25,Tubo redondo
TZ429801,TZ,prefixo_alfabetico,1,1,"= ESCADAS POSTE 113 / 114 / 115 / 119  =_x000D_
= TENNET A310 =",UPN280x95,Perfil U
V078601,V,prefixo_alfabetico,1,1,TENNET | A042 | MAST 1051 | EP2658,250x250x24,Cantoneira
V078602,V,prefixo_alfabetico,1,1,TENNET | A042 | MAST 1051 | EP2658,250x250x24,Cantoneira
V079701,V,prefixo_alfabetico,1,1,TENNET | A042 | MAST 1051 | EP2658,250x250x24,Cantoneira
V079702,V,prefixo_alfabetico,1,1,TENNET | A042 | MAST 1051 | EP2658,250x250x24,Cantoneira
V25PQ,V,prefixo_alfabetico,1,1,PORTÕES RODAS NOVAS,25,Varão redondo
V511801,V,prefixo_alfabetico,1,1,TENNET A042 - PERNA POSTE 1051 | EP2657,250x250x24,Cantoneira
V511802,V,prefixo_alfabetico,1,1,TENNET A042 - PERNA POSTE 1051 | EP2657,250x250x24,Cantoneira
W061631,W,prefixo_alfabetico,1,1,"= TENNET A390 = PERNAS POSTE 87 = _x000D_
= EP2663 =",250x250x35,Cantoneira
W061632,W,prefixo_alfabetico,1,1,"= TENNET A390 = PERNAS POSTE 87 = _x000D_
= EP2663 =",250x250x35,Cantoneira
W061633,W,prefixo_alfabetico,1,1,"= TENNET A390 = PERNAS POSTE 87 = _x000D_
= EP2663 =",250x250x35,Cantoneira
W061634,W,prefixo_alfabetico,1,1,"= TENNET A390 = PERNAS POSTE 87 = _x000D_
= EP2663 =",250x250x35,Cantoneira
W1,W,prefixo_alfabetico,1,1,CALHAS H2 W1B JUNTAS DILATAÇÃO,470x3,Chapa
W2021057,W,prefixo_alfabetico,2,2,TENNET | A310 | MAST 119 | EP2604,200x200x26,Cantoneira
W2021058,W,prefixo_alfabetico,2,2,TENNET | A310 | MAST 119 | EP2604,HEA200A,Perfil H
W2021059,W,prefixo_alfabetico,2,2,TENNET | A310 | MAST 119 | EP2604,HEA200A,Perfil H
W2021060,W,prefixo_alfabetico,2,2,TENNET | A310 | MAST 119 | EP2604,HEA200A,Perfil H
W2021061,W,prefixo_alfabetico,2,2,TENNET | A310 | MAST 119 | EP2604,HEA200A,Perfil H
W2021501,W,prefixo_alfabetico,2,2,TENNET | A310 | MAST 119 | EP2604,200x200x26,Cantoneira
W2032055,W,prefixo_alfabetico,2,2,TENNET | A310 | MAST 119 | EP2604,200x200x26,Cantoneira
W2032057,W,prefixo_alfabetico,2,2,TENNET | A310 | MAST 119 | EP2604,HEA200A,Perfil H
W2032058,W,prefixo_alfabetico,2,2,TENNET | A310 | MAST 119 | EP2604,HEA200A,Perfil H
W2032060,W,prefixo_alfabetico,2,2,TENNET | A310 | MAST 119 | EP2604,HEA200A,Perfil H
W2032061,W,prefixo_alfabetico,2,2,TENNET | A310 | MAST 119 | EP2604,HEA200A,Perfil H
W2032501,W,prefixo_alfabetico,2,2,TENNET | A310 | MAST 119 | EP2604,200x200x26,Cantoneira
W206301,W,prefixo_alfabetico,2,2,TENNET | A310 | MAST 119 | EP2604,200x200x26,Cantoneira
W206302,W,prefixo_alfabetico,2,2,TENNET | A310 | MAST 119 | EP2604,200x200x26,Cantoneira
W211401,W,prefixo_alfabetico,1,1,TENNET | A310 | MAST 119 | EP2604,250x250x26,Cantoneira
W211402,W,prefixo_alfabetico,1,1,TENNET | A310 | MAST 119 | EP2604,250x250x26,Cantoneira
W212501,W,prefixo_alfabetico,1,1,TENNET | A310 | MAST 119 | EP2604,250x250x26,Cantoneira
W212502,W,prefixo_alfabetico,1,1,TENNET | A310 | MAST 119 | EP2604,250x250x26,Cantoneira
W213601,W,prefixo_alfabetico,1,1,TENNET A310 - PERNA POSTE 119 - EP2603,250x250x26,Cantoneira
W213602,W,prefixo_alfabetico,1,1,TENNET A310 - PERNA POSTE 119 - EP2603,250x250x26,Cantoneira
W2149003,W,prefixo_alfabetico,1,1,"= ESCADAS POSTE 113 / 114 / 115 / 119  =_x000D_
= TENNET A310 =",UPN280x95,Perfil U
W215401,W,prefixo_alfabetico,1,1,TENNET | A310 | MAST 113 | EP2607,250x250x26,Cantoneira
W215402,W,prefixo_alfabetico,1,1,TENNET | A310 | MAST 113 | EP2607,250x250x26,Cantoneira
W216501,W,prefixo_alfabetico,1,1,TENNET | A310 | MAST 113 | EP2607,250x250x26,Cantoneira
W216502,W,prefixo_alfabetico,1,1,TENNET | A310 | MAST 113 | EP2607,250x250x26,Cantoneira
W217601,W,prefixo_alfabetico,1,1,TENNET | A310 | MAST 113 | EP2607,250x250x28,Cantoneira
W217602,W,prefixo_alfabetico,1,1,TENNET | A310 | MAST 113 | EP2607,250x250x28,Cantoneira
W218701,W,prefixo_alfabetico,1,1,TENNET | A310 | MAST 113 | EP2607,250x250x28,Cantoneira
W218702,W,prefixo_alfabetico,1,1,TENNET | A310 | MAST 113 | EP2607,250x250x28,Cantoneira
W219801,W,prefixo_alfabetico,1,1,TENNET A310 - PERNA POSTE 113 - EP2606,250x250x28,Cantoneira
W219802,W,prefixo_alfabetico,1,1,TENNET A310 - PERNA POSTE 113 - EP2606,250x250x28,Cantoneira
W219803,W,prefixo_alfabetico,1,1,TENNET A310 - PERNA POSTE 113 - EP2606,250x250x28,Cantoneira
W219804,W,prefixo_alfabetico,1,1,TENNET A310 - PERNA POSTE 113 - EP2606,250x250x28,Cantoneira
W2209004,W,prefixo_alfabetico,1,1,"= ESCADAS POSTE 113 / 114 / 115 / 119  =_x000D_
= TENNET A310 =",UPN280x95,Perfil U
W429131,W,prefixo_alfabetico,1,1,"= PERNA POSTE 50 / 53 / 55 = EP2629 =_x000D_
= TENNET A390 =",250x250x35,Cantoneira
W429132,W,prefixo_alfabetico,1,1,"= PERNA POSTE 50 / 53 / 55 = EP2629 =_x000D_
= TENNET A390 =",250x250x35,Cantoneira
W429133,W,prefixo_alfabetico,1,1,"= PERNA POSTE 50 / 53 / 55 = EP2629 =_x000D_
= TENNET A390 =",250x250x35,Cantoneira
W429134,W,prefixo_alfabetico,1,1,"= PERNA POSTE 50 / 53 / 55 = EP2629 =_x000D_
= TENNET A390 =",250x250x35,Cantoneira
WA502,WA,prefixo_alfabetico,1,1,= POSTE WA =,16,Varão redondo
WC1,WC,prefixo_alfabetico,1,1,CALHAS H2 W1B JUNTAS DILATAÇÃO,470x3,Chapa
WC2,WC,prefixo_alfabetico,1,1,CALHAS H2 W1B JUNTAS DILATAÇÃO,470x3,Chapa
WC3,WC,prefixo_alfabetico,1,1,CALHAS H2 W1B JUNTAS DILATAÇÃO,470x3,Chapa
WZ05-202,WZ,prefixo_alfabetico,1,1,= ESCADAS POSTE A390_L4=,UPN280,Perfil U
X351103,X,prefixo_alfabetico,1,1,"= TENNET A390 = TROÇOS POSTE 54 = _x000D_
= EP2661 =",300x300x35,Cantoneira
XZ211501,XZ,prefixo_alfabetico,1,1,= TENNET A310 = MAST 115 = EP2680 =,200x200x26,Cantoneira
XZ211502,XZ,prefixo_alfabetico,1,1,= TENNET A310 = MAST 115 = EP2680 =,200x200x26,Cantoneira
XZ251007,XZ,prefixo_alfabetico,1,1,= TENNET A310 = MAST 115 = EP2680 =,200x200x26,Cantoneira
XZ262001,XZ,prefixo_alfabetico,1,1,= TENNET A310 = MAST 115 = EP2680 =,250x250x35,Cantoneira
XZ262002,XZ,prefixo_alfabetico,1,1,= TENNET A310 = MAST 115 = EP2680 =,250x250x35,Cantoneira
XZ262003,XZ,prefixo_alfabetico,1,1,= TENNET A310 = MAST 115 = EP2680 =,200x200x26,Cantoneira
XZ262004,XZ,prefixo_alfabetico,1,1,= TENNET A310 = MAST 115 = EP2680 =,200x200x26,Cantoneira
XZ262012,XZ,prefixo_alfabetico,1,1,= TENNET A310 = MAST 115 = EP2680 =,200x200x28,Cantoneira
XZ262039,XZ,prefixo_alfabetico,1,1,= TENNET A310 = MAST 115 = EP2680 =,250x250x26,Cantoneira
XZ262040,XZ,prefixo_alfabetico,1,1,= TENNET A310 = MAST 115 = EP2680 =,250x250x26,Cantoneira
XZ343001,XZ,prefixo_alfabetico,1,1,= TENNET A310 = MAST 115 = EP2680 =,250x250x25,Cantoneira
XZ343002,XZ,prefixo_alfabetico,1,1,= TENNET A310 = MAST 115 = EP2680 =,250x250x25,Cantoneira
XZ343003,XZ,prefixo_alfabetico,1,1,= TENNET A310 = MAST 115 = EP2680 =,250x250x25,Cantoneira
XZ343004,XZ,prefixo_alfabetico,1,1,= TENNET A310 = MAST 115 = EP2680 =,250x250x25,Cantoneira
XZ343005,XZ,prefixo_alfabetico,1,1,= TENNET A310 = MAST 115 = EP2680 =,200x200x26,Cantoneira
XZ343006,XZ,prefixo_alfabetico,1,1,= TENNET A310 = MAST 115 = EP2680 =,200x200x26,Cantoneira
XZ354001,XZ,prefixo_alfabetico,1,1,= TENNET A310 = MAST 115 = EP2680 =,250x250x35,Cantoneira
XZ354002,XZ,prefixo_alfabetico,1,1,= TENNET A310 = MAST 115 = EP2680 =,250x250x35,Cantoneira
XZ354003,XZ,prefixo_alfabetico,1,1,= TENNET A310 = MAST 115 = EP2680 =,250x250x35,Cantoneira
XZ354004,XZ,prefixo_alfabetico,1,1,= TENNET A310 = MAST 115 = EP2680 =,250x250x35,Cantoneira
XZ354005,XZ,prefixo_alfabetico,1,1,= TENNET A310 = MAST 115 = EP2680 =,250x250x24,Cantoneira
XZ354038,XZ,prefixo_alfabetico,1,1,= TENNET A310 = MAST 115 = EP2680 =,250x250x24,Cantoneira
XZ365001,XZ,prefixo_alfabetico,1,1,= TENNET A310 = MAST 115 = EP2680 =,250x250x35,Cantoneira
XZ365002,XZ,prefixo_alfabetico,1,1,= TENNET A310 = MAST 115 = EP2680 =,250x250x35,Cantoneira
XZ365003,XZ,prefixo_alfabetico,1,1,= TENNET A310 = MAST 115 = EP2680 =,250x250x35,Cantoneira
XZ365004,XZ,prefixo_alfabetico,1,1,= TENNET A310 = MAST 115 = EP2680 =,250x250x35,Cantoneira
XZ365005,XZ,prefixo_alfabetico,1,1,= TENNET A310 = MAST 115 = EP2680 =,250x250x24,Cantoneira
XZ365024,XZ,prefixo_alfabetico,1,1,= TENNET A310 = MAST 115 = EP2680 =,250x250x24,Cantoneira
XZ376001,XZ,prefixo_alfabetico,1,1,= TENNET A310 = MAST 115 = EP2680 =,250x250x35,Cantoneira
XZ376002,XZ,prefixo_alfabetico,1,1,= TENNET A310 = MAST 115 = EP2680 =,250x250x35,Cantoneira
XZ376003,XZ,prefixo_alfabetico,1,1,= TENNET A310 = MAST 115 = EP2680 =,250x250x35,Cantoneira
XZ376004,XZ,prefixo_alfabetico,1,1,= TENNET A310 = MAST 115 = EP2680 =,250x250x35,Cantoneira
XZ387001,XZ,prefixo_alfabetico,1,1,= TENNET A310 = MAST 115 = EP2680 =,250x250x35,Cantoneira
XZ387002,XZ,prefixo_alfabetico,1,1,= TENNET A310 = MAST 115 = EP2680 =,250x250x35,Cantoneira
XZ387003,XZ,prefixo_alfabetico,1,1,= TENNET A310 = MAST 115 = EP2680 =,250x250x35,Cantoneira
XZ387004,XZ,prefixo_alfabetico,1,1,= TENNET A310 = MAST 115 = EP2680 =,250x250x35,Cantoneira
XZ387005,XZ,prefixo_alfabetico,1,1,= TENNET A310 = MAST 115 = EP2680 =,250x250x22,Cantoneira
XZ398001,XZ,prefixo_alfabetico,1,1,= TENNET A310 = MAST 115 = EP2680 =,250x250x35,Cantoneira
XZ398002,XZ,prefixo_alfabetico,1,1,= TENNET A310 = MAST 115 = EP2680 =,250x250x35,Cantoneira
XZ398003,XZ,prefixo_alfabetico,1,1,= TENNET A310 = MAST 115 = EP2680 =,250x250x35,Cantoneira
XZ398004,XZ,prefixo_alfabetico,1,1,= TENNET A310 = MAST 115 = EP2680 =,250x250x35,Cantoneira
XZ398005,XZ,prefixo_alfabetico,1,1,= TENNET A310 = MAST 115 = EP2680 =,250x250x22,Cantoneira
XZ409001,XZ,prefixo_alfabetico,1,1,TENNET A310 - PERNA POSTE 115 - EP2648,250x250x35,Cantoneira
XZ409002,XZ,prefixo_alfabetico,1,1,TENNET A310 - PERNA POSTE 115 - EP2648,250x250x35,Cantoneira
XZ409003,XZ,prefixo_alfabetico,1,1,TENNET A310 - PERNA POSTE 115 - EP2648,250x250x35,Cantoneira
XZ409004,XZ,prefixo_alfabetico,1,1,TENNET A310 - PERNA POSTE 115 - EP2648,250x250x35,Cantoneira
XZ409005,XZ,prefixo_alfabetico,1,1,TENNET A310 - PERNA POSTE 115 - EP2648,250x250x22,Cantoneira
XZ409103,XZ,prefixo_alfabetico,1,1,TENNET A310 - PERNA POSTE 115 - EP2648,250x250x22,Cantoneira
XZ441501,XZ,prefixo_alfabetico,1,1,= TENNET A310 = MAST 114 = EP2670 =,200x200x28,Cantoneira
XZ441502,XZ,prefixo_alfabetico,1,1,= TENNET A310 = MAST 114 = EP2670 =,200x200x28,Cantoneira
XZ462501,XZ,prefixo_alfabetico,1,1,= TENNET A310 = MAST 114 = EP2670 =,200x200x28,Cantoneira
XZ462502,XZ,prefixo_alfabetico,1,1,= TENNET A310 = MAST 114 = EP2670 =,200x200x28,Cantoneira
XZ481007,XZ,prefixo_alfabetico,1,1,= TENNET A310 = MAST 114 = EP2670 =,200x200x28,Cantoneira
XZ492001,XZ,prefixo_alfabetico,1,1,= TENNET A310 = MAST 114 = EP2670 =,250x250x35,Cantoneira
XZ492002,XZ,prefixo_alfabetico,1,1,= TENNET A310 = MAST 114 = EP2670 =,250x250x35,Cantoneira
XZ492003,XZ,prefixo_alfabetico,1,1,= TENNET A310 = MAST 114 = EP2670 =,200x200x26,Cantoneira
XZ492004,XZ,prefixo_alfabetico,1,1,= TENNET A310 = MAST 114 = EP2670 =,200x200x26,Cantoneira
XZ492012,XZ,prefixo_alfabetico,1,1,= TENNET A310 = MAST 114 = EP2670 =,200x200x28,Cantoneira
XZ492039,XZ,prefixo_alfabetico,1,1,= TENNET A310 = MAST 114 = EP2670 =,250x250x26,Cantoneira
XZ492040,XZ,prefixo_alfabetico,1,1,= TENNET A310 = MAST 114 = EP2670 =,250x250x26,Cantoneira
XZ492041,XZ,prefixo_alfabetico,1,1,= TENNET A310 = MAST 114 = EP2670 =,250x250x26,Cantoneira
XZ492042,XZ,prefixo_alfabetico,1,1,= TENNET A310 = MAST 114 = EP2670 =,250x250x26,Cantoneira
XZ503001,XZ,prefixo_alfabetico,1,1,= TENNET A310 = MAST 114 = EP2670 =,250x250x26,Cantoneira
XZ503002,XZ,prefixo_alfabetico,1,1,= TENNET A310 = MAST 114 = EP2670 =,250x250x26,Cantoneira
XZ503003,XZ,prefixo_alfabetico,1,1,= TENNET A310 = MAST 114 = EP2670 =,250x250x26,Cantoneira
XZ503004,XZ,prefixo_alfabetico,1,1,= TENNET A310 = MAST 114 = EP2670 =,250x250x26,Cantoneira
XZ503005,XZ,prefixo_alfabetico,1,1,= TENNET A310 = MAST 114 = EP2670 =,200x200x26,Cantoneira
XZ503006,XZ,prefixo_alfabetico,1,1,= TENNET A310 = MAST 114 = EP2670 =,200x200x26,Cantoneira
XZ644001,XZ,prefixo_alfabetico,1,1,= TENNET A310 = MAST 114 = EP2670 =,250x250x35,Cantoneira
XZ644002,XZ,prefixo_alfabetico,1,1,= TENNET A310 = MAST 114 = EP2670 =,250x250x35,Cantoneira
XZ644003,XZ,prefixo_alfabetico,1,1,= TENNET A310 = MAST 114 = EP2670 =,250x250x35,Cantoneira
XZ644004,XZ,prefixo_alfabetico,1,1,= TENNET A310 = MAST 114 = EP2670 =,250x250x35,Cantoneira
XZ644005,XZ,prefixo_alfabetico,1,1,= TENNET A310 = MAST 114 = EP2670 =,250x250x24,Cantoneira
XZ644006,XZ,prefixo_alfabetico,1,1,= TENNET A310 = MAST 114 = EP2670 =,250x250x24,Cantoneira
XZ655001,XZ,prefixo_alfabetico,1,1,= TENNET A310 = MAST 114 = EP2670 =,250x250x35,Cantoneira
XZ655002,XZ,prefixo_alfabetico,1,1,= TENNET A310 = MAST 114 = EP2670 =,250x250x35,Cantoneira
XZ655003,XZ,prefixo_alfabetico,1,1,= TENNET A310 = MAST 114 = EP2670 =,250x250x35,Cantoneira
XZ655004,XZ,prefixo_alfabetico,1,1,= TENNET A310 = MAST 114 = EP2670 =,250x250x35,Cantoneira
XZ655005,XZ,prefixo_alfabetico,1,1,= TENNET A310 = MAST 114 = EP2670 =,250x250x24,Cantoneira
XZ655006,XZ,prefixo_alfabetico,1,1,= TENNET A310 = MAST 114 = EP2670 =,250x250x24,Cantoneira
XZ666001,XZ,prefixo_alfabetico,1,1,= TENNET A310 = MAST 114 = EP2670 =,300x300x35,Cantoneira
XZ666002,XZ,prefixo_alfabetico,1,1,= TENNET A310 = MAST 114 = EP2670 =,300x300x35,Cantoneira
XZ666003,XZ,prefixo_alfabetico,1,1,= TENNET A310 = MAST 114 = EP2670 =,300x300x35,Cantoneira
XZ666004,XZ,prefixo_alfabetico,1,1,= TENNET A310 = MAST 114 = EP2670 =,300x300x35,Cantoneira
XZ666005,XZ,prefixo_alfabetico,1,1,= TENNET A310 = MAST 114 = EP2670 =,250x250x24,Cantoneira
XZ666006,XZ,prefixo_alfabetico,1,1,= TENNET A310 = MAST 114 = EP2670 =,250x250x24,Cantoneira
XZ677001,XZ,prefixo_alfabetico,1,1,= TENNET A310 = MAST 114 = EP2670 =,300x300x35,Cantoneira
XZ677002,XZ,prefixo_alfabetico,1,1,= TENNET A310 = MAST 114 = EP2670 =,300x300x35,Cantoneira
XZ677003,XZ,prefixo_alfabetico,1,1,= TENNET A310 = MAST 114 = EP2670 =,300x300x35,Cantoneira
XZ677004,XZ,prefixo_alfabetico,1,1,= TENNET A310 = MAST 114 = EP2670 =,300x300x35,Cantoneira
XZ688001,XZ,prefixo_alfabetico,1,1,= TENNET A310 = MAST 114 = EP2670 =,300x300x35,Cantoneira
XZ688002,XZ,prefixo_alfabetico,1,1,= TENNET A310 = MAST 114 = EP2670 =,300x300x35,Cantoneira
XZ688003,XZ,prefixo_alfabetico,1,1,= TENNET A310 = MAST 114 = EP2670 =,300x300x35,Cantoneira
XZ688004,XZ,prefixo_alfabetico,1,1,= TENNET A310 = MAST 114 = EP2670 =,300x300x35,Cantoneira
XZ688005,XZ,prefixo_alfabetico,1,1,= TENNET A310 = MAST 114 = EP2670 =,250x250x26,Cantoneira
XZ699001,XZ,prefixo_alfabetico,1,1,= TENNET A310 = MAST 114 = EP2670 =,300x300x35,Cantoneira
XZ699002,XZ,prefixo_alfabetico,1,1,= TENNET A310 = MAST 114 = EP2670 =,300x300x35,Cantoneira
XZ699003,XZ,prefixo_alfabetico,1,1,= TENNET A310 = MAST 114 = EP2670 =,300x300x35,Cantoneira
XZ699004,XZ,prefixo_alfabetico,1,1,= TENNET A310 = MAST 114 = EP2670 =,300x300x35,Cantoneira
XZ699005,XZ,prefixo_alfabetico,1,1,= TENNET A310 = MAST 114 = EP2670 =,250x250x26,Cantoneira
XZ709501,XZ,prefixo_alfabetico,1,1,TENNET A310 - PERNA POSTE 114 - EP2647,300x300x35,Cantoneira
XZ709502,XZ,prefixo_alfabetico,1,1,TENNET A310 - PERNA POSTE 114 - EP2647,300x300x35,Cantoneira
XZ709503,XZ,prefixo_alfabetico,1,1,TENNET A310 - PERNA POSTE 114 - EP2647,300x300x35,Cantoneira
XZ709504,XZ,prefixo_alfabetico,1,1,TENNET A310 - PERNA POSTE 114 - EP2647,300x300x35,Cantoneira
XZ709505,XZ,prefixo_alfabetico,1,1,TENNET A310 - PERNA POSTE 114 - EP2647,300x300x35,Cantoneira
XZ709506,XZ,prefixo_alfabetico,1,1,TENNET A310 - PERNA POSTE 114 - EP2647,300x300x35,Cantoneira
XZ709507,XZ,prefixo_alfabetico,1,1,TENNET A310 - PERNA POSTE 114 - EP2647,300x300x35,Cantoneira
XZ709508,XZ,prefixo_alfabetico,1,1,TENNET A310 - PERNA POSTE 114 - EP2647,300x300x35,Cantoneira
XZ709509,XZ,prefixo_alfabetico,1,1,TENNET A310 - PERNA POSTE 114 - EP2647,250x250x26,Cantoneira
Z103621,Z,prefixo_alfabetico,2,1,"= PERNA POSTE 56 / 66 = EP2626 =_x000D_
= TENNET A390 =",200x200x26,Cantoneira
Z103622,Z,prefixo_alfabetico,2,1,"= PERNA POSTE 56 / 66 = EP2626 =_x000D_
= TENNET A390 =",200x200x26,Cantoneira
Z103623,Z,prefixo_alfabetico,2,1,"= PERNA POSTE 56 / 66 = EP2626 =_x000D_
= TENNET A390 =",200x200x26,Cantoneira
Z103624,Z,prefixo_alfabetico,2,1,"= PERNA POSTE 56 / 66 = EP2626 =_x000D_
= TENNET A390 =",200x200x26,Cantoneira
Z155401,Z,prefixo_alfabetico,1,1,TENNET | A390 | MAST 33,250x250x28,Cantoneira
Z155402,Z,prefixo_alfabetico,1,1,TENNET | A390 | MAST 33,250x250x28,Cantoneira
Z155403,Z,prefixo_alfabetico,1,1,TENNET | A390 | MAST 33,250x250x28,Cantoneira
Z155404,Z,prefixo_alfabetico,1,1,TENNET | A390 | MAST 33,250x250x28,Cantoneira
Z156501,Z,prefixo_alfabetico,1,1,TENNET | A390 | MAST 33,250x250x28,Cantoneira
Z156502,Z,prefixo_alfabetico,1,1,TENNET | A390 | MAST 33,250x250x28,Cantoneira
Z157621,Z,prefixo_alfabetico,1,1,TENNET A390 - PERNA POSTE 33,250x250x28,Cantoneira
Z157622,Z,prefixo_alfabetico,1,1,TENNET A390 - PERNA POSTE 33,250x250x28,Cantoneira
Z157623,Z,prefixo_alfabetico,1,1,TENNET A390 - PERNA POSTE 33,250x250x28,Cantoneira
Z157624,Z,prefixo_alfabetico,1,1,TENNET A390 - PERNA POSTE 33,250x250x28,Cantoneira
Z157651,Z,prefixo_alfabetico,1,1,TENNET A390 - PERNA POSTE 33,250x250x28,Cantoneira
Z157652,Z,prefixo_alfabetico,1,1,TENNET A390 - PERNA POSTE 33,250x250x28,Cantoneira
Z165401,Z,prefixo_alfabetico,1,1,"= TENNET A390 = TROÇOS POSTE 51 = _x000D_
= EP2659 =",250x250x28,Cantoneira
Z165402,Z,prefixo_alfabetico,1,1,"= TENNET A390 = TROÇOS POSTE 51 = _x000D_
= EP2659 =",250x250x28,Cantoneira
Z165403,Z,prefixo_alfabetico,1,1,"= TENNET A390 = TROÇOS POSTE 51 = _x000D_
= EP2659 =",250x250x28,Cantoneira
Z165404,Z,prefixo_alfabetico,1,1,"= TENNET A390 = TROÇOS POSTE 51 = _x000D_
= EP2659 =",250x250x28,Cantoneira
Z166501,Z,prefixo_alfabetico,1,1,"= TENNET A390 = TROÇOS POSTE 51 = _x000D_
= EP2659 =",250x250x28,Cantoneira
Z166502,Z,prefixo_alfabetico,1,1,"= TENNET A390 = TROÇOS POSTE 51 = _x000D_
= EP2659 =",250x250x28,Cantoneira
Z166503,Z,prefixo_alfabetico,1,1,"= TENNET A390 = TROÇOS POSTE 51 = _x000D_
= EP2659 =",250x250x28,Cantoneira
Z166504,Z,prefixo_alfabetico,1,1,"= TENNET A390 = TROÇOS POSTE 51 = _x000D_
= EP2659 =",250x250x28,Cantoneira
Z167601,Z,prefixo_alfabetico,1,1,"= TENNET A390 = TROÇOS POSTE 51 = _x000D_
= EP2659 =",250x250x35,Cantoneira
Z167602,Z,prefixo_alfabetico,1,1,"= TENNET A390 = TROÇOS POSTE 51 = _x000D_
= EP2659 =",250x250x35,Cantoneira
Z167603,Z,prefixo_alfabetico,1,1,"= TENNET A390 = TROÇOS POSTE 51 = _x000D_
= EP2659 =",250x250x35,Cantoneira
Z167604,Z,prefixo_alfabetico,1,1,"= TENNET A390 = TROÇOS POSTE 51 = _x000D_
= EP2659 =",250x250x35,Cantoneira
Z168701,Z,prefixo_alfabetico,1,1,"= TENNET A390 = TROÇOS POSTE 51 = _x000D_
= EP2659 =",250x250x35,Cantoneira
Z168702,Z,prefixo_alfabetico,1,1,"= TENNET A390 = TROÇOS POSTE 51 = _x000D_
= EP2659 =",250x250x35,Cantoneira
Z168703,Z,prefixo_alfabetico,1,1,"= TENNET A390 = TROÇOS POSTE 51 = _x000D_
= EP2659 =",250x250x35,Cantoneira
Z168704,Z,prefixo_alfabetico,1,1,"= TENNET A390 = TROÇOS POSTE 51 = _x000D_
= EP2659 =",250x250x35,Cantoneira
Z310-212,Z,prefixo_alfabetico,2,2,= ESCADAS POSTE A390_L3=,UPN280,Perfil U
Z353301,Z,prefixo_alfabetico,1,1,"= TENNET A390 = TROÇOS POSTE 54 = _x000D_
= EP2661 =",250x250x28,Cantoneira
Z353302,Z,prefixo_alfabetico,1,1,"= TENNET A390 = TROÇOS POSTE 54 = _x000D_
= EP2661 =",250x250x28,Cantoneira
Z354401,Z,prefixo_alfabetico,1,1,"= TENNET A390 = TROÇOS POSTE 54 = _x000D_
= EP2661 =",200x200x26,Cantoneira
Z354402,Z,prefixo_alfabetico,1,1,"= TENNET A390 = TROÇOS POSTE 54 = _x000D_
= EP2661 =",200x200x26,Cantoneira
Z354403,Z,prefixo_alfabetico,1,1,"= TENNET A390 = TROÇOS POSTE 54 = _x000D_
= EP2661 =",200x200x26,Cantoneira
Z354404,Z,prefixo_alfabetico,1,1,"= TENNET A390 = TROÇOS POSTE 54 = _x000D_
= EP2661 =",200x200x26,Cantoneira
Z355501,Z,prefixo_alfabetico,1,1,"= TENNET A390 = TROÇOS POSTE 54 = _x000D_
= EP2661 =",250x250x26,Cantoneira
Z355502,Z,prefixo_alfabetico,1,1,"= TENNET A390 = TROÇOS POSTE 54 = _x000D_
= EP2661 =",250x250x26,Cantoneira
Z355503,Z,prefixo_alfabetico,1,1,"= TENNET A390 = TROÇOS POSTE 54 = _x000D_
= EP2661 =",250x250x26,Cantoneira
Z356601,Z,prefixo_alfabetico,1,1,"= TENNET A390 = TROÇOS POSTE 54 = _x000D_
= EP2661 =",250x250x26,Cantoneira
Z356602,Z,prefixo_alfabetico,1,1,"= TENNET A390 = TROÇOS POSTE 54 = _x000D_
= EP2661 =",250x250x26,Cantoneira
Z356603,Z,prefixo_alfabetico,1,1,"= TENNET A390 = TROÇOS POSTE 54 = _x000D_
= EP2661 =",250x250x26,Cantoneira
Z357701,Z,prefixo_alfabetico,1,1,"= TENNET A390 = TROÇOS POSTE 54 = _x000D_
= EP2661 =",250x250x26,Cantoneira
Z357702,Z,prefixo_alfabetico,1,1,"= TENNET A390 = TROÇOS POSTE 54 = _x000D_
= EP2661 =",250x250x26,Cantoneira
Z357703,Z,prefixo_alfabetico,1,1,"= TENNET A390 = TROÇOS POSTE 54 = _x000D_
= EP2661 =",250x250x26,Cantoneira
Z358801,Z,prefixo_alfabetico,1,1,"= PERNA POSTE 54 / 76 / 51 = EP2627 =_x000D_
= TENNET A390 =",250x250x26,Cantoneira
Z358802,Z,prefixo_alfabetico,1,1,"= PERNA POSTE 54 / 76 / 51 = EP2627 =_x000D_
= TENNET A390 =",250x250x26,Cantoneira
Z358803,Z,prefixo_alfabetico,1,1,"= PERNA POSTE 54 / 76 / 51 = EP2627 =_x000D_
= TENNET A390 =",250x250x26,Cantoneira
Z358804,Z,prefixo_alfabetico,1,1,"= PERNA POSTE 54 / 76 / 51 = EP2627 =_x000D_
= TENNET A390 =",250x250x26,Cantoneira
Z360-213,Z,prefixo_alfabetico,2,2,= ESCADAS POSTE A390_L3=,UPN280,Perfil U
Z79301,Z,prefixo_alfabetico,1,1,TENNET A390 | TROÇOS POSTE 53 |  EP2652,200x200x25,Cantoneira
Z79302,Z,prefixo_alfabetico,1,1,TENNET A390 | TROÇOS POSTE 53 |  EP2652,200x200x25,Cantoneira
Z79303,Z,prefixo_alfabetico,1,1,TENNET A390 | TROÇOS POSTE 53 |  EP2652,200x200x25,Cantoneira
Z79304,Z,prefixo_alfabetico,1,1,TENNET A390 | TROÇOS POSTE 53 |  EP2652,200x200x25,Cantoneira
Z79305,Z,prefixo_alfabetico,1,1,TENNET A390 | TROÇOS POSTE 53 |  EP2652,200x200x25,Cantoneira
Z80401,Z,prefixo_alfabetico,1,1,TENNET A390 | TROÇOS POSTE 53 |  EP2652,250x250x26,Cantoneira
Z80402,Z,prefixo_alfabetico,1,1,TENNET A390 | TROÇOS POSTE 53 |  EP2652,250x250x26,Cantoneira
Z81521,Z,prefixo_alfabetico,1,1,"= PERNA POSTE 50 / 53 / 55 = EP2629 =_x000D_
= TENNET A390 =",250x250x26,Cantoneira
Z81522,Z,prefixo_alfabetico,1,1,"= PERNA POSTE 50 / 53 / 55 = EP2629 =_x000D_
= TENNET A390 =",250x250x26,Cantoneira
Z81523,Z,prefixo_alfabetico,1,1,"= PERNA POSTE 50 / 53 / 55 = EP2629 =_x000D_
= TENNET A390 =",250x250x26,Cantoneira
Z81524,Z,prefixo_alfabetico,1,1,"= PERNA POSTE 50 / 53 / 55 = EP2629 =_x000D_
= TENNET A390 =",250x250x26,Cantoneira
ZA-4001,ZA,prefixo_alfabetico,1,1,"= BASES PARA 8 POSTES =_x000D_
= GALV.: ESP. MININA 85 MICRONS =",200x200x16,Cantoneira
ZA-4002,ZA,prefixo_alfabetico,1,1,"= BASES PARA 8 POSTES =_x000D_
= GALV.: ESP. MININA 85 MICRONS =",150x150x15,Cantoneira
ZD-0401,ZD,prefixo_alfabetico,2,2,"= POSTE SSE400 D25 E6+1 =_x000D_
= FABRICAR APÓS VALIDAÇÃO DA OF263210 =",250x250x25,Cantoneira
ZD-0402,ZD,prefixo_alfabetico,2,2,"= POSTE SSE400 D25 E6+1 =_x000D_
= FABRICAR APÓS VALIDAÇÃO DA OF263210 =",250x250x25,Cantoneira
ZD-0501,ZD,prefixo_alfabetico,2,2,"= POSTE SSE400 D25 E6+1 =_x000D_
= FABRICAR APÓS VALIDAÇÃO DA OF263210 =",250x250x25,Cantoneira
ZD-0516,ZD,prefixo_alfabetico,2,2,"= POSTE SSE400 D25 E6+1 =_x000D_
= FABRICAR APÓS VALIDAÇÃO DA OF263210 =",250x250x25,Cantoneira
ZD-0612,ZD,prefixo_alfabetico,2,2,"= POSTE SSE400 D25 E6+1 =_x000D_
= FABRICAR APÓS VALIDAÇÃO DA OF263210 =",UKT305x152,Perfil U
ZD-0729,ZD,prefixo_alfabetico,2,2,"= POSTE SSE400 D25 E6+1 =_x000D_
= FABRICAR APÓS VALIDAÇÃO DA OF263210 =",UKT305x152,Perfil U
ZD-0810,ZD,prefixo_alfabetico,2,2,"= POSTE SSE400 D25 E6+1 =_x000D_
= FABRICAR APÓS VALIDAÇÃO DA OF263210 =",UKT305x152,Perfil U
ZD-2029,ZD,prefixo_alfabetico,1,1,"= POSTE SSE400 D25 E6+1 =_x000D_
= FABRICAR APÓS VALIDAÇÃO DA OF263210 =",250x250x28,Cantoneira
ZD-2030,ZD,prefixo_alfabetico,1,1,"= POSTE SSE400 D25 E6+1 =_x000D_
= FABRICAR APÓS VALIDAÇÃO DA OF263210 =",250x250x28,Cantoneira
ZD-2348,ZD,prefixo_alfabetico,1,1,,250x250x28,Cantoneira
ZD-2349,ZD,prefixo_alfabetico,1,1,,250x250x28,Cantoneira
ZD-2415,ZD,prefixo_alfabetico,1,1,,250x250x28,Cantoneira
ZD-2826,ZD,prefixo_alfabetico,1,1,,250x250x28,Cantoneira
ZD-2923,ZD,prefixo_alfabetico,1,1,"= POSTE SSE400 D25 E6+1 =_x000D_
= FABRICAR APÓS VALIDAÇÃO DA OF263210 =",250x250x28,Cantoneira
ZD-3032,ZD,prefixo_alfabetico,1,1,"= POSTE SSE400 D25 E6+1 =_x000D_
= FABRICAR APÓS VALIDAÇÃO DA OF263210 =",250x250x28,Cantoneira
ZE-1501,ZE,prefixo_alfabetico,1,1,= TROÇOS SSE400 D55 STD/E3+1 = EP2676 =,250x250x28,Cantoneira
ZE-1502,ZE,prefixo_alfabetico,1,1,= TROÇOS SSE400 D55 STD/E3+1 = EP2676 =,250x250x28,Cantoneira
ZE-1810,ZE,prefixo_alfabetico,1,1,= TROÇOS SSE400 D55 STD/E3+1 = EP2676 =,250x250x28,Cantoneira
ZE-1814,ZE,prefixo_alfabetico,1,1,= TROÇOS SSE400 D55 STD/E3+1 = EP2676 =,250x250x28,Cantoneira
ZE-1914,ZE,prefixo_alfabetico,1,1,= POSTE SSE400 D55 E9 = EP2610 =,250x250x28,Cantoneira
ZE-2017,ZE,prefixo_alfabetico,1,1,= POSTE SSE400 D55 E9 = EP2610 =,250x250x28,Cantoneira
ZE-2201,ZE,prefixo_alfabetico,2,2,"= POSTE SSE400 D55 STD / E3+1 =_x000D_
= FABRICAR APÓS VALIDAÇÃO DA OF260760 = REUTILIZAR FICHA OF260825",250x250x28,Cantoneira
ZE-2634,ZE,prefixo_alfabetico,1,1,= TROÇOS SSE400 D55 STD/E3+1 = EP2676 =,250x250x28,Cantoneira
ZE-301,ZE,prefixo_alfabetico,2,2,"= POSTE SSE400 D55 STD / E3+1 =_x000D_
= FABRICAR APÓS VALIDAÇÃO DA OF260760 = REUTILIZAR FICHA OF260825",250x250x25,Cantoneira
ZE-302,ZE,prefixo_alfabetico,2,2,"= POSTE SSE400 D55 STD / E3+1 =_x000D_
= FABRICAR APÓS VALIDAÇÃO DA OF260760 = REUTILIZAR FICHA OF260825",250x250x25,Cantoneira
ZE-4001,ZE,prefixo_alfabetico,2,1,"= BASES PARA 8 POSTES =_x000D_
= GALV.: ESP. MININA 85 MICRONS =",250x250x28,Cantoneira
ZE-4002,ZE,prefixo_alfabetico,2,1,"= BASES PARA 8 POSTES =_x000D_
= GALV.: ESP. MININA 85 MICRONS =",250x250x28,Cantoneira
ZE-4003,ZE,prefixo_alfabetico,2,1,"= BASES PARA 8 POSTES =_x000D_
= GALV.: ESP. MININA 85 MICRONS =",250x250x28,Cantoneira
ZE-401,ZE,prefixo_alfabetico,2,2,"= POSTE SSE400 D55 STD / E3+1 =_x000D_
= FABRICAR APÓS VALIDAÇÃO DA OF260760 = REUTILIZAR FICHA OF260825",250x250x25,Cantoneira
ZE-402,ZE,prefixo_alfabetico,2,2,"= POSTE SSE400 D55 STD / E3+1 =_x000D_
= FABRICAR APÓS VALIDAÇÃO DA OF260760 = REUTILIZAR FICHA OF260825",250x250x25,Cantoneira
ZE-501,ZE,prefixo_alfabetico,2,2,"= POSTE SSE400 D55 STD / E3+1 =_x000D_
= FABRICAR APÓS VALIDAÇÃO DA OF260760 = REUTILIZAR FICHA OF260825",250x250x25,Cantoneira
ZE-502,ZE,prefixo_alfabetico,2,2,"= POSTE SSE400 D55 STD / E3+1 =_x000D_
= FABRICAR APÓS VALIDAÇÃO DA OF260760 = REUTILIZAR FICHA OF260825",250x250x25,Cantoneira
ZE-616,ZE,prefixo_alfabetico,2,2,"= POSTE SSE400 D55 STD / E3+1 =_x000D_
= FABRICAR APÓS VALIDAÇÃO DA OF260760 = REUTILIZAR FICHA OF260825",UKT305x152x49,Perfil U
ZE-688,ZE,prefixo_alfabetico,2,2,"= POSTE SSE400 D55 STD / E3+1 =_x000D_
= FABRICAR APÓS VALIDAÇÃO DA OF260760 = REUTILIZAR FICHA OF260825",UKT305x152x49,Perfil U
ZE-700,ZE,prefixo_alfabetico,2,2,"= POSTE SSE400 D55 STD / E3+1 =_x000D_
= FABRICAR APÓS VALIDAÇÃO DA OF260760 = REUTILIZAR FICHA OF260825",UKT305x152x49,Perfil U
ZE-794,ZE,prefixo_alfabetico,2,2,"= POSTE SSE400 D55 STD / E3+1 =_x000D_
= FABRICAR APÓS VALIDAÇÃO DA OF260760 = REUTILIZAR FICHA OF260825",UKT305x152x49,Perfil U
ZE-869,ZE,prefixo_alfabetico,3,2,"= POSTE SSE400 D55 STD / E3+1 =_x000D_
= FABRICAR APÓS VALIDAÇÃO DA OF260760 = REUTILIZAR FICHA OF260825",UKT305x152x49,Perfil U
ZE-893,ZE,prefixo_alfabetico,1,1,= POSTE SSE400 D55 E9 = EP2610 =,UKT,Perfil U
ZE4001S,ZE,prefixo_alfabetico,1,1,"= MODIFICAÇÃO DE 14 BASES =_x000D_
= ALTERAÇÃO DO CLIENTE =",250x250x28,Cantoneira
ZE4002S,ZE,prefixo_alfabetico,1,1,"= MODIFICAÇÃO DE 14 BASES =_x000D_
= ALTERAÇÃO DO CLIENTE =",250x250x28,Cantoneira
ZF-1501,ZF,prefixo_alfabetico,2,2,"= POSTE SSE400 DJ STD =_x000D_
= FABRICAR APÓS VALIDAÇÃO DA OF260260 =",250x250x35,Cantoneira
ZF-1901,ZF,prefixo_alfabetico,1,1,= TROÇOS SSE400 DJ E6 = EP2636 =,250x250x35,Cantoneira
ZF-2223,ZF,prefixo_alfabetico,2,2,"= POSTE SSE400 DJ STD =_x000D_
= FABRICAR APÓS VALIDAÇÃO DA OF260260 =",250x250x35,Cantoneira
ZF-2313,ZF,prefixo_alfabetico,2,2,"= POSTE SSE400 DJ STD =_x000D_
= FABRICAR APÓS VALIDAÇÃO DA OF260260 =",250x250x35,Cantoneira
ZF-2845,ZF,prefixo_alfabetico,2,2,= TROÇOS SSE400 DJ E6 = EP2636 =,250x250x35,Cantoneira
ZF-2846,ZF,prefixo_alfabetico,2,2,= TROÇOS SSE400 DJ E6 = EP2636 =,250x250x35,Cantoneira
ZG-4001,ZG,prefixo_alfabetico,2,1,"= BASES PARA 8 POSTES =_x000D_
= GALV.: ESP. MININA 85 MICRONS =",250x250x35,Cantoneira
ZG-4002,ZG,prefixo_alfabetico,2,1,"= BASES PARA 8 POSTES =_x000D_
= GALV.: ESP. MININA 85 MICRONS =",250x250x35,Cantoneira
ZG-401,ZG,prefixo_alfabetico,2,2,"= POSTE SSE400 DJ STD =_x000D_
= FABRICAR APÓS VALIDAÇÃO DA OF260260 =",250x250x28,Cantoneira
ZG-402,ZG,prefixo_alfabetico,2,2,"= POSTE SSE400 DJ STD =_x000D_
= FABRICAR APÓS VALIDAÇÃO DA OF260260 =",250x250x28,Cantoneira
ZG-501,ZG,prefixo_alfabetico,3,3,"= POSTE SSE400 DJ STD =_x000D_
= FABRICAR APÓS VALIDAÇÃO DA OF260260 =",250x250x35,Cantoneira
ZG-502,ZG,prefixo_alfabetico,3,3,"= POSTE SSE400 DJ STD =_x000D_
= FABRICAR APÓS VALIDAÇÃO DA OF260260 =",250x250x35,Cantoneira
ZG-601,ZG,prefixo_alfabetico,3,3,"= POSTE SSE400 DJ STD =_x000D_
= FABRICAR APÓS VALIDAÇÃO DA OF260260 =",250x250x35,Cantoneira
ZG-602,ZG,prefixo_alfabetico,3,3,"= POSTE SSE400 DJ STD =_x000D_
= FABRICAR APÓS VALIDAÇÃO DA OF260260 =",250x250x35,Cantoneira
ZG4001S1,ZG4001,letras_numero_letras_numero,1,1,"= MODIFICAÇÃO DE 14 BASES =_x000D_
= ALTERAÇÃO DO CLIENTE =",250x250x35,Cantoneira
ZG4001S2,ZG4001,letras_numero_letras_numero,1,1,"= MODIFICAÇÃO DE 14 BASES =_x000D_
= ALTERAÇÃO DO CLIENTE =",250x250x35,Cantoneira
ZG401,ZG,prefixo_alfabetico,1,1,= POSTE SSE400 DJ STD+3 = EP2605 =,250x250x28,Cantoneira
ZG402,ZG,prefixo_alfabetico,1,1,= POSTE SSE400 DJ STD+3 = EP2605 =,250x250x28,Cantoneira
